# Blender 4.4.1
# www.blender.org
mtllib Sheep.mtl
o Body
v 0.000000 0.831470 -0.888912
v 0.000000 0.555570 -1.330351
v 0.000000 0.195090 -1.569256
v 0.000000 0.000000 -1.600000
v 0.000000 -0.195090 -1.569256
v 0.000000 -0.555570 -1.330351
v 0.041866 0.980785 -0.306147
v 0.082124 0.923880 -0.600528
v 0.119225 0.831470 -0.871832
v 0.151745 0.707107 -1.109632
v 0.178433 0.555570 -1.304789
v 0.198264 0.382683 -1.449804
v 0.210476 0.195090 -1.539104
v 0.214599 0.000000 -1.569256
v 0.210476 -0.195090 -1.539104
v 0.198264 -0.382683 -1.449804
v 0.178433 -0.555570 -1.304789
v 0.151745 -0.707107 -1.109632
v 0.119225 -0.831470 -0.871832
v 0.082124 -0.923880 -0.600528
v 0.041866 -0.980785 -0.306147
v 0.082124 0.980785 -0.288384
v 0.161091 0.923880 -0.565685
v 0.233868 0.831470 -0.821248
v 0.297658 0.707107 -1.045250
v 0.350009 0.555570 -1.229084
v 0.388909 0.382683 -1.365685
v 0.412863 0.195090 -1.449804
v 0.420952 0.000000 -1.478207
v 0.412863 -0.195090 -1.449804
v 0.388909 -0.382683 -1.365685
v 0.350009 -0.555570 -1.229084
v 0.297658 -0.707107 -1.045250
v 0.233868 -0.831470 -0.821248
v 0.161091 -0.923880 -0.565685
v 0.082124 -0.980785 -0.288384
v 0.119225 0.980785 -0.259539
v 0.233868 0.923880 -0.509103
v 0.339524 0.831470 -0.739103
v 0.432132 0.707107 -0.940700
v 0.508134 0.555570 -1.106147
v 0.564608 0.382683 -1.229084
v 0.599385 0.195090 -1.304789
v 0.611127 0.000000 -1.330351
v 0.599385 -0.195090 -1.304789
v 0.564608 -0.382683 -1.229084
v 0.508134 -0.555570 -1.106147
v 0.432132 -0.707107 -0.940700
v 0.339524 -0.831470 -0.739103
v 0.233868 -0.923880 -0.509103
v 0.119225 -0.980785 -0.259539
v 0.151745 0.980785 -0.220719
v 0.297658 0.923880 -0.432957
v 0.432132 0.831470 -0.628556
v 0.550000 0.707107 -0.800000
v 0.646731 0.555570 -0.940700
v 0.718610 0.382683 -1.045250
v 0.762872 0.195090 -1.109632
v 0.777817 0.000000 -1.131371
v 0.762872 -0.195090 -1.109632
v 0.718610 -0.382683 -1.045250
v 0.646731 -0.555570 -0.940700
v 0.550000 -0.707107 -0.800000
v 0.432132 -0.831470 -0.628556
v 0.297658 -0.923880 -0.432957
v 0.151745 -0.980785 -0.220719
v 0.178433 0.980785 -0.173418
v 0.350009 0.923880 -0.340172
v 0.508134 0.831470 -0.493853
v 0.646732 0.707107 -0.628556
v 0.760476 0.555570 -0.739103
v 0.844995 0.382683 -0.821248
v 0.897042 0.195090 -0.871832
v 0.914617 0.000000 -0.888912
v 0.897042 -0.195090 -0.871832
v 0.844995 -0.382683 -0.821248
v 0.760476 -0.555570 -0.739103
v 0.646732 -0.707107 -0.628556
v 0.508134 -0.831470 -0.493853
v 0.350009 -0.923880 -0.340172
v 0.178433 -0.980785 -0.173418
v 0.000000 1.000000 0.321022
v 0.198264 0.980785 -0.119452
v 0.388909 0.923880 -0.234315
v 0.564608 0.831470 -0.340172
v 0.718610 0.707107 -0.432957
v 0.844995 0.555570 -0.509103
v 0.938909 0.382683 -0.565685
v 0.996740 0.195090 -0.600528
v 1.016267 0.000000 -0.612293
v 0.996740 -0.195090 -0.600528
v 0.938909 -0.382683 -0.565685
v 0.844995 -0.555570 -0.509103
v 0.718610 -0.707107 -0.432957
v 0.564608 -0.831470 -0.340172
v 0.388909 -0.923880 -0.234315
v 0.198264 -0.980785 -0.119452
v 0.210476 0.980785 -0.060896
v 0.412863 0.923880 -0.119452
v 0.599385 0.831470 -0.173418
v 0.762872 0.707107 -0.220720
v 0.897042 0.555570 -0.259539
v 0.996740 0.382683 -0.288384
v 1.058134 0.195090 -0.306147
v 1.078864 0.000000 -0.312144
v 1.058134 -0.195090 -0.306147
v 0.996740 -0.382683 -0.288384
v 0.897042 -0.555570 -0.259539
v 0.762872 -0.707107 -0.220720
v 0.599385 -0.831470 -0.173418
v 0.412863 -0.923880 -0.119452
v 0.210476 -0.980785 -0.060896
v 0.214599 0.980785 0.321022
v 0.420952 0.923879 0.321022
v 0.611127 0.831470 0.321022
v 0.777817 0.707107 0.321022
v 0.914616 0.555570 0.321022
v 1.016267 0.382683 0.321022
v 1.078864 0.195090 0.321022
v 1.100000 -0.000000 0.321022
v 1.078864 -0.195090 0.321022
v 1.016267 -0.382683 0.321022
v 0.914616 -0.555570 0.321022
v 0.777817 -0.707107 0.321022
v 0.611127 -0.831470 0.321022
v 0.420952 -0.923879 0.321022
v 0.214599 -0.980785 0.321022
v 0.210476 0.980785 0.362876
v 0.412863 0.923879 0.403122
v 0.599384 0.831470 0.440213
v 0.762872 0.707107 0.472723
v 0.897042 0.555570 0.499404
v 0.996740 0.382683 0.519229
v 1.058133 0.195090 0.531437
v 1.078863 -0.000000 0.535560
v 1.058133 -0.195090 0.531437
v 0.996740 -0.382683 0.519229
v 0.897042 -0.555570 0.499404
v 0.762872 -0.707107 0.472723
v 0.599384 -0.831470 0.440213
v 0.412863 -0.923879 0.403122
v 0.210476 -0.980785 0.362876
v 0.198264 0.980785 0.403122
v 0.388909 0.923879 0.482067
v 0.564608 0.831470 0.554823
v 0.718609 0.707107 0.618594
v 0.844995 0.555570 0.670930
v 0.938909 0.382683 0.709819
v 0.996740 0.195090 0.733767
v 1.016267 -0.000000 0.741853
v 0.996740 -0.195090 0.733767
v 0.938909 -0.382683 0.709819
v 0.844995 -0.555570 0.670930
v 0.718609 -0.707107 0.618594
v 0.564608 -0.831470 0.554823
v 0.388909 -0.923879 0.482067
v 0.198264 -0.980785 0.403122
v 0.178433 0.980785 0.440213
v 0.350009 0.923879 0.554823
v 0.508134 0.831470 0.660449
v 0.646731 0.707107 0.753030
v 0.760476 0.555570 0.829010
v 0.844995 0.382683 0.885468
v 0.897042 0.195090 0.920235
v 0.914616 -0.000000 0.931974
v 0.897042 -0.195090 0.920235
v 0.844995 -0.382683 0.885468
v 0.760476 -0.555570 0.829010
v 0.646731 -0.707107 0.753030
v 0.508134 -0.831470 0.660449
v 0.350009 -0.923879 0.554823
v 0.178433 -0.980785 0.440213
v 0.151745 0.980785 0.472723
v 0.297658 0.923879 0.618594
v 0.432132 0.831470 0.753030
v 0.550000 0.707107 0.870864
v 0.646731 0.555570 0.967568
v 0.718609 0.382683 1.039426
v 0.762872 0.195090 1.083675
v 0.777817 -0.000000 1.098617
v 0.762872 -0.195090 1.083675
v 0.718609 -0.382683 1.039426
v 0.646731 -0.555570 0.967568
v 0.550000 -0.707107 0.870864
v 0.432132 -0.831470 0.753030
v 0.297658 -0.923879 0.618594
v 0.151745 -0.980785 0.472723
v 0.119225 0.980785 0.499403
v 0.233868 0.923879 0.670930
v 0.339524 0.831470 0.829010
v 0.432132 0.707107 0.967568
v 0.508133 0.555570 1.081280
v 0.564608 0.382683 1.165775
v 0.599384 0.195090 1.217808
v 0.611127 -0.000000 1.235376
v 0.599384 -0.195090 1.217808
v 0.564608 -0.382683 1.165775
v 0.508133 -0.555570 1.081280
v 0.432132 -0.707107 0.967568
v 0.339524 -0.831470 0.829010
v 0.233868 -0.923879 0.670930
v 0.119225 -0.980785 0.499403
v 0.082124 0.980785 0.519229
v 0.161091 0.923879 0.709819
v 0.233868 0.831470 0.885468
v 0.297658 0.707107 1.039426
v 0.350008 0.555570 1.165775
v 0.388909 0.382683 1.259662
v 0.412863 0.195090 1.317477
v 0.420951 -0.000000 1.336998
v 0.412863 -0.195090 1.317477
v 0.388909 -0.382683 1.259662
v 0.350008 -0.555570 1.165775
v 0.297658 -0.707107 1.039426
v 0.233868 -0.831470 0.885468
v 0.161091 -0.923879 0.709819
v 0.082124 -0.980785 0.519229
v 0.041866 0.980785 0.531437
v 0.082124 0.923879 0.733767
v 0.119225 0.831470 0.920235
v 0.151745 0.707107 1.083675
v 0.178433 0.555570 1.217807
v 0.198264 0.382683 1.317477
v 0.210476 0.195090 1.378853
v 0.214599 -0.000000 1.399577
v 0.210476 -0.195090 1.378853
v 0.198264 -0.382683 1.317477
v 0.178433 -0.555570 1.217807
v 0.151745 -0.707107 1.083675
v 0.119225 -0.831470 0.920235
v 0.082124 -0.923879 0.733767
v 0.041866 -0.980785 0.531437
v -0.000000 0.980785 0.535559
v -0.000000 0.923879 0.741853
v -0.000000 0.831470 0.931974
v -0.000000 0.707107 1.098617
v -0.000000 0.555570 1.235376
v 0.000000 0.382683 1.336998
v -0.000000 0.195090 1.399577
v -0.000000 -0.000000 1.420707
v -0.000000 -0.195090 1.399577
v 0.000000 -0.382683 1.336998
v -0.000000 -0.555570 1.235376
v -0.000000 -0.707107 1.098617
v -0.000000 -0.831470 0.931974
v -0.000000 -0.923879 0.741853
v -0.000000 -0.980785 0.535559
v -0.041866 0.980785 0.531437
v -0.082124 0.923879 0.733767
v -0.119225 0.831470 0.920235
v -0.151745 0.707107 1.083675
v -0.178433 0.555570 1.217807
v -0.198264 0.382683 1.317477
v -0.210476 0.195090 1.378852
v -0.214600 -0.000000 1.399576
v -0.210476 -0.195090 1.378852
v -0.198264 -0.382683 1.317477
v -0.178433 -0.555570 1.217807
v -0.151745 -0.707107 1.083675
v -0.119225 -0.831470 0.920235
v -0.082124 -0.923879 0.733767
v -0.041866 -0.980785 0.531437
v -0.082124 0.980785 0.519229
v -0.161091 0.923879 0.709819
v -0.233868 0.831470 0.885468
v -0.297658 0.707107 1.039426
v -0.350009 0.555570 1.165775
v -0.388909 0.382683 1.259662
v -0.412863 0.195090 1.317477
v -0.420952 -0.000000 1.336998
v -0.412863 -0.195090 1.317477
v -0.388909 -0.382683 1.259662
v -0.350009 -0.555570 1.165775
v -0.297658 -0.707107 1.039426
v -0.233868 -0.831470 0.885468
v -0.161091 -0.923879 0.709819
v -0.082124 -0.980785 0.519229
v -0.119225 0.980785 0.499403
v -0.233868 0.923879 0.670930
v -0.339524 0.831470 0.829010
v -0.432132 0.707107 0.967568
v -0.508134 0.555570 1.081280
v -0.564608 0.382683 1.165775
v -0.599384 0.195090 1.217807
v -0.611127 -0.000000 1.235376
v -0.599384 -0.195090 1.217807
v -0.564608 -0.382683 1.165775
v -0.508134 -0.555570 1.081280
v -0.432132 -0.707107 0.967568
v -0.339524 -0.831470 0.829010
v -0.233868 -0.923879 0.670930
v -0.119225 -0.980785 0.499403
v -0.151745 0.980785 0.472723
v -0.297658 0.923879 0.618594
v -0.432132 0.831470 0.753030
v -0.550000 0.707107 0.870864
v -0.646731 0.555570 0.967568
v -0.718609 0.382683 1.039426
v -0.762872 0.195090 1.083675
v -0.777817 -0.000000 1.098616
v -0.762872 -0.195090 1.083675
v -0.718609 -0.382683 1.039426
v -0.646731 -0.555570 0.967568
v -0.550000 -0.707107 0.870864
v -0.432132 -0.831470 0.753030
v -0.297658 -0.923879 0.618594
v -0.151745 -0.980785 0.472723
v 0.000000 -1.000000 0.321022
v -0.178433 0.980785 0.440212
v -0.350008 0.923879 0.554823
v -0.508133 0.831470 0.660448
v -0.646731 0.707107 0.753030
v -0.760476 0.555570 0.829010
v -0.844995 0.382683 0.885468
v -0.897042 0.195090 0.920235
v -0.914616 -0.000000 0.931973
v -0.897042 -0.195090 0.920235
v -0.844995 -0.382683 0.885468
v -0.760476 -0.555570 0.829010
v -0.646731 -0.707107 0.753030
v -0.508133 -0.831470 0.660448
v -0.350008 -0.923879 0.554823
v -0.178433 -0.980785 0.440212
v -0.198264 0.980785 0.403122
v -0.388909 0.923879 0.482067
v -0.564608 0.831470 0.554823
v -0.718609 0.707107 0.618594
v -0.844995 0.555570 0.670930
v -0.938908 0.382683 0.709819
v -0.996740 0.195090 0.733766
v -1.016267 -0.000000 0.741852
v -0.996740 -0.195090 0.733766
v -0.938908 -0.382683 0.709819
v -0.844995 -0.555570 0.670930
v -0.718609 -0.707107 0.618594
v -0.564608 -0.831470 0.554823
v -0.388909 -0.923879 0.482067
v -0.198264 -0.980785 0.403122
v -0.210476 0.980785 0.362876
v -0.412863 0.923879 0.403122
v -0.599384 0.831470 0.440212
v -0.762872 0.707107 0.472723
v -0.897042 0.555570 0.499403
v -0.996740 0.382683 0.519229
v -1.058133 0.195090 0.531437
v -1.078863 -0.000000 0.535559
v -1.058133 -0.195090 0.531437
v -0.996740 -0.382683 0.519229
v -0.897042 -0.555570 0.499403
v -0.762872 -0.707107 0.472723
v -0.599384 -0.831470 0.440212
v -0.412863 -0.923879 0.403122
v -0.210476 -0.980785 0.362876
v -0.214599 0.980785 0.321022
v -0.420952 0.923879 0.321022
v -0.611127 0.831470 0.321021
v -0.777817 0.707107 0.321022
v -0.914616 0.555570 0.321021
v -1.016267 0.382683 0.321022
v -1.078863 0.195090 0.321021
v -1.099999 -0.000000 0.321021
v -1.078863 -0.195090 0.321021
v -1.016267 -0.382683 0.321022
v -0.914616 -0.555570 0.321021
v -0.777817 -0.707107 0.321022
v -0.611127 -0.831470 0.321021
v -0.420952 -0.923879 0.321022
v -0.214599 -0.980785 0.321022
v -0.210476 0.980785 -0.060896
v -0.412863 0.923880 -0.119453
v -0.599384 0.831470 -0.173418
v -0.762872 0.707107 -0.220720
v -0.897042 0.555570 -0.259539
v -0.996740 0.382683 -0.288384
v -1.058133 0.195090 -0.306147
v -1.078863 0.000000 -0.312145
v -1.058133 -0.195090 -0.306147
v -0.996740 -0.382683 -0.288384
v -0.897042 -0.555570 -0.259539
v -0.762872 -0.707107 -0.220720
v -0.599384 -0.831470 -0.173418
v -0.412863 -0.923880 -0.119453
v -0.210476 -0.980785 -0.060896
v -0.198264 0.980785 -0.119452
v -0.388909 0.923880 -0.234315
v -0.564607 0.831470 -0.340172
v -0.718609 0.707107 -0.432957
v -0.844995 0.555570 -0.509103
v -0.938908 0.382683 -0.565685
v -0.996740 0.195090 -0.600529
v -1.016266 0.000000 -0.612294
v -0.996740 -0.195090 -0.600529
v -0.938908 -0.382683 -0.565685
v -0.844995 -0.555570 -0.509103
v -0.718609 -0.707107 -0.432957
v -0.564607 -0.831470 -0.340172
v -0.388909 -0.923880 -0.234315
v -0.198264 -0.980785 -0.119452
v -0.178433 0.980785 -0.173418
v -0.350008 0.923880 -0.340172
v -0.508133 0.831470 -0.493853
v -0.646731 0.707107 -0.628556
v -0.760475 0.555570 -0.739103
v -0.844995 0.382683 -0.821248
v -0.897042 0.195090 -0.871832
v -0.914615 0.000000 -0.888912
v -0.897042 -0.195090 -0.871832
v -0.844995 -0.382683 -0.821248
v -0.760475 -0.555570 -0.739103
v -0.646731 -0.707107 -0.628556
v -0.508133 -0.831470 -0.493853
v -0.350008 -0.923880 -0.340172
v -0.178433 -0.980785 -0.173418
v -0.151744 0.980785 -0.220719
v -0.297658 0.923880 -0.432957
v -0.432132 0.831470 -0.628556
v -0.550000 0.707107 -0.800000
v -0.646731 0.555570 -0.940700
v -0.718609 0.382683 -1.045250
v -0.762871 0.195090 -1.109632
v -0.777816 0.000000 -1.131370
v -0.762871 -0.195090 -1.109632
v -0.718609 -0.382683 -1.045250
v -0.646731 -0.555570 -0.940700
v -0.550000 -0.707107 -0.800000
v -0.432132 -0.831470 -0.628556
v -0.297658 -0.923880 -0.432957
v -0.151744 -0.980785 -0.220719
v -0.119225 0.980785 -0.259538
v -0.233868 0.923880 -0.509103
v -0.339524 0.831470 -0.739103
v -0.432132 0.707107 -0.940700
v -0.508133 0.555570 -1.106146
v -0.564608 0.382683 -1.229084
v -0.599384 0.195090 -1.304788
v -0.611126 0.000000 -1.330350
v -0.599384 -0.195090 -1.304788
v -0.564608 -0.382683 -1.229084
v -0.508133 -0.555570 -1.106146
v -0.432132 -0.707107 -0.940700
v -0.339524 -0.831470 -0.739103
v -0.233868 -0.923880 -0.509103
v -0.119225 -0.980785 -0.259538
v -0.082124 0.980785 -0.288384
v -0.161091 0.923880 -0.565685
v -0.233868 0.831470 -0.821247
v -0.297658 0.707107 -1.045250
v -0.350008 0.555570 -1.229084
v -0.388909 0.382683 -1.365685
v -0.412863 0.195090 -1.449803
v -0.420951 0.000000 -1.478206
v -0.412863 -0.195090 -1.449803
v -0.388909 -0.382683 -1.365685
v -0.350008 -0.555570 -1.229084
v -0.297658 -0.707107 -1.045250
v -0.233868 -0.831470 -0.821247
v -0.161091 -0.923880 -0.565685
v -0.082124 -0.980785 -0.288384
v -0.041866 0.980785 -0.306146
v -0.082124 0.923880 -0.600528
v -0.119225 0.831470 -0.871831
v -0.151745 0.707107 -1.109632
v -0.178432 0.555570 -1.304788
v -0.198264 0.382683 -1.449803
v -0.210475 0.195090 -1.539103
v -0.214599 0.000000 -1.569255
v -0.210475 -0.195090 -1.539103
v -0.198264 -0.382683 -1.449803
v -0.178432 -0.555570 -1.304788
v -0.151745 -0.707107 -1.109632
v -0.119225 -0.831470 -0.871831
v -0.082124 -0.923880 -0.600528
v -0.041866 -0.980785 -0.306146
v 0.000000 0.980785 -0.312144
v 0.000000 0.923880 -0.612293
v 0.000000 0.707107 -1.131371
v 0.000000 0.382683 -1.478207
v 0.000000 -0.382683 -1.478207
v 0.000000 -0.707107 -1.131371
v 0.000000 -0.831470 -0.888911
v 0.000000 -0.923880 -0.612293
v 0.000000 -0.980785 -0.312144
vn -0.0000 0.9213 -0.3890
vn -0.0000 0.7278 -0.6858
vn -0.0000 0.3016 -0.9534
vn -0.0000 -0.0000 -1.0000
vn -0.0000 -0.3016 -0.9534
vn -0.0000 -0.7278 -0.6858
vn 0.0318 0.9934 -0.1104
vn 0.0721 0.9658 -0.2491
vn 0.1100 0.9183 -0.3803
vn 0.1504 0.8409 -0.5199
vn 0.1927 0.7207 -0.6660
vn 0.2336 0.5419 -0.8073
vn 0.2655 0.2959 -0.9176
vn 0.2779 -0.0000 -0.9606
vn 0.2655 -0.2959 -0.9176
vn 0.2336 -0.5419 -0.8073
vn 0.1927 -0.7207 -0.6660
vn 0.1504 -0.8409 -0.5199
vn 0.1100 -0.9183 -0.3803
vn 0.0721 -0.9658 -0.2491
vn 0.0318 -0.9934 -0.1104
vn 0.0626 0.9926 -0.1043
vn 0.1408 0.9620 -0.2338
vn 0.2139 0.9101 -0.3550
vn 0.2902 0.8269 -0.4816
vn 0.3679 0.7014 -0.6106
vn 0.4405 0.5210 -0.7311
vn 0.4952 0.2814 -0.8219
vn 0.5161 -0.0000 -0.8565
vn 0.4952 -0.2814 -0.8219
vn 0.4405 -0.5210 -0.7311
vn 0.3679 -0.7014 -0.6106
vn 0.2902 -0.8269 -0.4816
vn 0.2139 -0.9101 -0.3550
vn 0.1408 -0.9620 -0.2338
vn 0.0626 -0.9926 -0.1043
vn 0.0913 0.9913 -0.0945
vn 0.2033 0.9565 -0.2092
vn 0.3064 0.8982 -0.3153
vn 0.4113 0.8073 -0.4232
vn 0.5141 0.6752 -0.5290
vn 0.6061 0.4938 -0.6236
vn 0.6724 0.2632 -0.6918
vn 0.6970 -0.0000 -0.7171
vn 0.6724 -0.2632 -0.6918
vn 0.6061 -0.4938 -0.6236
vn 0.5141 -0.6752 -0.5290
vn 0.4113 -0.8073 -0.4232
vn 0.3064 -0.8982 -0.3153
vn 0.2033 -0.9565 -0.2092
vn 0.0913 -0.9913 -0.0945
vn 0.1172 0.9898 -0.0811
vn 0.2570 0.9501 -0.1767
vn 0.3842 0.8847 -0.2641
vn 0.5096 0.7859 -0.3503
vn 0.6278 0.6478 -0.4316
vn 0.7289 0.4666 -0.5011
vn 0.7988 0.2456 -0.5492
vn 0.8240 -0.0000 -0.5665
vn 0.7988 -0.2456 -0.5492
vn 0.7289 -0.4666 -0.5011
vn 0.6278 -0.6478 -0.4316
vn 0.5096 -0.7859 -0.3503
vn 0.3842 -0.8847 -0.2641
vn 0.2570 -0.9501 -0.1767
vn 0.1172 -0.9898 -0.0811
vn 0.1395 0.9881 -0.0647
vn 0.3002 0.9438 -0.1379
vn 0.4452 0.8718 -0.2045
vn 0.5841 0.7661 -0.2683
vn 0.7105 0.6235 -0.3264
vn 0.8145 0.4434 -0.3742
vn 0.8841 0.2312 -0.4061
vn 0.9087 -0.0000 -0.4174
vn 0.8841 -0.2312 -0.4061
vn 0.8145 -0.4434 -0.3742
vn 0.7105 -0.6235 -0.3264
vn 0.5841 -0.7661 -0.2683
vn 0.4452 -0.8718 -0.2045
vn 0.3002 -0.9438 -0.1379
vn 0.1395 -0.9881 -0.0647
vn -0.0000 0.9997 0.0263
vn 0.1578 0.9864 -0.0457
vn 0.3318 0.9386 -0.0945
vn 0.4887 0.8613 -0.1392
vn 0.6357 0.7504 -0.1810
vn 0.7659 0.6049 -0.2181
vn 0.8700 0.4263 -0.2478
vn 0.9380 0.2208 -0.2671
vn 0.9618 -0.0000 -0.2739
vn 0.9380 -0.2208 -0.2671
vn 0.8700 -0.4263 -0.2478
vn 0.7659 -0.6049 -0.2181
vn 0.6357 -0.7504 -0.1810
vn 0.4887 -0.8613 -0.1392
vn 0.3318 -0.9386 -0.0945
vn 0.1578 -0.9864 -0.0457
vn 0.1756 0.9843 -0.0202
vn 0.3539 0.9344 -0.0394
vn 0.5176 0.8536 -0.0591
vn 0.6687 0.7395 -0.0776
vn 0.8001 0.5924 -0.0940
vn 0.9034 0.4152 -0.1070
vn 0.9700 0.2142 -0.1154
vn 0.9930 -0.0000 -0.1183
vn 0.9700 -0.2142 -0.1154
vn 0.9034 -0.4152 -0.1070
vn 0.8001 -0.5924 -0.0940
vn 0.6687 -0.7395 -0.0776
vn 0.5176 -0.8536 -0.0591
vn 0.3539 -0.9344 -0.0394
vn 0.1756 -0.9843 -0.0202
vn 0.1828 0.9831 0.0079
vn 0.3576 0.9337 0.0143
vn 0.5240 0.8515 0.0195
vn 0.6764 0.7361 0.0238
vn 0.8081 0.5883 0.0273
vn 0.9110 0.4114 0.0300
vn 0.9768 0.2119 0.0316
vn 0.9995 -0.0000 0.0321
vn 0.9768 -0.2119 0.0316
vn 0.9110 -0.4114 0.0300
vn 0.8081 -0.5883 0.0273
vn 0.6764 -0.7361 0.0238
vn 0.5240 -0.8515 0.0195
vn 0.3576 -0.9337 0.0143
vn 0.1828 -0.9831 0.0079
vn 0.1817 0.9827 0.0369
vn 0.3521 0.9333 0.0705
vn 0.5146 0.8513 0.1023
vn 0.6640 0.7361 0.1314
vn 0.7932 0.5886 0.1563
vn 0.8942 0.4117 0.1757
vn 0.9590 0.2121 0.1881
vn 0.9813 -0.0000 0.1924
vn 0.9590 -0.2121 0.1881
vn 0.8942 -0.4117 0.1757
vn 0.7932 -0.5886 0.1563
vn 0.6640 -0.7361 0.1314
vn 0.5146 -0.8513 0.1023
vn 0.3521 -0.9333 0.0705
vn 0.1817 -0.9827 0.0369
vn 0.1698 0.9829 0.0718
vn 0.3304 0.9337 0.1377
vn 0.4837 0.8520 0.2003
vn 0.6249 0.7371 0.2575
vn 0.7472 0.5896 0.3068
vn 0.8429 0.4126 0.3453
vn 0.9044 0.2126 0.3699
vn 0.9256 -0.0000 0.3784
vn 0.9044 -0.2126 0.3699
vn 0.8429 -0.4126 0.3453
vn 0.7472 -0.5896 0.3068
vn 0.6249 -0.7371 0.2575
vn 0.4837 -0.8520 0.2003
vn 0.3304 -0.9337 0.1377
vn 0.1698 -0.9829 0.0718
vn 0.1514 0.9831 0.1031
vn 0.2959 0.9343 0.1989
vn 0.4343 0.8528 0.2899
vn 0.5618 0.7382 0.3735
vn 0.6726 0.5907 0.4457
vn 0.7594 0.4135 0.5023
vn 0.8152 0.2132 0.5386
vn 0.8344 -0.0000 0.5511
vn 0.8152 -0.2132 0.5386
vn 0.7594 -0.4135 0.5023
vn 0.6726 -0.5907 0.4457
vn 0.5618 -0.7382 0.3735
vn 0.4343 -0.8528 0.2899
vn 0.2959 -0.9343 0.1989
vn 0.1514 -0.9831 0.1031
vn 0.1275 0.9833 0.1299
vn 0.2505 0.9348 0.2518
vn 0.3685 0.8536 0.3681
vn 0.4775 0.7391 0.4751
vn 0.5722 0.5917 0.5679
vn 0.6465 0.4143 0.6406
vn 0.6942 0.2136 0.6873
vn 0.7107 -0.0000 0.7035
vn 0.6942 -0.2136 0.6873
vn 0.6465 -0.4143 0.6406
vn 0.5722 -0.5917 0.5679
vn 0.4775 -0.7391 0.4751
vn 0.3685 -0.8536 0.3681
vn 0.2505 -0.9348 0.2518
vn 0.1275 -0.9833 0.1299
vn 0.0993 0.9835 0.1514
vn 0.1961 0.9352 0.2949
vn 0.2891 0.8542 0.4321
vn 0.3751 0.7398 0.5586
vn 0.4499 0.5923 0.6684
vn 0.5085 0.4148 0.7546
vn 0.5461 0.2139 0.8099
vn 0.5591 -0.0000 0.8291
vn 0.5461 -0.2139 0.8099
vn 0.5085 -0.4148 0.7546
vn 0.4499 -0.5923 0.6684
vn 0.3751 -0.7398 0.5586
vn 0.2891 -0.8542 0.4321
vn 0.1961 -0.9352 0.2949
vn 0.0993 -0.9835 0.1514
vn 0.0679 0.9836 0.1671
vn 0.1347 0.9355 0.3267
vn 0.1990 0.8546 0.4796
vn 0.2584 0.7402 0.6207
vn 0.3100 0.5927 0.7433
vn 0.3505 0.4151 0.8395
vn 0.3765 0.2140 0.9014
vn 0.3855 -0.0000 0.9227
vn 0.3765 -0.2140 0.9014
vn 0.3505 -0.4151 0.8395
vn 0.3100 -0.5927 0.7433
vn 0.2584 -0.7402 0.6207
vn 0.1990 -0.8546 0.4796
vn 0.1347 -0.9355 0.3267
vn 0.0679 -0.9836 0.1671
vn 0.0345 0.9837 0.1767
vn 0.0686 0.9356 0.3462
vn 0.1014 0.8549 0.5088
vn 0.1318 0.7405 0.6590
vn 0.1581 0.5929 0.7896
vn 0.1788 0.4153 0.8920
vn 0.1920 0.2141 0.9577
vn 0.1966 -0.0000 0.9805
vn 0.1920 -0.2141 0.9577
vn 0.1788 -0.4153 0.8920
vn 0.1581 -0.5929 0.7896
vn 0.1318 -0.7405 0.6590
vn 0.1014 -0.8549 0.5088
vn 0.0686 -0.9356 0.3462
vn 0.0345 -0.9837 0.1767
vn -0.0000 0.9837 0.1799
vn -0.0000 0.9357 0.3528
vn -0.0000 0.8549 0.5187
vn -0.0000 0.7406 0.6720
vn -0.0000 0.5930 0.8052
vn -0.0000 0.4153 0.9097
vn -0.0000 0.2141 0.9768
vn -0.0000 -0.0000 1.0000
vn -0.0000 -0.2141 0.9768
vn -0.0000 -0.4153 0.9097
vn -0.0000 -0.5930 0.8052
vn -0.0000 -0.7406 0.6720
vn -0.0000 -0.8549 0.5187
vn -0.0000 -0.9357 0.3528
vn -0.0000 -0.9837 0.1799
vn -0.0345 0.9837 0.1767
vn -0.0686 0.9356 0.3462
vn -0.1014 0.8549 0.5088
vn -0.1318 0.7405 0.6590
vn -0.1581 0.5929 0.7896
vn -0.1788 0.4153 0.8920
vn -0.1920 0.2141 0.9577
vn -0.1966 -0.0000 0.9805
vn -0.1920 -0.2141 0.9577
vn -0.1788 -0.4153 0.8920
vn -0.1581 -0.5929 0.7896
vn -0.1318 -0.7405 0.6590
vn -0.1014 -0.8549 0.5088
vn -0.0686 -0.9356 0.3462
vn -0.0345 -0.9837 0.1767
vn -0.0679 0.9836 0.1671
vn -0.1347 0.9355 0.3267
vn -0.1990 0.8546 0.4796
vn -0.2584 0.7402 0.6207
vn -0.3100 0.5927 0.7433
vn -0.3505 0.4151 0.8395
vn -0.3765 0.2140 0.9014
vn -0.3855 -0.0000 0.9227
vn -0.3765 -0.2140 0.9014
vn -0.3505 -0.4151 0.8395
vn -0.3100 -0.5927 0.7433
vn -0.2584 -0.7402 0.6207
vn -0.1990 -0.8546 0.4796
vn -0.1347 -0.9355 0.3267
vn -0.0679 -0.9836 0.1671
vn -0.0993 0.9835 0.1514
vn -0.1961 0.9352 0.2949
vn -0.2891 0.8542 0.4321
vn -0.3751 0.7398 0.5586
vn -0.4499 0.5923 0.6684
vn -0.5085 0.4148 0.7546
vn -0.5461 0.2139 0.8099
vn -0.5591 -0.0000 0.8291
vn -0.5461 -0.2139 0.8099
vn -0.5085 -0.4148 0.7546
vn -0.4499 -0.5923 0.6684
vn -0.3751 -0.7398 0.5586
vn -0.2891 -0.8542 0.4321
vn -0.1961 -0.9352 0.2949
vn -0.0993 -0.9835 0.1514
vn -0.1275 0.9833 0.1299
vn -0.2505 0.9348 0.2518
vn -0.3685 0.8536 0.3681
vn -0.4775 0.7391 0.4751
vn -0.5722 0.5917 0.5679
vn -0.6465 0.4143 0.6406
vn -0.6942 0.2136 0.6873
vn -0.7107 -0.0000 0.7035
vn -0.6942 -0.2136 0.6873
vn -0.6465 -0.4143 0.6406
vn -0.5722 -0.5917 0.5679
vn -0.4775 -0.7391 0.4751
vn -0.3685 -0.8536 0.3681
vn -0.2505 -0.9348 0.2518
vn -0.1275 -0.9833 0.1299
vn -0.0000 -0.9997 0.0263
vn -0.1514 0.9831 0.1031
vn -0.2959 0.9343 0.1989
vn -0.4343 0.8528 0.2899
vn -0.5618 0.7382 0.3735
vn -0.6726 0.5907 0.4457
vn -0.7594 0.4135 0.5023
vn -0.8152 0.2132 0.5386
vn -0.8344 -0.0000 0.5511
vn -0.8152 -0.2132 0.5386
vn -0.7594 -0.4135 0.5023
vn -0.6726 -0.5907 0.4457
vn -0.5618 -0.7382 0.3735
vn -0.4343 -0.8528 0.2899
vn -0.2959 -0.9343 0.1989
vn -0.1514 -0.9831 0.1031
vn -0.1698 0.9829 0.0718
vn -0.3304 0.9337 0.1377
vn -0.4837 0.8520 0.2003
vn -0.6249 0.7371 0.2575
vn -0.7472 0.5896 0.3068
vn -0.8429 0.4126 0.3453
vn -0.9044 0.2126 0.3699
vn -0.9256 -0.0000 0.3784
vn -0.9044 -0.2126 0.3699
vn -0.8429 -0.4126 0.3453
vn -0.7472 -0.5896 0.3068
vn -0.6249 -0.7371 0.2575
vn -0.4837 -0.8520 0.2003
vn -0.3304 -0.9337 0.1377
vn -0.1698 -0.9829 0.0718
vn -0.1817 0.9827 0.0369
vn -0.3521 0.9333 0.0705
vn -0.5146 0.8513 0.1023
vn -0.6640 0.7361 0.1314
vn -0.7932 0.5886 0.1563
vn -0.8942 0.4117 0.1757
vn -0.9590 0.2121 0.1881
vn -0.9813 -0.0000 0.1924
vn -0.9590 -0.2121 0.1881
vn -0.8942 -0.4117 0.1757
vn -0.7932 -0.5886 0.1563
vn -0.6640 -0.7361 0.1314
vn -0.5146 -0.8513 0.1023
vn -0.3521 -0.9333 0.0705
vn -0.1817 -0.9827 0.0369
vn -0.1828 0.9831 0.0079
vn -0.3576 0.9337 0.0143
vn -0.5240 0.8515 0.0195
vn -0.6764 0.7361 0.0238
vn -0.8081 0.5883 0.0273
vn -0.9110 0.4114 0.0300
vn -0.9768 0.2119 0.0316
vn -0.9995 -0.0000 0.0321
vn -0.9768 -0.2119 0.0316
vn -0.9110 -0.4114 0.0300
vn -0.8081 -0.5883 0.0273
vn -0.6764 -0.7361 0.0238
vn -0.5240 -0.8515 0.0195
vn -0.3576 -0.9337 0.0143
vn -0.1828 -0.9831 0.0079
vn -0.1756 0.9843 -0.0202
vn -0.3539 0.9344 -0.0394
vn -0.5176 0.8536 -0.0591
vn -0.6687 0.7395 -0.0776
vn -0.8001 0.5924 -0.0940
vn -0.9034 0.4152 -0.1070
vn -0.9700 0.2142 -0.1154
vn -0.9930 -0.0000 -0.1183
vn -0.9700 -0.2142 -0.1154
vn -0.9034 -0.4152 -0.1070
vn -0.8001 -0.5924 -0.0940
vn -0.6687 -0.7395 -0.0776
vn -0.5176 -0.8536 -0.0591
vn -0.3539 -0.9344 -0.0394
vn -0.1756 -0.9843 -0.0202
vn -0.1578 0.9864 -0.0457
vn -0.3318 0.9386 -0.0945
vn -0.4887 0.8613 -0.1392
vn -0.6357 0.7504 -0.1810
vn -0.7659 0.6049 -0.2181
vn -0.8700 0.4263 -0.2478
vn -0.9380 0.2208 -0.2671
vn -0.9618 -0.0000 -0.2739
vn -0.9380 -0.2208 -0.2671
vn -0.8700 -0.4263 -0.2478
vn -0.7659 -0.6049 -0.2181
vn -0.6357 -0.7504 -0.1810
vn -0.4887 -0.8613 -0.1392
vn -0.3318 -0.9386 -0.0945
vn -0.1578 -0.9864 -0.0457
vn -0.1395 0.9881 -0.0647
vn -0.3002 0.9438 -0.1379
vn -0.4452 0.8718 -0.2045
vn -0.5841 0.7661 -0.2683
vn -0.7105 0.6235 -0.3264
vn -0.8145 0.4434 -0.3742
vn -0.8841 0.2312 -0.4061
vn -0.9087 -0.0000 -0.4174
vn -0.8841 -0.2312 -0.4061
vn -0.8145 -0.4434 -0.3742
vn -0.7105 -0.6235 -0.3264
vn -0.5841 -0.7661 -0.2683
vn -0.4452 -0.8718 -0.2045
vn -0.3002 -0.9438 -0.1379
vn -0.1395 -0.9881 -0.0647
vn -0.1172 0.9898 -0.0811
vn -0.2570 0.9501 -0.1767
vn -0.3842 0.8847 -0.2641
vn -0.5096 0.7859 -0.3503
vn -0.6278 0.6478 -0.4316
vn -0.7289 0.4666 -0.5011
vn -0.7988 0.2456 -0.5492
vn -0.8240 -0.0000 -0.5665
vn -0.7988 -0.2456 -0.5492
vn -0.7289 -0.4666 -0.5011
vn -0.6278 -0.6478 -0.4316
vn -0.5096 -0.7859 -0.3503
vn -0.3842 -0.8847 -0.2641
vn -0.2570 -0.9501 -0.1767
vn -0.1172 -0.9898 -0.0811
vn -0.0913 0.9913 -0.0945
vn -0.2033 0.9565 -0.2092
vn -0.3064 0.8982 -0.3153
vn -0.4113 0.8073 -0.4232
vn -0.5141 0.6752 -0.5290
vn -0.6061 0.4938 -0.6236
vn -0.6724 0.2632 -0.6918
vn -0.6970 -0.0000 -0.7171
vn -0.6724 -0.2632 -0.6918
vn -0.6061 -0.4938 -0.6236
vn -0.5141 -0.6752 -0.5290
vn -0.4113 -0.8073 -0.4232
vn -0.3064 -0.8982 -0.3153
vn -0.2033 -0.9565 -0.2092
vn -0.0913 -0.9913 -0.0945
vn -0.0626 0.9926 -0.1043
vn -0.1408 0.9620 -0.2338
vn -0.2139 0.9101 -0.3550
vn -0.2902 0.8269 -0.4816
vn -0.3679 0.7014 -0.6106
vn -0.4405 0.5210 -0.7311
vn -0.4952 0.2814 -0.8219
vn -0.5161 -0.0000 -0.8566
vn -0.4952 -0.2814 -0.8219
vn -0.4405 -0.5210 -0.7311
vn -0.3679 -0.7014 -0.6106
vn -0.2902 -0.8269 -0.4816
vn -0.2139 -0.9101 -0.3550
vn -0.1408 -0.9620 -0.2338
vn -0.0626 -0.9926 -0.1043
vn -0.0318 0.9934 -0.1104
vn -0.0721 0.9658 -0.2491
vn -0.1100 0.9183 -0.3803
vn -0.1504 0.8409 -0.5199
vn -0.1927 0.7207 -0.6660
vn -0.2336 0.5419 -0.8073
vn -0.2655 0.2959 -0.9176
vn -0.2779 -0.0000 -0.9606
vn -0.2655 -0.2959 -0.9176
vn -0.2336 -0.5419 -0.8073
vn -0.1927 -0.7207 -0.6660
vn -0.1504 -0.8409 -0.5199
vn -0.1100 -0.9183 -0.3803
vn -0.0721 -0.9658 -0.2491
vn -0.0318 -0.9934 -0.1104
vn -0.0000 0.9937 -0.1124
vn -0.0000 0.9671 -0.2544
vn -0.0000 0.8459 -0.5333
vn -0.0000 0.5499 -0.8352
vn -0.0000 -0.5499 -0.8352
vn -0.0000 -0.8459 -0.5333
vn -0.0000 -0.9213 -0.3890
vn -0.0000 -0.9671 -0.2544
vn -0.0000 -0.9937 -0.1124
vt 0.750000 0.750000
vt 0.750000 0.812500
vt 0.718750 0.812500
vt 0.718750 0.750000
vt 0.750000 0.250000
vt 0.750000 0.312500
vt 0.718750 0.312500
vt 0.718750 0.250000
vt 0.750000 0.687500
vt 0.718750 0.687500
vt 0.750000 0.187500
vt 0.718750 0.187500
vt 0.750000 0.625000
vt 0.718750 0.625000
vt 0.750000 0.125000
vt 0.718750 0.125000
vt 0.750000 0.562500
vt 0.718750 0.562500
vt 0.750000 0.062500
vt 0.718750 0.062500
vt 0.750000 0.500000
vt 0.718750 0.500000
vt 0.750000 0.937500
vt 0.734375 1.000000
vt 0.718750 0.937500
vt 0.734375 0.000000
vt 0.750000 0.437500
vt 0.718750 0.437500
vt 0.750000 0.875000
vt 0.718750 0.875000
vt 0.750000 0.375000
vt 0.718750 0.375000
vt 0.687500 0.437500
vt 0.687500 0.375000
vt 0.687500 0.875000
vt 0.687500 0.812500
vt 0.687500 0.312500
vt 0.687500 0.750000
vt 0.687500 0.250000
vt 0.687500 0.687500
vt 0.687500 0.187500
vt 0.687500 0.625000
vt 0.687500 0.125000
vt 0.687500 0.562500
vt 0.687500 0.062500
vt 0.687500 0.500000
vt 0.703125 1.000000
vt 0.687500 0.937500
vt 0.703125 0.000000
vt 0.656250 0.187500
vt 0.656250 0.125000
vt 0.656250 0.625000
vt 0.656250 0.562500
vt 0.656250 0.062500
vt 0.656250 0.500000
vt 0.671875 1.000000
vt 0.656250 0.937500
vt 0.671875 0.000000
vt 0.656250 0.437500
vt 0.656250 0.875000
vt 0.656250 0.375000
vt 0.656250 0.812500
vt 0.656250 0.312500
vt 0.656250 0.750000
vt 0.656250 0.250000
vt 0.656250 0.687500
vt 0.625000 0.375000
vt 0.625000 0.312500
vt 0.625000 0.812500
vt 0.625000 0.750000
vt 0.625000 0.250000
vt 0.625000 0.687500
vt 0.625000 0.187500
vt 0.625000 0.625000
vt 0.625000 0.125000
vt 0.625000 0.562500
vt 0.625000 0.062500
vt 0.625000 0.500000
vt 0.640625 1.000000
vt 0.625000 0.937500
vt 0.640625 0.000000
vt 0.625000 0.437500
vt 0.625000 0.875000
vt 0.593750 0.125000
vt 0.593750 0.062500
vt 0.593750 0.562500
vt 0.593750 0.500000
vt 0.609375 1.000000
vt 0.593750 0.937500
vt 0.609375 0.000000
vt 0.593750 0.437500
vt 0.593750 0.875000
vt 0.593750 0.375000
vt 0.593750 0.812500
vt 0.593750 0.312500
vt 0.593750 0.750000
vt 0.593750 0.250000
vt 0.593750 0.687500
vt 0.593750 0.187500
vt 0.593750 0.625000
vt 0.562500 0.812500
vt 0.562500 0.750000
vt 0.562500 0.312500
vt 0.562500 0.250000
vt 0.562500 0.687500
vt 0.562500 0.187500
vt 0.562500 0.625000
vt 0.562500 0.125000
vt 0.562500 0.562500
vt 0.562500 0.062500
vt 0.562500 0.500000
vt 0.578125 1.000000
vt 0.562500 0.937500
vt 0.578125 0.000000
vt 0.562500 0.437500
vt 0.562500 0.875000
vt 0.562500 0.375000
vt 0.531250 0.562500
vt 0.531250 0.500000
vt 0.546875 1.000000
vt 0.531250 0.937500
vt 0.546875 0.000000
vt 0.531250 0.062500
vt 0.531250 0.437500
vt 0.531250 0.875000
vt 0.531250 0.375000
vt 0.531250 0.812500
vt 0.531250 0.312500
vt 0.531250 0.750000
vt 0.531250 0.250000
vt 0.531250 0.687500
vt 0.531250 0.187500
vt 0.531250 0.625000
vt 0.531250 0.125000
vt 0.500000 0.312500
vt 0.500000 0.250000
vt 0.500000 0.750000
vt 0.500000 0.687500
vt 0.500000 0.187500
vt 0.500000 0.625000
vt 0.500000 0.125000
vt 0.500000 0.562500
vt 0.500000 0.062500
vt 0.500000 0.500000
vt 0.515625 1.000000
vt 0.500000 0.937500
vt 0.515625 0.000000
vt 0.500000 0.437500
vt 0.500000 0.875000
vt 0.500000 0.375000
vt 0.500000 0.812500
vt 0.484375 1.000000
vt 0.468750 0.937500
vt 0.484375 0.000000
vt 0.468750 0.062500
vt 0.468750 0.500000
vt 0.468750 0.437500
vt 0.468750 0.875000
vt 0.468750 0.375000
vt 0.468750 0.812500
vt 0.468750 0.312500
vt 0.468750 0.750000
vt 0.468750 0.250000
vt 0.468750 0.687500
vt 0.468750 0.187500
vt 0.468750 0.625000
vt 0.468750 0.125000
vt 0.468750 0.562500
vt 0.437500 0.750000
vt 0.437500 0.687500
vt 0.437500 0.250000
vt 0.437500 0.187500
vt 0.437500 0.625000
vt 0.437500 0.125000
vt 0.437500 0.562500
vt 0.437500 0.062500
vt 0.437500 0.500000
vt 0.453125 1.000000
vt 0.437500 0.937500
vt 0.453125 0.000000
vt 0.437500 0.437500
vt 0.437500 0.875000
vt 0.437500 0.375000
vt 0.437500 0.812500
vt 0.437500 0.312500
vt 0.406250 0.500000
vt 0.406250 0.437500
vt 0.406250 0.937500
vt 0.406250 0.875000
vt 0.406250 0.375000
vt 0.406250 0.812500
vt 0.406250 0.312500
vt 0.406250 0.750000
vt 0.406250 0.250000
vt 0.406250 0.687500
vt 0.406250 0.187500
vt 0.406250 0.625000
vt 0.406250 0.125000
vt 0.406250 0.562500
vt 0.406250 0.062500
vt 0.421875 1.000000
vt 0.421875 0.000000
vt 0.375000 0.250000
vt 0.375000 0.187500
vt 0.375000 0.687500
vt 0.375000 0.625000
vt 0.375000 0.125000
vt 0.375000 0.562500
vt 0.375000 0.062500
vt 0.375000 0.500000
vt 0.390625 1.000000
vt 0.375000 0.937500
vt 0.390625 0.000000
vt 0.375000 0.437500
vt 0.375000 0.875000
vt 0.375000 0.375000
vt 0.375000 0.812500
vt 0.375000 0.312500
vt 0.375000 0.750000
vt 0.343750 0.437500
vt 0.343750 0.375000
vt 0.343750 0.875000
vt 0.343750 0.812500
vt 0.343750 0.312500
vt 0.343750 0.750000
vt 0.343750 0.250000
vt 0.343750 0.687500
vt 0.343750 0.187500
vt 0.343750 0.625000
vt 0.343750 0.125000
vt 0.343750 0.562500
vt 0.343750 0.062500
vt 0.343750 0.500000
vt 0.359375 1.000000
vt 0.343750 0.937500
vt 0.359375 0.000000
vt 0.312500 0.187500
vt 0.312500 0.125000
vt 0.312500 0.625000
vt 0.312500 0.562500
vt 0.312500 0.062500
vt 0.312500 0.500000
vt 0.328125 1.000000
vt 0.312500 0.937500
vt 0.328125 0.000000
vt 0.312500 0.437500
vt 0.312500 0.875000
vt 0.312500 0.375000
vt 0.312500 0.812500
vt 0.312500 0.312500
vt 0.312500 0.750000
vt 0.312500 0.250000
vt 0.312500 0.687500
vt 0.281250 0.875000
vt 0.281250 0.812500
vt 0.281250 0.375000
vt 0.281250 0.312500
vt 0.281250 0.750000
vt 0.281250 0.250000
vt 0.281250 0.687500
vt 0.281250 0.187500
vt 0.281250 0.625000
vt 0.281250 0.125000
vt 0.281250 0.562500
vt 0.281250 0.062500
vt 0.281250 0.500000
vt 0.296875 1.000000
vt 0.281250 0.937500
vt 0.296875 0.000000
vt 0.281250 0.437500
vt 0.250000 0.625000
vt 0.250000 0.562500
vt 0.250000 0.125000
vt 0.250000 0.062500
vt 0.250000 0.500000
vt 0.265625 1.000000
vt 0.250000 0.937500
vt 0.265625 0.000000
vt 0.250000 0.437500
vt 0.250000 0.875000
vt 0.250000 0.375000
vt 0.250000 0.812500
vt 0.250000 0.312500
vt 0.250000 0.750000
vt 0.250000 0.250000
vt 0.250000 0.687500
vt 0.250000 0.187500
vt 0.218750 0.375000
vt 0.218750 0.312500
vt 0.218750 0.812500
vt 0.218750 0.750000
vt 0.218750 0.250000
vt 0.218750 0.687500
vt 0.218750 0.187500
vt 0.218750 0.625000
vt 0.218750 0.125000
vt 0.218750 0.562500
vt 0.218750 0.062500
vt 0.218750 0.500000
vt 0.234375 1.000000
vt 0.218750 0.937500
vt 0.234375 0.000000
vt 0.218750 0.437500
vt 0.218750 0.875000
vt 0.187500 0.125000
vt 0.187500 0.062500
vt 0.187500 0.562500
vt 0.187500 0.500000
vt 0.203125 1.000000
vt 0.187500 0.937500
vt 0.203125 0.000000
vt 0.187500 0.437500
vt 0.187500 0.875000
vt 0.187500 0.375000
vt 0.187500 0.812500
vt 0.187500 0.312500
vt 0.187500 0.750000
vt 0.187500 0.250000
vt 0.187500 0.687500
vt 0.187500 0.187500
vt 0.187500 0.625000
vt 0.156250 0.812500
vt 0.156250 0.750000
vt 0.156250 0.312500
vt 0.156250 0.250000
vt 0.156250 0.687500
vt 0.156250 0.187500
vt 0.156250 0.625000
vt 0.156250 0.125000
vt 0.156250 0.562500
vt 0.156250 0.062500
vt 0.156250 0.500000
vt 0.171875 1.000000
vt 0.156250 0.937500
vt 0.171875 0.000000
vt 0.156250 0.437500
vt 0.156250 0.875000
vt 0.156250 0.375000
vt 0.125000 0.562500
vt 0.125000 0.500000
vt 0.140625 1.000000
vt 0.125000 0.937500
vt 0.140625 0.000000
vt 0.125000 0.062500
vt 0.125000 0.437500
vt 0.125000 0.875000
vt 0.125000 0.375000
vt 0.125000 0.812500
vt 0.125000 0.312500
vt 0.125000 0.750000
vt 0.125000 0.250000
vt 0.125000 0.687500
vt 0.125000 0.187500
vt 0.125000 0.625000
vt 0.125000 0.125000
vt 0.093750 0.312500
vt 0.093750 0.250000
vt 0.093750 0.750000
vt 0.093750 0.687500
vt 0.093750 0.187500
vt 0.093750 0.625000
vt 0.093750 0.125000
vt 0.093750 0.562500
vt 0.093750 0.062500
vt 0.093750 0.500000
vt 0.109375 1.000000
vt 0.093750 0.937500
vt 0.109375 0.000000
vt 0.093750 0.437500
vt 0.093750 0.875000
vt 0.093750 0.375000
vt 0.093750 0.812500
vt 0.078125 0.000000
vt 0.062500 0.062500
vt 0.062500 0.500000
vt 0.062500 0.437500
vt 0.062500 0.937500
vt 0.062500 0.875000
vt 0.062500 0.375000
vt 0.062500 0.812500
vt 0.062500 0.312500
vt 0.062500 0.750000
vt 0.062500 0.250000
vt 0.062500 0.687500
vt 0.062500 0.187500
vt 0.062500 0.625000
vt 0.062500 0.125000
vt 0.062500 0.562500
vt 0.078125 1.000000
vt 0.031250 0.250000
vt 0.031250 0.187500
vt 0.031250 0.687500
vt 0.031250 0.625000
vt 0.031250 0.125000
vt 0.031250 0.562500
vt 0.031250 0.062500
vt 0.031250 0.500000
vt 0.046875 1.000000
vt 0.031250 0.937500
vt 0.046875 0.000000
vt 0.031250 0.437500
vt 0.031250 0.875000
vt 0.031250 0.375000
vt 0.031250 0.812500
vt 0.031250 0.312500
vt 0.031250 0.750000
vt 0.000000 0.937500
vt 0.000000 0.875000
vt 0.000000 0.437500
vt 0.000000 0.375000
vt 0.000000 0.812500
vt 0.000000 0.312500
vt 0.000000 0.750000
vt 0.000000 0.250000
vt 0.000000 0.687500
vt 0.000000 0.187500
vt 0.000000 0.625000
vt 0.000000 0.125000
vt 0.000000 0.562500
vt 0.000000 0.062500
vt 0.000000 0.500000
vt 0.015625 1.000000
vt 0.015625 0.000000
vt 1.000000 0.625000
vt 1.000000 0.687500
vt 0.968750 0.687500
vt 0.968750 0.625000
vt 1.000000 0.125000
vt 1.000000 0.187500
vt 0.968750 0.187500
vt 0.968750 0.125000
vt 1.000000 0.562500
vt 0.968750 0.562500
vt 1.000000 0.062500
vt 0.968750 0.062500
vt 1.000000 0.500000
vt 0.968750 0.500000
vt 1.000000 0.937500
vt 0.984375 1.000000
vt 0.968750 0.937500
vt 0.984375 0.000000
vt 1.000000 0.437500
vt 0.968750 0.437500
vt 1.000000 0.875000
vt 0.968750 0.875000
vt 1.000000 0.375000
vt 0.968750 0.375000
vt 1.000000 0.812500
vt 0.968750 0.812500
vt 1.000000 0.312500
vt 0.968750 0.312500
vt 1.000000 0.750000
vt 0.968750 0.750000
vt 1.000000 0.250000
vt 0.968750 0.250000
vt 0.937500 0.437500
vt 0.937500 0.375000
vt 0.937500 0.875000
vt 0.937500 0.812500
vt 0.937500 0.312500
vt 0.937500 0.750000
vt 0.937500 0.250000
vt 0.937500 0.687500
vt 0.937500 0.187500
vt 0.937500 0.625000
vt 0.937500 0.125000
vt 0.937500 0.562500
vt 0.937500 0.062500
vt 0.937500 0.500000
vt 0.953125 1.000000
vt 0.937500 0.937500
vt 0.953125 0.000000
vt 0.906250 0.187500
vt 0.906250 0.125000
vt 0.906250 0.625000
vt 0.906250 0.562500
vt 0.906250 0.062500
vt 0.906250 0.500000
vt 0.921875 1.000000
vt 0.906250 0.937500
vt 0.921875 0.000000
vt 0.906250 0.437500
vt 0.906250 0.875000
vt 0.906250 0.375000
vt 0.906250 0.812500
vt 0.906250 0.312500
vt 0.906250 0.750000
vt 0.906250 0.250000
vt 0.906250 0.687500
vt 0.875000 0.875000
vt 0.875000 0.812500
vt 0.875000 0.375000
vt 0.875000 0.312500
vt 0.875000 0.750000
vt 0.875000 0.250000
vt 0.875000 0.687500
vt 0.875000 0.187500
vt 0.875000 0.625000
vt 0.875000 0.125000
vt 0.875000 0.562500
vt 0.875000 0.062500
vt 0.875000 0.500000
vt 0.890625 1.000000
vt 0.875000 0.937500
vt 0.890625 0.000000
vt 0.875000 0.437500
vt 0.843750 0.625000
vt 0.843750 0.562500
vt 0.843750 0.125000
vt 0.843750 0.062500
vt 0.843750 0.500000
vt 0.859375 1.000000
vt 0.843750 0.937500
vt 0.859375 0.000000
vt 0.843750 0.437500
vt 0.843750 0.875000
vt 0.843750 0.375000
vt 0.843750 0.812500
vt 0.843750 0.312500
vt 0.843750 0.750000
vt 0.843750 0.250000
vt 0.843750 0.687500
vt 0.843750 0.187500
vt 0.812500 0.375000
vt 0.812500 0.312500
vt 0.812500 0.812500
vt 0.812500 0.750000
vt 0.812500 0.250000
vt 0.812500 0.687500
vt 0.812500 0.187500
vt 0.812500 0.625000
vt 0.812500 0.125000
vt 0.812500 0.562500
vt 0.812500 0.062500
vt 0.812500 0.500000
vt 0.828125 1.000000
vt 0.812500 0.937500
vt 0.828125 0.000000
vt 0.812500 0.437500
vt 0.812500 0.875000
vt 0.781250 0.125000
vt 0.781250 0.062500
vt 0.781250 0.562500
vt 0.781250 0.500000
vt 0.796875 1.000000
vt 0.781250 0.937500
vt 0.796875 0.000000
vt 0.781250 0.437500
vt 0.781250 0.875000
vt 0.781250 0.375000
vt 0.781250 0.812500
vt 0.781250 0.312500
vt 0.781250 0.750000
vt 0.781250 0.250000
vt 0.781250 0.687500
vt 0.781250 0.187500
vt 0.781250 0.625000
vt 0.765625 1.000000
vt 0.765625 0.000000
s 1
f 476/1/476 1/2/1 9/3/9 10/4/10
f 479/5/479 6/6/6 17/7/17 18/8/18
f 2/9/2 476/1/476 10/4/10 11/10/11
f 480/11/480 479/5/479 18/8/18 19/12/19
f 477/13/477 2/9/2 11/10/11 12/14/12
f 481/15/481 480/11/480 19/12/19 20/16/20
f 3/17/3 477/13/477 12/14/12 13/18/13
f 482/19/482 481/15/481 20/16/20 21/20/21
f 4/21/4 3/17/3 13/18/13 14/22/14
f 474/23/474 82/24/82 7/25/7
f 308/26/308 482/19/482 21/20/21
f 5/27/5 4/21/4 14/22/14 15/28/15
f 475/29/475 474/23/474 7/25/7 8/30/8
f 478/31/478 5/27/5 15/28/15 16/32/16
f 1/2/1 475/29/475 8/30/8 9/3/9
f 6/6/6 478/31/478 16/32/16 17/7/17
f 16/32/16 15/28/15 30/33/30 31/34/31
f 9/3/9 8/30/8 23/35/23 24/36/24
f 17/7/17 16/32/16 31/34/31 32/37/32
f 10/4/10 9/3/9 24/36/24 25/38/25
f 18/8/18 17/7/17 32/37/32 33/39/33
f 11/10/11 10/4/10 25/38/25 26/40/26
f 19/12/19 18/8/18 33/39/33 34/41/34
f 12/14/12 11/10/11 26/40/26 27/42/27
f 20/16/20 19/12/19 34/41/34 35/43/35
f 13/18/13 12/14/12 27/42/27 28/44/28
f 21/20/21 20/16/20 35/43/35 36/45/36
f 14/22/14 13/18/13 28/44/28 29/46/29
f 7/25/7 82/47/82 22/48/22
f 308/49/308 21/20/21 36/45/36
f 15/28/15 14/22/14 29/46/29 30/33/30
f 8/30/8 7/25/7 22/48/22 23/35/23
f 35/43/35 34/41/34 49/50/49 50/51/50
f 28/44/28 27/42/27 42/52/42 43/53/43
f 36/45/36 35/43/35 50/51/50 51/54/51
f 29/46/29 28/44/28 43/53/43 44/55/44
f 22/48/22 82/56/82 37/57/37
f 308/58/308 36/45/36 51/54/51
f 30/33/30 29/46/29 44/55/44 45/59/45
f 23/35/23 22/48/22 37/57/37 38/60/38
f 31/34/31 30/33/30 45/59/45 46/61/46
f 24/36/24 23/35/23 38/60/38 39/62/39
f 32/37/32 31/34/31 46/61/46 47/63/47
f 25/38/25 24/36/24 39/62/39 40/64/40
f 33/39/33 32/37/32 47/63/47 48/65/48
f 26/40/26 25/38/25 40/64/40 41/66/41
f 34/41/34 33/39/33 48/65/48 49/50/49
f 27/42/27 26/40/26 41/66/41 42/52/42
f 47/63/47 46/61/46 61/67/61 62/68/62
f 40/64/40 39/62/39 54/69/54 55/70/55
f 48/65/48 47/63/47 62/68/62 63/71/63
f 41/66/41 40/64/40 55/70/55 56/72/56
f 49/50/49 48/65/48 63/71/63 64/73/64
f 42/52/42 41/66/41 56/72/56 57/74/57
f 50/51/50 49/50/49 64/73/64 65/75/65
f 43/53/43 42/52/42 57/74/57 58/76/58
f 51/54/51 50/51/50 65/75/65 66/77/66
f 44/55/44 43/53/43 58/76/58 59/78/59
f 37/57/37 82/79/82 52/80/52
f 308/81/308 51/54/51 66/77/66
f 45/59/45 44/55/44 59/78/59 60/82/60
f 38/60/38 37/57/37 52/80/52 53/83/53
f 46/61/46 45/59/45 60/82/60 61/67/61
f 39/62/39 38/60/38 53/83/53 54/69/54
f 66/77/66 65/75/65 80/84/80 81/85/81
f 59/78/59 58/76/58 73/86/73 74/87/74
f 52/80/52 82/88/82 67/89/67
f 308/90/308 66/77/66 81/85/81
f 60/82/60 59/78/59 74/87/74 75/91/75
f 53/83/53 52/80/52 67/89/67 68/92/68
f 61/67/61 60/82/60 75/91/75 76/93/76
f 54/69/54 53/83/53 68/92/68 69/94/69
f 62/68/62 61/67/61 76/93/76 77/95/77
f 55/70/55 54/69/54 69/94/69 70/96/70
f 63/71/63 62/68/62 77/95/77 78/97/78
f 56/72/56 55/70/55 70/96/70 71/98/71
f 64/73/64 63/71/63 78/97/78 79/99/79
f 57/74/57 56/72/56 71/98/71 72/100/72
f 65/75/65 64/73/64 79/99/79 80/84/80
f 58/76/58 57/74/57 72/100/72 73/86/73
f 70/96/70 69/94/69 85/101/85 86/102/86
f 78/97/78 77/95/77 93/103/93 94/104/94
f 71/98/71 70/96/70 86/102/86 87/105/87
f 79/99/79 78/97/78 94/104/94 95/106/95
f 72/100/72 71/98/71 87/105/87 88/107/88
f 80/84/80 79/99/79 95/106/95 96/108/96
f 73/86/73 72/100/72 88/107/88 89/109/89
f 81/85/81 80/84/80 96/108/96 97/110/97
f 74/87/74 73/86/73 89/109/89 90/111/90
f 67/89/67 82/112/82 83/113/83
f 308/114/308 81/85/81 97/110/97
f 75/91/75 74/87/74 90/111/90 91/115/91
f 68/92/68 67/89/67 83/113/83 84/116/84
f 76/93/76 75/91/75 91/115/91 92/117/92
f 69/94/69 68/92/68 84/116/84 85/101/85
f 77/95/77 76/93/76 92/117/92 93/103/93
f 90/111/90 89/109/89 104/118/104 105/119/105
f 83/113/83 82/120/82 98/121/98
f 308/122/308 97/110/97 112/123/112
f 91/115/91 90/111/90 105/119/105 106/124/106
f 84/116/84 83/113/83 98/121/98 99/125/99
f 92/117/92 91/115/91 106/124/106 107/126/107
f 85/101/85 84/116/84 99/125/99 100/127/100
f 93/103/93 92/117/92 107/126/107 108/128/108
f 86/102/86 85/101/85 100/127/100 101/129/101
f 94/104/94 93/103/93 108/128/108 109/130/109
f 87/105/87 86/102/86 101/129/101 102/131/102
f 95/106/95 94/104/94 109/130/109 110/132/110
f 88/107/88 87/105/87 102/131/102 103/133/103
f 96/108/96 95/106/95 110/132/110 111/134/111
f 89/109/89 88/107/88 103/133/103 104/118/104
f 97/110/97 96/108/96 111/134/111 112/123/112
f 109/130/109 108/128/108 123/135/123 124/136/124
f 102/131/102 101/129/101 116/137/116 117/138/117
f 110/132/110 109/130/109 124/136/124 125/139/125
f 103/133/103 102/131/102 117/138/117 118/140/118
f 111/134/111 110/132/110 125/139/125 126/141/126
f 104/118/104 103/133/103 118/140/118 119/142/119
f 112/123/112 111/134/111 126/141/126 127/143/127
f 105/119/105 104/118/104 119/142/119 120/144/120
f 98/121/98 82/145/82 113/146/113
f 308/147/308 112/123/112 127/143/127
f 106/124/106 105/119/105 120/144/120 121/148/121
f 99/125/99 98/121/98 113/146/113 114/149/114
f 107/126/107 106/124/106 121/148/121 122/150/122
f 100/127/100 99/125/99 114/149/114 115/151/115
f 108/128/108 107/126/107 122/150/122 123/135/123
f 101/129/101 100/127/100 115/151/115 116/137/116
f 113/146/113 82/152/82 128/153/128
f 308/154/308 127/143/127 142/155/142
f 121/148/121 120/144/120 135/156/135 136/157/136
f 114/149/114 113/146/113 128/153/128 129/158/129
f 122/150/122 121/148/121 136/157/136 137/159/137
f 115/151/115 114/149/114 129/158/129 130/160/130
f 123/135/123 122/150/122 137/159/137 138/161/138
f 116/137/116 115/151/115 130/160/130 131/162/131
f 124/136/124 123/135/123 138/161/138 139/163/139
f 117/138/117 116/137/116 131/162/131 132/164/132
f 125/139/125 124/136/124 139/163/139 140/165/140
f 118/140/118 117/138/117 132/164/132 133/166/133
f 126/141/126 125/139/125 140/165/140 141/167/141
f 119/142/119 118/140/118 133/166/133 134/168/134
f 127/143/127 126/141/126 141/167/141 142/155/142
f 120/144/120 119/142/119 134/168/134 135/156/135
f 132/164/132 131/162/131 146/169/146 147/170/147
f 140/165/140 139/163/139 154/171/154 155/172/155
f 133/166/133 132/164/132 147/170/147 148/173/148
f 141/167/141 140/165/140 155/172/155 156/174/156
f 134/168/134 133/166/133 148/173/148 149/175/149
f 142/155/142 141/167/141 156/174/156 157/176/157
f 135/156/135 134/168/134 149/175/149 150/177/150
f 128/153/128 82/178/82 143/179/143
f 308/180/308 142/155/142 157/176/157
f 136/157/136 135/156/135 150/177/150 151/181/151
f 129/158/129 128/153/128 143/179/143 144/182/144
f 137/159/137 136/157/136 151/181/151 152/183/152
f 130/160/130 129/158/129 144/182/144 145/184/145
f 138/161/138 137/159/137 152/183/152 153/185/153
f 131/162/131 130/160/130 145/184/145 146/169/146
f 139/163/139 138/161/138 153/185/153 154/171/154
f 151/181/151 150/177/150 165/186/165 166/187/166
f 144/182/144 143/179/143 158/188/158 159/189/159
f 152/183/152 151/181/151 166/187/166 167/190/167
f 145/184/145 144/182/144 159/189/159 160/191/160
f 153/185/153 152/183/152 167/190/167 168/192/168
f 146/169/146 145/184/145 160/191/160 161/193/161
f 154/171/154 153/185/153 168/192/168 169/194/169
f 147/170/147 146/169/146 161/193/161 162/195/162
f 155/172/155 154/171/154 169/194/169 170/196/170
f 148/173/148 147/170/147 162/195/162 163/197/163
f 156/174/156 155/172/155 170/196/170 171/198/171
f 149/175/149 148/173/148 163/197/163 164/199/164
f 157/176/157 156/174/156 171/198/171 172/200/172
f 150/177/150 149/175/149 164/199/164 165/186/165
f 143/179/143 82/201/82 158/188/158
f 308/202/308 157/176/157 172/200/172
f 170/196/170 169/194/169 184/203/184 185/204/185
f 163/197/163 162/195/162 177/205/177 178/206/178
f 171/198/171 170/196/170 185/204/185 186/207/186
f 164/199/164 163/197/163 178/206/178 179/208/179
f 172/200/172 171/198/171 186/207/186 187/209/187
f 165/186/165 164/199/164 179/208/179 180/210/180
f 158/188/158 82/211/82 173/212/173
f 308/213/308 172/200/172 187/209/187
f 166/187/166 165/186/165 180/210/180 181/214/181
f 159/189/159 158/188/158 173/212/173 174/215/174
f 167/190/167 166/187/166 181/214/181 182/216/182
f 160/191/160 159/189/159 174/215/174 175/217/175
f 168/192/168 167/190/167 182/216/182 183/218/183
f 161/193/161 160/191/160 175/217/175 176/219/176
f 169/194/169 168/192/168 183/218/183 184/203/184
f 162/195/162 161/193/161 176/219/176 177/205/177
f 182/216/182 181/214/181 196/220/196 197/221/197
f 175/217/175 174/215/174 189/222/189 190/223/190
f 183/218/183 182/216/182 197/221/197 198/224/198
f 176/219/176 175/217/175 190/223/190 191/225/191
f 184/203/184 183/218/183 198/224/198 199/226/199
f 177/205/177 176/219/176 191/225/191 192/227/192
f 185/204/185 184/203/184 199/226/199 200/228/200
f 178/206/178 177/205/177 192/227/192 193/229/193
f 186/207/186 185/204/185 200/228/200 201/230/201
f 179/208/179 178/206/178 193/229/193 194/231/194
f 187/209/187 186/207/186 201/230/201 202/232/202
f 180/210/180 179/208/179 194/231/194 195/233/195
f 173/212/173 82/234/82 188/235/188
f 308/236/308 187/209/187 202/232/202
f 181/214/181 180/210/180 195/233/195 196/220/196
f 174/215/174 173/212/173 188/235/188 189/222/189
f 201/230/201 200/228/200 215/237/215 216/238/216
f 194/231/194 193/229/193 208/239/208 209/240/209
f 202/232/202 201/230/201 216/238/216 217/241/217
f 195/233/195 194/231/194 209/240/209 210/242/210
f 188/235/188 82/243/82 203/244/203
f 308/245/308 202/232/202 217/241/217
f 196/220/196 195/233/195 210/242/210 211/246/211
f 189/222/189 188/235/188 203/244/203 204/247/204
f 197/221/197 196/220/196 211/246/211 212/248/212
f 190/223/190 189/222/189 204/247/204 205/249/205
f 198/224/198 197/221/197 212/248/212 213/250/213
f 191/225/191 190/223/190 205/249/205 206/251/206
f 199/226/199 198/224/198 213/250/213 214/252/214
f 192/227/192 191/225/191 206/251/206 207/253/207
f 200/228/200 199/226/199 214/252/214 215/237/215
f 193/229/193 192/227/192 207/253/207 208/239/208
f 205/249/205 204/247/204 219/254/219 220/255/220
f 213/250/213 212/248/212 227/256/227 228/257/228
f 206/251/206 205/249/205 220/255/220 221/258/221
f 214/252/214 213/250/213 228/257/228 229/259/229
f 207/253/207 206/251/206 221/258/221 222/260/222
f 215/237/215 214/252/214 229/259/229 230/261/230
f 208/239/208 207/253/207 222/260/222 223/262/223
f 216/238/216 215/237/215 230/261/230 231/263/231
f 209/240/209 208/239/208 223/262/223 224/264/224
f 217/241/217 216/238/216 231/263/231 232/265/232
f 210/242/210 209/240/209 224/264/224 225/266/225
f 203/244/203 82/267/82 218/268/218
f 308/269/308 217/241/217 232/265/232
f 211/246/211 210/242/210 225/266/225 226/270/226
f 204/247/204 203/244/203 218/268/218 219/254/219
f 212/248/212 211/246/211 226/270/226 227/256/227
f 224/264/224 223/262/223 238/271/238 239/272/239
f 232/265/232 231/263/231 246/273/246 247/274/247
f 225/266/225 224/264/224 239/272/239 240/275/240
f 218/268/218 82/276/82 233/277/233
f 308/278/308 232/265/232 247/274/247
f 226/270/226 225/266/225 240/275/240 241/279/241
f 219/254/219 218/268/218 233/277/233 234/280/234
f 227/256/227 226/270/226 241/279/241 242/281/242
f 220/255/220 219/254/219 234/280/234 235/282/235
f 228/257/228 227/256/227 242/281/242 243/283/243
f 221/258/221 220/255/220 235/282/235 236/284/236
f 229/259/229 228/257/228 243/283/243 244/285/244
f 222/260/222 221/258/221 236/284/236 237/286/237
f 230/261/230 229/259/229 244/285/244 245/287/245
f 223/262/223 222/260/222 237/286/237 238/271/238
f 231/263/231 230/261/230 245/287/245 246/273/246
f 243/283/243 242/281/242 257/288/257 258/289/258
f 236/284/236 235/282/235 250/290/250 251/291/251
f 244/285/244 243/283/243 258/289/258 259/292/259
f 237/286/237 236/284/236 251/291/251 252/293/252
f 245/287/245 244/285/244 259/292/259 260/294/260
f 238/271/238 237/286/237 252/293/252 253/295/253
f 246/273/246 245/287/245 260/294/260 261/296/261
f 239/272/239 238/271/238 253/295/253 254/297/254
f 247/274/247 246/273/246 261/296/261 262/298/262
f 240/275/240 239/272/239 254/297/254 255/299/255
f 233/277/233 82/300/82 248/301/248
f 308/302/308 247/274/247 262/298/262
f 241/279/241 240/275/240 255/299/255 256/303/256
f 234/280/234 233/277/233 248/301/248 249/304/249
f 242/281/242 241/279/241 256/303/256 257/288/257
f 235/282/235 234/280/234 249/304/249 250/290/250
f 262/298/262 261/296/261 276/305/276 277/306/277
f 255/299/255 254/297/254 269/307/269 270/308/270
f 248/301/248 82/309/82 263/310/263
f 308/311/308 262/298/262 277/306/277
f 256/303/256 255/299/255 270/308/270 271/312/271
f 249/304/249 248/301/248 263/310/263 264/313/264
f 257/288/257 256/303/256 271/312/271 272/314/272
f 250/290/250 249/304/249 264/313/264 265/315/265
f 258/289/258 257/288/257 272/314/272 273/316/273
f 251/291/251 250/290/250 265/315/265 266/317/266
f 259/292/259 258/289/258 273/316/273 274/318/274
f 252/293/252 251/291/251 266/317/266 267/319/267
f 260/294/260 259/292/259 274/318/274 275/320/275
f 253/295/253 252/293/252 267/319/267 268/321/268
f 261/296/261 260/294/260 275/320/275 276/305/276
f 254/297/254 253/295/253 268/321/268 269/307/269
f 266/317/266 265/315/265 280/322/280 281/323/281
f 274/318/274 273/316/273 288/324/288 289/325/289
f 267/319/267 266/317/266 281/323/281 282/326/282
f 275/320/275 274/318/274 289/325/289 290/327/290
f 268/321/268 267/319/267 282/326/282 283/328/283
f 276/305/276 275/320/275 290/327/290 291/329/291
f 269/307/269 268/321/268 283/328/283 284/330/284
f 277/306/277 276/305/276 291/329/291 292/331/292
f 270/308/270 269/307/269 284/330/284 285/332/285
f 263/310/263 82/333/82 278/334/278
f 308/335/308 277/306/277 292/331/292
f 271/312/271 270/308/270 285/332/285 286/336/286
f 264/313/264 263/310/263 278/334/278 279/337/279
f 272/314/272 271/312/271 286/336/286 287/338/287
f 265/315/265 264/313/264 279/337/279 280/322/280
f 273/316/273 272/314/272 287/338/287 288/324/288
f 285/332/285 284/330/284 299/339/299 300/340/300
f 278/334/278 82/341/82 293/342/293
f 308/343/308 292/331/292 307/344/307
f 286/336/286 285/332/285 300/340/300 301/345/301
f 279/337/279 278/334/278 293/342/293 294/346/294
f 287/338/287 286/336/286 301/345/301 302/347/302
f 280/322/280 279/337/279 294/346/294 295/348/295
f 288/324/288 287/338/287 302/347/302 303/349/303
f 281/323/281 280/322/280 295/348/295 296/350/296
f 289/325/289 288/324/288 303/349/303 304/351/304
f 282/326/282 281/323/281 296/350/296 297/352/297
f 290/327/290 289/325/289 304/351/304 305/353/305
f 283/328/283 282/326/282 297/352/297 298/354/298
f 291/329/291 290/327/290 305/353/305 306/355/306
f 284/330/284 283/328/283 298/354/298 299/339/299
f 292/331/292 291/329/291 306/355/306 307/344/307
f 304/351/304 303/349/303 319/356/319 320/357/320
f 297/352/297 296/350/296 312/358/312 313/359/313
f 305/353/305 304/351/304 320/357/320 321/360/321
f 298/354/298 297/352/297 313/359/313 314/361/314
f 306/355/306 305/353/305 321/360/321 322/362/322
f 299/339/299 298/354/298 314/361/314 315/363/315
f 307/344/307 306/355/306 322/362/322 323/364/323
f 300/340/300 299/339/299 315/363/315 316/365/316
f 293/342/293 82/366/82 309/367/309
f 308/368/308 307/344/307 323/364/323
f 301/345/301 300/340/300 316/365/316 317/369/317
f 294/346/294 293/342/293 309/367/309 310/370/310
f 302/347/302 301/345/301 317/369/317 318/371/318
f 295/348/295 294/346/294 310/370/310 311/372/311
f 303/349/303 302/347/302 318/371/318 319/356/319
f 296/350/296 295/348/295 311/372/311 312/358/312
f 308/373/308 323/364/323 338/374/338
f 317/369/317 316/365/316 331/375/331 332/376/332
f 310/370/310 309/367/309 324/377/324 325/378/325
f 318/371/318 317/369/317 332/376/332 333/379/333
f 311/372/311 310/370/310 325/378/325 326/380/326
f 319/356/319 318/371/318 333/379/333 334/381/334
f 312/358/312 311/372/311 326/380/326 327/382/327
f 320/357/320 319/356/319 334/381/334 335/383/335
f 313/359/313 312/358/312 327/382/327 328/384/328
f 321/360/321 320/357/320 335/383/335 336/385/336
f 314/361/314 313/359/313 328/384/328 329/386/329
f 322/362/322 321/360/321 336/385/336 337/387/337
f 315/363/315 314/361/314 329/386/329 330/388/330
f 323/364/323 322/362/322 337/387/337 338/374/338
f 316/365/316 315/363/315 330/388/330 331/375/331
f 309/367/309 82/389/82 324/377/324
f 336/385/336 335/383/335 350/390/350 351/391/351
f 329/386/329 328/384/328 343/392/343 344/393/344
f 337/387/337 336/385/336 351/391/351 352/394/352
f 330/388/330 329/386/329 344/393/344 345/395/345
f 338/374/338 337/387/337 352/394/352 353/396/353
f 331/375/331 330/388/330 345/395/345 346/397/346
f 324/377/324 82/398/82 339/399/339
f 308/400/308 338/374/338 353/396/353
f 332/376/332 331/375/331 346/397/346 347/401/347
f 325/378/325 324/377/324 339/399/339 340/402/340
f 333/379/333 332/376/332 347/401/347 348/403/348
f 326/380/326 325/378/325 340/402/340 341/404/341
f 334/381/334 333/379/333 348/403/348 349/405/349
f 327/382/327 326/380/326 341/404/341 342/406/342
f 335/383/335 334/381/334 349/405/349 350/390/350
f 328/384/328 327/382/327 342/406/342 343/392/343
f 340/402/340 339/399/339 354/407/354 355/408/355
f 348/403/348 347/401/347 362/409/362 363/410/363
f 341/404/341 340/402/340 355/408/355 356/411/356
f 349/405/349 348/403/348 363/410/363 364/412/364
f 342/406/342 341/404/341 356/411/356 357/413/357
f 350/390/350 349/405/349 364/412/364 365/414/365
f 343/392/343 342/406/342 357/413/357 358/415/358
f 351/391/351 350/390/350 365/414/365 366/416/366
f 344/393/344 343/392/343 358/415/358 359/417/359
f 352/394/352 351/391/351 366/416/366 367/418/367
f 345/395/345 344/393/344 359/417/359 360/419/360
f 353/396/353 352/394/352 367/418/367 368/420/368
f 346/397/346 345/395/345 360/419/360 361/421/361
f 339/399/339 82/422/82 354/407/354
f 308/423/308 353/396/353 368/420/368
f 347/401/347 346/397/346 361/421/361 362/409/362
f 359/424/359 358/425/358 373/426/373 374/427/374
f 367/428/367 366/429/366 381/430/381 382/431/382
f 360/432/360 359/424/359 374/427/374 375/433/375
f 368/434/368 367/428/367 382/431/382 383/435/383
f 361/436/361 360/432/360 375/433/375 376/437/376
f 354/438/354 82/439/82 369/440/369
f 308/441/308 368/434/368 383/435/383
f 362/442/362 361/436/361 376/437/376 377/443/377
f 355/444/355 354/438/354 369/440/369 370/445/370
f 363/446/363 362/442/362 377/443/377 378/447/378
f 356/448/356 355/444/355 370/445/370 371/449/371
f 364/450/364 363/446/363 378/447/378 379/451/379
f 357/452/357 356/448/356 371/449/371 372/453/372
f 365/454/365 364/450/364 379/451/379 380/455/380
f 358/425/358 357/452/357 372/453/372 373/426/373
f 366/429/366 365/454/365 380/455/380 381/430/381
f 378/447/378 377/443/377 392/456/392 393/457/393
f 371/449/371 370/445/370 385/458/385 386/459/386
f 379/451/379 378/447/378 393/457/393 394/460/394
f 372/453/372 371/449/371 386/459/386 387/461/387
f 380/455/380 379/451/379 394/460/394 395/462/395
f 373/426/373 372/453/372 387/461/387 388/463/388
f 381/430/381 380/455/380 395/462/395 396/464/396
f 374/427/374 373/426/373 388/463/388 389/465/389
f 382/431/382 381/430/381 396/464/396 397/466/397
f 375/433/375 374/427/374 389/465/389 390/467/390
f 383/435/383 382/431/382 397/466/397 398/468/398
f 376/437/376 375/433/375 390/467/390 391/469/391
f 369/440/369 82/470/82 384/471/384
f 308/472/308 383/435/383 398/468/398
f 377/443/377 376/437/376 391/469/391 392/456/392
f 370/445/370 369/440/369 384/471/384 385/458/385
f 397/466/397 396/464/396 411/473/411 412/474/412
f 390/467/390 389/465/389 404/475/404 405/476/405
f 398/468/398 397/466/397 412/474/412 413/477/413
f 391/469/391 390/467/390 405/476/405 406/478/406
f 384/471/384 82/479/82 399/480/399
f 308/481/308 398/468/398 413/477/413
f 392/456/392 391/469/391 406/478/406 407/482/407
f 385/458/385 384/471/384 399/480/399 400/483/400
f 393/457/393 392/456/392 407/482/407 408/484/408
f 386/459/386 385/458/385 400/483/400 401/485/401
f 394/460/394 393/457/393 408/484/408 409/486/409
f 387/461/387 386/459/386 401/485/401 402/487/402
f 395/462/395 394/460/394 409/486/409 410/488/410
f 388/463/388 387/461/387 402/487/402 403/489/403
f 396/464/396 395/462/395 410/488/410 411/473/411
f 389/465/389 388/463/388 403/489/403 404/475/404
f 401/485/401 400/483/400 415/490/415 416/491/416
f 409/486/409 408/484/408 423/492/423 424/493/424
f 402/487/402 401/485/401 416/491/416 417/494/417
f 410/488/410 409/486/409 424/493/424 425/495/425
f 403/489/403 402/487/402 417/494/417 418/496/418
f 411/473/411 410/488/410 425/495/425 426/497/426
f 404/475/404 403/489/403 418/496/418 419/498/419
f 412/474/412 411/473/411 426/497/426 427/499/427
f 405/476/405 404/475/404 419/498/419 420/500/420
f 413/477/413 412/474/412 427/499/427 428/501/428
f 406/478/406 405/476/405 420/500/420 421/502/421
f 399/480/399 82/503/82 414/504/414
f 308/505/308 413/477/413 428/501/428
f 407/482/407 406/478/406 421/502/421 422/506/422
f 400/483/400 399/480/399 414/504/414 415/490/415
f 408/484/408 407/482/407 422/506/422 423/492/423
f 420/500/420 419/498/419 434/507/434 435/508/435
f 428/501/428 427/499/427 442/509/442 443/510/443
f 421/502/421 420/500/420 435/508/435 436/511/436
f 414/504/414 82/512/82 429/513/429
f 308/514/308 428/501/428 443/510/443
f 422/506/422 421/502/421 436/511/436 437/515/437
f 415/490/415 414/504/414 429/513/429 430/516/430
f 423/492/423 422/506/422 437/515/437 438/517/438
f 416/491/416 415/490/415 430/516/430 431/518/431
f 424/493/424 423/492/423 438/517/438 439/519/439
f 417/494/417 416/491/416 431/518/431 432/520/432
f 425/495/425 424/493/424 439/519/439 440/521/440
f 418/496/418 417/494/417 432/520/432 433/522/433
f 426/497/426 425/495/425 440/521/440 441/523/441
f 419/498/419 418/496/418 433/522/433 434/507/434
f 427/499/427 426/497/426 441/523/441 442/509/442
f 439/519/439 438/517/438 453/524/453 454/525/454
f 432/520/432 431/518/431 446/526/446 447/527/447
f 440/521/440 439/519/439 454/525/454 455/528/455
f 433/522/433 432/520/432 447/527/447 448/529/448
f 441/523/441 440/521/440 455/528/455 456/530/456
f 434/507/434 433/522/433 448/529/448 449/531/449
f 442/509/442 441/523/441 456/530/456 457/532/457
f 435/508/435 434/507/434 449/531/449 450/533/450
f 443/510/443 442/509/442 457/532/457 458/534/458
f 436/511/436 435/508/435 450/533/450 451/535/451
f 429/513/429 82/536/82 444/537/444
f 308/538/308 443/510/443 458/534/458
f 437/515/437 436/511/436 451/535/451 452/539/452
f 430/516/430 429/513/429 444/537/444 445/540/445
f 438/517/438 437/515/437 452/539/452 453/524/453
f 431/518/431 430/516/430 445/540/445 446/526/446
f 458/534/458 457/532/457 472/541/472 473/542/473
f 451/535/451 450/533/450 465/543/465 466/544/466
f 444/537/444 82/545/82 459/546/459
f 308/547/308 458/534/458 473/542/473
f 452/539/452 451/535/451 466/544/466 467/548/467
f 445/540/445 444/537/444 459/546/459 460/549/460
f 453/524/453 452/539/452 467/548/467 468/550/468
f 446/526/446 445/540/445 460/549/460 461/551/461
f 454/525/454 453/524/453 468/550/468 469/552/469
f 447/527/447 446/526/446 461/551/461 462/553/462
f 455/528/455 454/525/454 469/552/469 470/554/470
f 448/529/448 447/527/447 462/553/462 463/555/463
f 456/530/456 455/528/455 470/554/470 471/556/471
f 449/531/449 448/529/448 463/555/463 464/557/464
f 457/532/457 456/530/456 471/556/471 472/541/472
f 450/533/450 449/531/449 464/557/464 465/543/465
f 470/554/470 469/552/469 6/6/6 479/5/479
f 463/555/463 462/553/462 476/1/476 2/9/2
f 471/556/471 470/554/470 479/5/479 480/11/480
f 464/557/464 463/555/463 2/9/2 477/13/477
f 472/541/472 471/556/471 480/11/480 481/15/481
f 465/543/465 464/557/464 477/13/477 3/17/3
f 473/542/473 472/541/472 481/15/481 482/19/482
f 466/544/466 465/543/465 3/17/3 4/21/4
f 459/546/459 82/558/82 474/23/474
f 308/559/308 473/542/473 482/19/482
f 467/548/467 466/544/466 4/21/4 5/27/5
f 460/549/460 459/546/459 474/23/474 475/29/475
f 468/550/468 467/548/467 5/27/5 478/31/478
f 461/551/461 460/549/460 475/29/475 1/2/1
f 469/552/469 468/550/468 478/31/478 6/6/6
f 462/553/462 461/551/461 1/2/1 476/1/476
o Wool
v -0.523634 0.394636 0.555838
v -0.470618 0.293664 0.463313
v -0.451288 0.167959 0.389884
v -0.467536 0.029826 0.342740
v -0.517772 -0.107213 0.326495
v -0.597079 -0.229743 0.342740
v -0.697692 -0.325772 0.389884
v -0.809765 -0.385898 0.463313
v -0.922325 -0.404237 0.555838
v -0.485621 0.375665 0.658404
v -0.398313 0.257578 0.658404
v -0.351768 0.118292 0.658404
v -0.350544 -0.028561 0.658404
v -0.394759 -0.168604 0.658404
v -0.480086 -0.288130 0.658404
v -0.598173 -0.375439 0.658404
v -0.737460 -0.421983 0.658404
v -0.884312 -0.423208 0.658404
v -0.523634 0.394636 0.760969
v -0.470618 0.293664 0.853495
v -0.451288 0.167959 0.926924
v -0.467536 0.029826 0.974068
v -0.517772 -0.107213 0.990313
v -0.597079 -0.229743 0.974068
v -0.697692 -0.325772 0.926924
v -0.809765 -0.385898 0.853495
v -0.922325 -0.404237 0.760969
v -0.615406 0.440436 0.803454
v -0.645178 0.380781 0.934305
v -0.691549 0.287865 1.038149
v -0.749980 0.170785 1.104821
v -0.814751 0.041000 1.127794
v -0.879523 -0.088785 1.104821
v -0.937954 -0.205865 1.038149
v -0.984325 -0.298781 0.934305
v -1.014097 -0.358436 0.803454
v -0.707178 0.486236 0.760969
v -0.819738 0.467898 0.853495
v -0.931810 0.407772 0.926924
v -1.032424 0.311743 0.974068
v -1.111731 0.189213 0.990313
v -1.161967 0.052174 0.974068
v -1.178215 -0.085959 0.926924
v -1.158885 -0.211664 0.853495
v -1.105869 -0.312636 0.760969
v -1.024356 -0.378992 0.658404
v -0.605147 0.460992 0.658404
v -0.745191 0.505208 0.658404
v -0.892043 0.503983 0.658404
v -1.031330 0.457439 0.658404
v -1.149416 0.370130 0.658404
v -1.234744 0.250604 0.658404
v -1.278959 0.110561 0.658404
v -1.277735 -0.036292 0.658404
v -1.231190 -0.175579 0.658404
v -1.143882 -0.293665 0.658404
v -0.707178 0.486236 0.555838
v -0.819738 0.467898 0.463313
v -0.931810 0.407772 0.389884
v -1.032424 0.311743 0.342740
v -1.111731 0.189213 0.326495
v -1.161967 0.052174 0.342740
v -1.178215 -0.085959 0.389884
v -1.158885 -0.211664 0.463313
v -1.105869 -0.312636 0.555838
v -0.615406 0.440436 0.513354
v -0.645178 0.380781 0.382503
v -0.691549 0.287865 0.278659
v -0.749980 0.170785 0.211987
v -0.814751 0.041000 0.189014
v -0.879523 -0.088785 0.211987
v -0.937954 -0.205865 0.278659
v -0.984325 -0.298781 0.382503
v -1.014097 -0.358436 0.513354
v -0.319592 0.859564 0.555838
v -0.266576 0.758592 0.463313
v -0.247245 0.632887 0.389884
v -0.263494 0.494754 0.342740
v -0.313730 0.357716 0.326495
v -0.393036 0.235185 0.342740
v -0.493650 0.139157 0.389884
v -0.605722 0.079030 0.463313
v -0.718283 0.060692 0.555838
v -0.281579 0.840593 0.658404
v -0.194271 0.722507 0.658404
v -0.147726 0.583220 0.658404
v -0.146502 0.436368 0.658404
v -0.190717 0.296324 0.658404
v -0.276044 0.176798 0.658404
v -0.394131 0.089490 0.658404
v -0.533417 0.042945 0.658404
v -0.680270 0.041721 0.658404
v -0.319592 0.859564 0.760969
v -0.266576 0.758592 0.853495
v -0.247245 0.632887 0.926924
v -0.263494 0.494754 0.974068
v -0.313730 0.357716 0.990313
v -0.393036 0.235185 0.974068
v -0.493650 0.139157 0.926924
v -0.605722 0.079030 0.853495
v -0.718283 0.060692 0.760969
v -0.411364 0.905365 0.803453
v -0.441136 0.845709 0.934305
v -0.487507 0.752794 1.038149
v -0.545938 0.635713 1.104821
v -0.610709 0.505928 1.127794
v -0.675480 0.376144 1.104821
v -0.733911 0.259063 1.038149
v -0.780282 0.166148 0.934305
v -0.810055 0.106492 0.803453
v -0.503135 0.951165 0.760969
v -0.615696 0.932826 0.853495
v -0.727768 0.872700 0.926924
v -0.828382 0.776672 0.974068
v -0.907688 0.654141 0.990313
v -0.957925 0.517102 0.974068
v -0.974173 0.378970 0.926924
v -0.954843 0.253265 0.853495
v -0.901826 0.152292 0.760969
v -0.820313 0.085936 0.658404
v -0.401105 0.925921 0.658404
v -0.541148 0.970136 0.658404
v -0.688001 0.968911 0.658404
v -0.827288 0.922367 0.658404
v -0.945374 0.835059 0.658404
v -1.030701 0.715533 0.658404
v -1.074916 0.575489 0.658404
v -1.073692 0.428637 0.658404
v -1.027148 0.289350 0.658404
v -0.939839 0.171263 0.658404
v -0.503135 0.951165 0.555838
v -0.615696 0.932826 0.463313
v -0.727768 0.872700 0.389884
v -0.828382 0.776672 0.342740
v -0.907688 0.654141 0.326495
v -0.957925 0.517102 0.342740
v -0.974173 0.378970 0.389884
v -0.954843 0.253265 0.463313
v -0.901826 0.152292 0.555838
v -0.411364 0.905365 0.513354
v -0.441136 0.845709 0.382503
v -0.487507 0.752794 0.278659
v -0.545938 0.635713 0.211987
v -0.610709 0.505928 0.189014
v -0.675480 0.376144 0.211987
v -0.733911 0.259063 0.278659
v -0.780282 0.166148 0.382503
v -0.810055 0.106492 0.513354
v 0.150614 1.086704 0.555838
v 0.203630 0.985731 0.463313
v 0.222961 0.860026 0.389884
v 0.206712 0.721894 0.342740
v 0.156476 0.584855 0.326495
v 0.077170 0.462325 0.342740
v -0.023444 0.366296 0.389884
v -0.135516 0.306170 0.463313
v -0.248077 0.287831 0.555838
v 0.188627 1.067733 0.658404
v 0.275936 0.949646 0.658404
v 0.322480 0.810360 0.658404
v 0.323705 0.663507 0.658404
v 0.279489 0.523464 0.658404
v 0.194162 0.403938 0.658404
v 0.076076 0.316629 0.658404
v -0.063211 0.270085 0.658404
v -0.210064 0.268860 0.658404
v 0.150614 1.086704 0.760969
v 0.203630 0.985731 0.853495
v 0.222961 0.860026 0.926924
v 0.206712 0.721894 0.974068
v 0.156476 0.584855 0.990313
v 0.077170 0.462325 0.974068
v -0.023444 0.366296 0.926924
v -0.135516 0.306170 0.853495
v -0.248077 0.287831 0.760969
v 0.058843 1.132504 0.803453
v 0.029070 1.072849 0.934305
v -0.017301 0.979933 1.038149
v -0.075732 0.862853 1.104821
v -0.140503 0.733068 1.127794
v -0.205274 0.603283 1.104821
v -0.263705 0.486203 1.038149
v -0.310076 0.393287 0.934305
v -0.339848 0.333631 0.803453
v -0.032929 1.178304 0.760969
v -0.145490 1.159966 0.853495
v -0.257562 1.099840 0.926924
v -0.358176 1.003811 0.974068
v -0.437482 0.881280 0.990313
v -0.487718 0.744242 0.974068
v -0.503967 0.606109 0.926924
v -0.484636 0.480404 0.853495
v -0.431620 0.379432 0.760969
v -0.350107 0.313076 0.658404
v 0.069101 1.153060 0.658404
v -0.070942 1.197275 0.658404
v -0.217795 1.196051 0.658404
v -0.357082 1.149506 0.658404
v -0.475168 1.062198 0.658404
v -0.560495 0.942672 0.658404
v -0.604711 0.802629 0.658404
v -0.603486 0.655776 0.658404
v -0.556942 0.516489 0.658404
v -0.469633 0.398403 0.658404
v -0.032929 1.178304 0.555838
v -0.145490 1.159966 0.463313
v -0.257562 1.099840 0.389884
v -0.358176 1.003811 0.342740
v -0.437482 0.881280 0.326495
v -0.487718 0.744242 0.342740
v -0.503967 0.606109 0.389884
v -0.484636 0.480404 0.463313
v -0.431620 0.379432 0.555838
v 0.058843 1.132504 0.513354
v 0.029070 1.072849 0.382503
v -0.017301 0.979933 0.278659
v -0.075732 0.862853 0.211987
v -0.140503 0.733068 0.189014
v -0.205274 0.603283 0.211987
v -0.263705 0.486203 0.278659
v -0.310076 0.393287 0.382503
v -0.339848 0.333631 0.513354
v 0.668692 0.947098 0.555838
v 0.721708 0.846125 0.463313
v 0.741038 0.720421 0.389884
v 0.724790 0.582288 0.342740
v 0.674554 0.445249 0.326495
v 0.595247 0.322719 0.342740
v 0.494633 0.226690 0.389884
v 0.382561 0.166564 0.463313
v 0.270001 0.148225 0.555838
v 0.706705 0.928127 0.658404
v 0.794013 0.810040 0.658404
v 0.840558 0.670754 0.658404
v 0.841782 0.523901 0.658404
v 0.797567 0.383858 0.658404
v 0.712240 0.264332 0.658404
v 0.594153 0.177023 0.658404
v 0.454866 0.130479 0.658404
v 0.308014 0.129254 0.658404
v 0.668692 0.947098 0.760969
v 0.721708 0.846126 0.853495
v 0.741038 0.720421 0.926924
v 0.724790 0.582288 0.974068
v 0.674554 0.445249 0.990313
v 0.595247 0.322719 0.974068
v 0.494633 0.226690 0.926924
v 0.382561 0.166564 0.853495
v 0.270001 0.148225 0.760969
v 0.576920 0.992898 0.803453
v 0.547148 0.933243 0.934305
v 0.500777 0.840327 1.038149
v 0.442346 0.723247 1.104821
v 0.377575 0.593462 1.127794
v 0.312803 0.463677 1.104821
v 0.254372 0.346597 1.038149
v 0.208001 0.253681 0.934305
v 0.178229 0.194026 0.803453
v 0.485148 1.038698 0.760969
v 0.372588 1.020360 0.853495
v 0.260516 0.960234 0.926924
v 0.159902 0.864205 0.974068
v 0.080595 0.741674 0.990313
v 0.030359 0.604636 0.974068
v 0.014111 0.466503 0.926924
v 0.033441 0.340798 0.853495
v 0.086457 0.239826 0.760969
v 0.167970 0.173470 0.658404
v 0.587179 1.013454 0.658404
v 0.447135 1.057669 0.658404
v 0.300283 1.056445 0.658404
v 0.160996 1.009900 0.658404
v 0.042910 0.922592 0.658404
v -0.042418 0.803066 0.658404
v -0.086633 0.663023 0.658404
v -0.085409 0.516170 0.658404
v -0.038864 0.376883 0.658404
v 0.048444 0.258797 0.658404
v 0.485148 1.038698 0.555838
v 0.372588 1.020360 0.463313
v 0.260516 0.960234 0.389884
v 0.159902 0.864205 0.342740
v 0.080595 0.741674 0.326495
v 0.030359 0.604636 0.342740
v 0.014111 0.466503 0.389884
v 0.033441 0.340798 0.463313
v 0.086457 0.239826 0.555838
v 0.576920 0.992898 0.513354
v 0.547148 0.933243 0.382503
v 0.500777 0.840327 0.278659
v 0.442346 0.723247 0.211987
v 0.377575 0.593462 0.189014
v 0.312803 0.463677 0.211987
v 0.254372 0.346597 0.278659
v 0.208001 0.253681 0.382503
v 0.178229 0.194026 0.513354
v 0.946143 0.591723 0.555838
v 0.999159 0.490751 0.463313
v 1.018489 0.365046 0.389884
v 1.002241 0.226913 0.342740
v 0.952005 0.089875 0.326495
v 0.872698 -0.032656 0.342740
v 0.772085 -0.128684 0.389884
v 0.660012 -0.188811 0.463313
v 0.547452 -0.207149 0.555838
v 0.984156 0.572752 0.658404
v 1.071464 0.454666 0.658404
v 1.118009 0.315379 0.658404
v 1.119233 0.168527 0.658404
v 1.075018 0.028483 0.658404
v 0.989691 -0.091043 0.658404
v 0.871604 -0.178351 0.658404
v 0.732317 -0.224896 0.658404
v 0.585465 -0.226120 0.658404
v 0.946143 0.591723 0.760969
v 0.999159 0.490751 0.853495
v 1.018489 0.365046 0.926924
v 1.002241 0.226913 0.974068
v 0.952005 0.089875 0.990313
v 0.872698 -0.032656 0.974068
v 0.772085 -0.128684 0.926924
v 0.660012 -0.188811 0.853495
v 0.547452 -0.207149 0.760969
v 0.854371 0.637524 0.803453
v 0.824599 0.577868 0.934305
v 0.778228 0.484953 1.038149
v 0.719797 0.367872 1.104821
v 0.655026 0.238087 1.127794
v 0.590254 0.108303 1.104821
v 0.531823 -0.008778 1.038149
v 0.485452 -0.101693 0.934305
v 0.455680 -0.161349 0.803453
v 0.762599 0.683324 0.760969
v 0.650039 0.664985 0.853495
v 0.537967 0.604859 0.926924
v 0.437353 0.508830 0.974068
v 0.358046 0.386300 0.990313
v 0.307810 0.249261 0.974068
v 0.291562 0.111129 0.926924
v 0.310892 -0.014576 0.853495
v 0.363908 -0.115549 0.760969
v 0.445421 -0.181905 0.658404
v 0.864630 0.658080 0.658404
v 0.724586 0.702295 0.658404
v 0.577734 0.701070 0.658404
v 0.438447 0.654526 0.658404
v 0.320361 0.567217 0.658404
v 0.235033 0.447692 0.658404
v 0.190818 0.307648 0.658404
v 0.192043 0.160795 0.658404
v 0.238587 0.021509 0.658404
v 0.325895 -0.096578 0.658404
v 0.762599 0.683324 0.555838
v 0.650039 0.664985 0.463313
v 0.537967 0.604859 0.389884
v 0.437353 0.508830 0.342740
v 0.358046 0.386300 0.326495
v 0.307810 0.249261 0.342740
v 0.291562 0.111129 0.389884
v 0.310892 -0.014576 0.463313
v 0.363908 -0.115549 0.555838
v 0.854371 0.637524 0.513354
v 0.824599 0.577868 0.382503
v 0.778228 0.484953 0.278659
v 0.719797 0.367872 0.211987
v 0.655026 0.238087 0.189014
v 0.590254 0.108303 0.211987
v 0.531823 -0.008778 0.278659
v 0.485452 -0.101693 0.382503
v 0.455680 -0.161349 0.513354
v 1.027688 0.124208 0.555838
v 1.080704 0.023236 0.463313
v 1.100034 -0.102469 0.389884
v 1.083786 -0.240601 0.342740
v 1.033550 -0.377640 0.326495
v 0.954243 -0.500171 0.342740
v 0.853629 -0.596199 0.389884
v 0.741557 -0.656326 0.463313
v 0.628997 -0.674664 0.555838
v 1.065701 0.105237 0.658404
v 1.153009 -0.012849 0.658404
v 1.199554 -0.152136 0.658404
v 1.200778 -0.298988 0.658404
v 1.156563 -0.439032 0.658404
v 1.071236 -0.558558 0.658404
v 0.953149 -0.645866 0.658404
v 0.813862 -0.692411 0.658404
v 0.667010 -0.693635 0.658404
v 1.027688 0.124208 0.760969
v 1.080704 0.023236 0.853495
v 1.100034 -0.102469 0.926924
v 1.083786 -0.240601 0.974068
v 1.033550 -0.377640 0.990313
v 0.954243 -0.500171 0.974068
v 0.853629 -0.596199 0.926924
v 0.741557 -0.656326 0.853495
v 0.628997 -0.674664 0.760969
v 0.935916 0.170009 0.803453
v 0.906144 0.110353 0.934305
v 0.859773 0.017437 1.038149
v 0.801342 -0.099643 1.104821
v 0.736570 -0.229428 1.127794
v 0.671799 -0.359212 1.104821
v 0.613368 -0.476293 1.038149
v 0.566997 -0.569208 0.934305
v 0.537225 -0.628864 0.803453
v 0.844144 0.215809 0.760969
v 0.731584 0.197470 0.853495
v 0.619511 0.137344 0.926924
v 0.518898 0.041316 0.974068
v 0.439591 -0.081215 0.990313
v 0.389355 -0.218254 0.974068
v 0.373107 -0.356386 0.926924
v 0.392437 -0.482091 0.853495
v 0.445453 -0.583064 0.760969
v 0.526966 -0.649420 0.658404
v 0.946175 0.190564 0.658404
v 0.806131 0.234780 0.658404
v 0.659279 0.233555 0.658404
v 0.519992 0.187011 0.658404
v 0.401905 0.099703 0.658404
v 0.316578 -0.019823 0.658404
v 0.272363 -0.159867 0.658404
v 0.273587 -0.306719 0.658404
v 0.320132 -0.446006 0.658404
v 0.407440 -0.564093 0.658404
v 0.844144 0.215809 0.555838
v 0.731584 0.197470 0.463313
v 0.619511 0.137344 0.389884
v 0.518898 0.041316 0.342740
v 0.439591 -0.081215 0.326495
v 0.389355 -0.218254 0.342740
v 0.373107 -0.356386 0.389884
v 0.392437 -0.482091 0.463313
v 0.445453 -0.583064 0.555838
v 0.935916 0.170009 0.513354
v 0.906144 0.110353 0.382503
v 0.859773 0.017437 0.278659
v 0.801342 -0.099643 0.211987
v 0.736570 -0.229428 0.189014
v 0.671799 -0.359212 0.211987
v 0.613368 -0.476293 0.278659
v 0.566997 -0.569208 0.382503
v 0.537225 -0.628864 0.513354
v 0.795626 -0.312742 0.555838
v 0.848642 -0.413715 0.463313
v 0.867972 -0.539420 0.389884
v 0.851724 -0.677552 0.342740
v 0.801488 -0.814591 0.326495
v 0.722181 -0.937122 0.342740
v 0.621568 -1.033150 0.389884
v 0.509495 -1.093276 0.463313
v 0.396935 -1.111615 0.555838
v 0.833639 -0.331713 0.658404
v 0.920947 -0.449800 0.658404
v 0.967492 -0.589087 0.658404
v 0.968716 -0.735939 0.658404
v 0.924501 -0.875983 0.658404
v 0.839174 -0.995509 0.658404
v 0.721087 -1.082817 0.658404
v 0.581801 -1.129362 0.658404
v 0.434948 -1.130586 0.658404
v 0.795626 -0.312742 0.760969
v 0.848642 -0.413715 0.853495
v 0.867972 -0.539420 0.926924
v 0.851724 -0.677552 0.974068
v 0.801488 -0.814591 0.990313
v 0.722181 -0.937122 0.974068
v 0.621568 -1.033150 0.926924
v 0.509495 -1.093276 0.853495
v 0.396935 -1.111615 0.760969
v 0.703854 -0.266942 0.803453
v 0.674082 -0.326598 0.934305
v 0.627711 -0.419513 1.038149
v 0.569280 -0.536594 1.104821
v 0.504509 -0.666378 1.127794
v 0.439737 -0.796163 1.104821
v 0.381306 -0.913244 1.038149
v 0.334935 -1.006159 0.934305
v 0.305163 -1.065815 0.803453
v 0.612082 -0.221142 0.760969
v 0.499522 -0.239481 0.853495
v 0.387450 -0.299607 0.926924
v 0.286836 -0.395635 0.974068
v 0.207529 -0.518166 0.990313
v 0.157293 -0.655205 0.974068
v 0.141045 -0.793337 0.926924
v 0.160375 -0.919042 0.853495
v 0.213392 -1.020014 0.760969
v 0.294904 -1.086371 0.658404
v 0.714113 -0.246386 0.658404
v 0.574069 -0.202171 0.658404
v 0.427217 -0.203395 0.658404
v 0.287930 -0.249940 0.658404
v 0.169844 -0.337248 0.658404
v 0.084517 -0.456774 0.658404
v 0.040301 -0.596818 0.658404
v 0.041526 -0.743670 0.658404
v 0.088070 -0.882957 0.658404
v 0.175379 -1.001043 0.658404
v 0.612082 -0.221142 0.555838
v 0.499522 -0.239481 0.463313
v 0.387450 -0.299607 0.389884
v 0.286836 -0.395635 0.342740
v 0.207529 -0.518166 0.326495
v 0.157293 -0.655205 0.342740
v 0.141045 -0.793337 0.389884
v 0.160375 -0.919042 0.463313
v 0.213392 -1.020014 0.555838
v 0.703854 -0.266942 0.513354
v 0.674082 -0.326598 0.382503
v 0.627711 -0.419513 0.278659
v 0.569280 -0.536594 0.211987
v 0.504509 -0.666378 0.189014
v 0.439737 -0.796163 0.211987
v 0.381306 -0.913244 0.278659
v 0.334935 -1.006159 0.382503
v 0.305163 -1.065815 0.513354
v 0.445717 -0.410999 0.555838
v 0.498734 -0.511971 0.463313
v 0.518064 -0.637676 0.389884
v 0.501816 -0.775809 0.342740
v 0.451580 -0.912847 0.326495
v 0.372273 -1.035378 0.342740
v 0.271659 -1.131406 0.389884
v 0.159587 -1.191533 0.463313
v 0.047026 -1.209871 0.555838
v 0.483730 -0.429970 0.658404
v 0.571039 -0.548056 0.658404
v 0.617583 -0.687343 0.658404
v 0.618808 -0.834195 0.658404
v 0.574592 -0.974239 0.658404
v 0.489265 -1.093765 0.658404
v 0.371179 -1.181073 0.658404
v 0.231892 -1.227618 0.658404
v 0.085039 -1.228842 0.658404
v 0.445717 -0.410999 0.760969
v 0.498734 -0.511971 0.853495
v 0.518064 -0.637676 0.926924
v 0.501816 -0.775809 0.974068
v 0.451580 -0.912847 0.990313
v 0.372273 -1.035378 0.974068
v 0.271659 -1.131406 0.926924
v 0.159587 -1.191532 0.853495
v 0.047026 -1.209871 0.760969
v 0.353946 -0.365198 0.803453
v 0.324174 -0.424854 0.934305
v 0.277802 -0.517770 1.038149
v 0.219372 -0.634850 1.104821
v 0.154600 -0.764635 1.127794
v 0.089829 -0.894419 1.104821
v 0.031398 -1.011500 1.038149
v -0.014973 -1.104415 0.934305
v -0.044745 -1.164071 0.803453
v 0.262174 -0.319398 0.760969
v 0.149614 -0.337737 0.853495
v 0.037541 -0.397863 0.926924
v -0.063073 -0.493891 0.974068
v -0.142379 -0.616422 0.990313
v -0.192615 -0.753461 0.974068
v -0.208863 -0.891593 0.926924
v -0.189533 -1.017298 0.853495
v -0.136517 -1.118271 0.760969
v -0.055004 -1.184627 0.658404
v 0.364204 -0.344643 0.658404
v 0.224161 -0.300427 0.658404
v 0.077308 -0.301652 0.658404
v -0.061978 -0.348196 0.658404
v -0.180065 -0.435504 0.658404
v -0.265392 -0.555030 0.658404
v -0.309607 -0.695074 0.658404
v -0.308383 -0.841927 0.658404
v -0.261838 -0.981213 0.658404
v -0.174530 -1.099300 0.658404
v 0.262174 -0.319398 0.555838
v 0.149614 -0.337737 0.463313
v 0.037541 -0.397863 0.389884
v -0.063073 -0.493891 0.342740
v -0.142379 -0.616422 0.326495
v -0.192615 -0.753461 0.342740
v -0.208863 -0.891593 0.389884
v -0.189533 -1.017298 0.463313
v -0.136517 -1.118271 0.555838
v 0.353946 -0.365198 0.513354
v 0.324174 -0.424854 0.382503
v 0.277802 -0.517770 0.278659
v 0.219372 -0.634850 0.211987
v 0.154600 -0.764635 0.189014
v 0.089829 -0.894419 0.211987
v 0.031398 -1.011500 0.278659
v -0.014973 -1.104415 0.382503
v -0.044745 -1.164071 0.513354
v -0.021934 -0.310553 0.555838
v 0.031083 -0.411525 0.463313
v 0.050413 -0.537230 0.389884
v 0.034165 -0.675363 0.342740
v -0.016071 -0.812402 0.326495
v -0.095378 -0.934932 0.342740
v -0.195992 -1.030961 0.389884
v -0.308064 -1.091087 0.463313
v -0.420625 -1.109426 0.555838
v 0.016079 -0.329524 0.658404
v 0.103388 -0.447611 0.658404
v 0.149932 -0.586897 0.658404
v 0.151157 -0.733750 0.658404
v 0.106941 -0.873793 0.658404
v 0.021614 -0.993319 0.658404
v -0.096472 -1.080628 0.658404
v -0.235759 -1.127172 0.658404
v -0.382612 -1.128397 0.658404
v -0.021934 -0.310553 0.760969
v 0.031083 -0.411525 0.853495
v 0.050413 -0.537230 0.926924
v 0.034165 -0.675363 0.974068
v -0.016072 -0.812402 0.990313
v -0.095378 -0.934932 0.974068
v -0.195992 -1.030961 0.926924
v -0.308064 -1.091087 0.853495
v -0.420625 -1.109426 0.760969
v -0.113705 -0.264753 0.803453
v -0.143477 -0.324408 0.934305
v -0.189848 -0.417324 1.038149
v -0.248279 -0.534404 1.104821
v -0.313051 -0.664189 1.127794
v -0.377822 -0.793974 1.104821
v -0.436253 -0.911054 1.038149
v -0.482624 -1.003970 0.934305
v -0.512396 -1.063625 0.803453
v -0.205477 -0.218953 0.760969
v -0.318037 -0.237291 0.853495
v -0.430110 -0.297417 0.926924
v -0.530724 -0.393446 0.974068
v -0.610030 -0.515977 0.990313
v -0.660266 -0.653015 0.974068
v -0.676514 -0.791148 0.926924
v -0.657184 -0.916853 0.853495
v -0.604168 -1.017825 0.760969
v -0.522655 -1.084181 0.658404
v -0.103447 -0.244197 0.658404
v -0.243490 -0.199982 0.658404
v -0.390343 -0.201206 0.658404
v -0.529629 -0.247751 0.658404
v -0.647716 -0.335059 0.658404
v -0.733043 -0.454585 0.658404
v -0.777258 -0.594628 0.658404
v -0.776034 -0.741481 0.658404
v -0.729489 -0.880768 0.658404
v -0.642181 -0.998854 0.658404
v -0.205477 -0.218953 0.555838
v -0.318037 -0.237291 0.463313
v -0.430110 -0.297417 0.389884
v -0.530724 -0.393446 0.342740
v -0.610030 -0.515977 0.326495
v -0.660266 -0.653015 0.342740
v -0.676514 -0.791148 0.389884
v -0.657184 -0.916853 0.463313
v -0.604168 -1.017825 0.555838
v -0.113705 -0.264753 0.513354
v -0.143477 -0.324408 0.382503
v -0.189848 -0.417324 0.278659
v -0.248279 -0.534404 0.211987
v -0.313051 -0.664189 0.189014
v -0.377822 -0.793974 0.211987
v -0.436253 -0.911054 0.278659
v -0.482624 -1.003970 0.382503
v -0.512396 -1.063625 0.513354
v -0.369318 -0.039226 0.555838
v -0.316302 -0.140199 0.463313
v -0.296972 -0.265904 0.389884
v -0.313220 -0.404036 0.342740
v -0.363456 -0.541075 0.326495
v -0.442763 -0.663606 0.342740
v -0.543376 -0.759634 0.389884
v -0.655449 -0.819760 0.463313
v -0.768009 -0.838099 0.555838
v -0.331305 -0.058197 0.658404
v -0.243997 -0.176284 0.658404
v -0.197452 -0.315571 0.658404
v -0.196228 -0.462423 0.658404
v -0.240443 -0.602467 0.658404
v -0.325770 -0.721993 0.658404
v -0.443857 -0.809301 0.658404
v -0.583144 -0.855846 0.658404
v -0.729996 -0.857070 0.658404
v -0.369318 -0.039226 0.760969
v -0.316302 -0.140199 0.853495
v -0.296972 -0.265904 0.926924
v -0.313220 -0.404036 0.974068
v -0.363456 -0.541075 0.990313
v -0.442763 -0.663606 0.974068
v -0.543376 -0.759634 0.926924
v -0.655449 -0.819760 0.853495
v -0.768009 -0.838099 0.760969
v -0.461090 0.006574 0.803453
v -0.490862 -0.053082 0.934305
v -0.537233 -0.145997 1.038149
v -0.595664 -0.263078 1.104821
v -0.660435 -0.392862 1.127794
v -0.725207 -0.522647 1.104821
v -0.783638 -0.639728 1.038149
v -0.830009 -0.732643 0.934305
v -0.859781 -0.792299 0.803453
v -0.552862 0.052374 0.760969
v -0.665422 0.034035 0.853495
v -0.777494 -0.026091 0.926924
v -0.878108 -0.122119 0.974068
v -0.957415 -0.244650 0.990313
v -1.007651 -0.381689 0.974068
v -1.023899 -0.519821 0.926924
v -1.004569 -0.645526 0.853495
v -0.951553 -0.746499 0.760969
v -0.870040 -0.812855 0.658404
v -0.450831 0.027130 0.658404
v -0.590875 0.071345 0.658404
v -0.737727 0.070121 0.658404
v -0.877014 0.023576 0.658404
v -0.995100 -0.063732 0.658404
v -1.080427 -0.183258 0.658404
v -1.124643 -0.323302 0.658404
v -1.123418 -0.470154 0.658404
v -1.076874 -0.609441 0.658404
v -0.989566 -0.727527 0.658404
v -0.552862 0.052374 0.555838
v -0.665422 0.034035 0.463313
v -0.777494 -0.026091 0.389884
v -0.878108 -0.122119 0.342740
v -0.957415 -0.244650 0.326495
v -1.007651 -0.381689 0.342740
v -1.023899 -0.519821 0.389884
v -1.004569 -0.645526 0.463313
v -0.951553 -0.746499 0.555838
v -0.461090 0.006574 0.513354
v -0.490862 -0.053082 0.382503
v -0.537233 -0.145997 0.278659
v -0.595664 -0.263078 0.211987
v -0.660435 -0.392862 0.189014
v -0.725207 -0.522647 0.211987
v -0.783638 -0.639728 0.278659
v -0.830009 -0.732643 0.382503
v -0.859781 -0.792299 0.513354
v -0.784829 0.148025 -0.063621
v -0.676667 0.070085 -0.171783
v -0.590829 -0.051308 -0.257621
v -0.535718 -0.204272 -0.312732
v -0.516728 -0.373834 -0.331722
v -0.535718 -0.543396 -0.312732
v -0.590829 -0.696360 -0.257621
v -0.676667 -0.817753 -0.171783
v -0.784829 -0.895692 -0.063621
v -0.735165 0.148025 0.056278
v -0.582201 0.070085 0.056278
v -0.460808 -0.051308 0.056278
v -0.382869 -0.204272 0.056278
v -0.356013 -0.373834 0.056278
v -0.382869 -0.543396 0.056278
v -0.460808 -0.696360 0.056278
v -0.582201 -0.817753 0.056278
v -0.735165 -0.895692 0.056278
v -0.784829 0.148025 0.176176
v -0.676667 0.070085 0.284338
v -0.590829 -0.051308 0.370176
v -0.535718 -0.204272 0.425287
v -0.516728 -0.373834 0.444277
v -0.535718 -0.543396 0.425287
v -0.590829 -0.696360 0.370176
v -0.676667 -0.817753 0.284338
v -0.784829 -0.895692 0.176176
v -0.904727 0.148025 0.225840
v -0.904727 0.070085 0.378804
v -0.904727 -0.051308 0.500197
v -0.904727 -0.204272 0.578136
v -0.904727 -0.373834 0.604992
v -0.904727 -0.543396 0.578136
v -0.904727 -0.696360 0.500197
v -0.904727 -0.817753 0.378804
v -0.904727 -0.895692 0.225840
v -1.024626 0.148025 0.176176
v -1.132788 0.070085 0.284338
v -1.218625 -0.051308 0.370176
v -1.273737 -0.204272 0.425287
v -1.292727 -0.373834 0.444277
v -1.273737 -0.543396 0.425287
v -1.218626 -0.696360 0.370176
v -1.132788 -0.817753 0.284338
v -1.024626 -0.895692 0.176176
v -0.904727 -0.922548 0.056278
v -0.904727 0.174880 0.056278
v -1.074289 0.148025 0.056278
v -1.227253 0.070085 0.056278
v -1.348646 -0.051308 0.056278
v -1.426586 -0.204272 0.056278
v -1.453442 -0.373834 0.056278
v -1.426586 -0.543396 0.056278
v -1.348647 -0.696360 0.056278
v -1.227253 -0.817753 0.056278
v -1.074289 -0.895692 0.056278
v -1.024626 0.148025 -0.063621
v -1.132788 0.070085 -0.171783
v -1.218625 -0.051308 -0.257621
v -1.273737 -0.204272 -0.312732
v -1.292727 -0.373834 -0.331722
v -1.273737 -0.543396 -0.312732
v -1.218626 -0.696360 -0.257621
v -1.132788 -0.817753 -0.171783
v -1.024626 -0.895692 -0.063621
v -0.904727 0.148025 -0.113284
v -0.904727 0.070085 -0.266248
v -0.904727 -0.051308 -0.387641
v -0.904727 -0.204272 -0.465581
v -0.904727 -0.373834 -0.492436
v -0.904727 -0.543396 -0.465581
v -0.904727 -0.696360 -0.387641
v -0.904727 -0.817753 -0.266248
v -0.904727 -0.895692 -0.113284
v -0.814103 0.740837 -0.063621
v -0.705942 0.662898 -0.171783
v -0.620104 0.541505 -0.257620
v -0.564992 0.388541 -0.312732
v -0.546002 0.218979 -0.331722
v -0.564992 0.049417 -0.312732
v -0.620104 -0.103547 -0.257620
v -0.705942 -0.224940 -0.171783
v -0.814103 -0.302879 -0.063621
v -0.764440 0.740837 0.056278
v -0.611476 0.662898 0.056278
v -0.490083 0.541505 0.056278
v -0.412144 0.388541 0.056278
v -0.385288 0.218979 0.056278
v -0.412144 0.049417 0.056278
v -0.490083 -0.103547 0.056278
v -0.611476 -0.224940 0.056278
v -0.764440 -0.302879 0.056278
v -0.814103 0.740837 0.176176
v -0.705942 0.662898 0.284338
v -0.620104 0.541505 0.370176
v -0.564992 0.388541 0.425287
v -0.546002 0.218979 0.444277
v -0.564992 0.049417 0.425287
v -0.620104 -0.103547 0.370176
v -0.705942 -0.224940 0.284338
v -0.814103 -0.302879 0.176176
v -0.934002 0.740837 0.225840
v -0.934002 0.662898 0.378804
v -0.934002 0.541505 0.500197
v -0.934002 0.388541 0.578136
v -0.934002 0.218979 0.604992
v -0.934002 0.049417 0.578136
v -0.934002 -0.103547 0.500197
v -0.934002 -0.224940 0.378804
v -0.934002 -0.302879 0.225840
v -1.053900 0.740837 0.176176
v -1.162063 0.662898 0.284338
v -1.247900 0.541505 0.370176
v -1.303011 0.388541 0.425287
v -1.322002 0.218979 0.444277
v -1.303012 0.049417 0.425287
v -1.247900 -0.103547 0.370176
v -1.162062 -0.224940 0.284338
v -1.053900 -0.302879 0.176176
v -0.934002 -0.329735 0.056278
v -0.934002 0.767693 0.056278
v -1.103564 0.740837 0.056278
v -1.256528 0.662898 0.056278
v -1.377921 0.541505 0.056278
v -1.455860 0.388541 0.056278
v -1.482716 0.218979 0.056278
v -1.455860 0.049417 0.056278
v -1.377921 -0.103547 0.056278
v -1.256528 -0.224940 0.056278
v -1.103564 -0.302879 0.056278
v -1.053900 0.740837 -0.063621
v -1.162063 0.662898 -0.171783
v -1.247900 0.541505 -0.257620
v -1.303011 0.388541 -0.312732
v -1.322002 0.218979 -0.331722
v -1.303012 0.049417 -0.312732
v -1.247900 -0.103547 -0.257620
v -1.162062 -0.224940 -0.171783
v -1.053900 -0.302879 -0.063621
v -0.934002 0.740837 -0.113284
v -0.934002 0.662898 -0.266248
v -0.934002 0.541505 -0.387641
v -0.934002 0.388541 -0.465581
v -0.934002 0.218979 -0.492436
v -0.934002 0.049417 -0.465581
v -0.934002 -0.103547 -0.387641
v -0.934002 -0.224940 -0.266248
v -0.934002 -0.302879 -0.113284
v -0.440851 1.223870 -0.063621
v -0.332689 1.145931 -0.171783
v -0.246851 1.024538 -0.257620
v -0.191740 0.871574 -0.312732
v -0.172750 0.702012 -0.331722
v -0.191740 0.532450 -0.312732
v -0.246851 0.379486 -0.257620
v -0.332689 0.258093 -0.171783
v -0.440851 0.180153 -0.063621
v -0.391188 1.223870 0.056278
v -0.238223 1.145931 0.056278
v -0.116830 1.024538 0.056278
v -0.038891 0.871574 0.056278
v -0.012035 0.702012 0.056278
v -0.038891 0.532450 0.056278
v -0.116830 0.379486 0.056278
v -0.238223 0.258093 0.056278
v -0.391188 0.180154 0.056278
v -0.440851 1.223870 0.176176
v -0.332689 1.145931 0.284338
v -0.246851 1.024538 0.370176
v -0.191740 0.871574 0.425287
v -0.172750 0.702012 0.444277
v -0.191740 0.532450 0.425287
v -0.246851 0.379486 0.370176
v -0.332689 0.258093 0.284338
v -0.440851 0.180153 0.176176
v -0.560750 1.223870 0.225840
v -0.560750 1.145931 0.378804
v -0.560750 1.024538 0.500197
v -0.560750 0.871574 0.578136
v -0.560750 0.702012 0.604992
v -0.560750 0.532450 0.578136
v -0.560750 0.379486 0.500197
v -0.560750 0.258093 0.378804
v -0.560750 0.180154 0.225840
v -0.680648 1.223870 0.176176
v -0.788810 1.145931 0.284338
v -0.874648 1.024538 0.370176
v -0.929759 0.871574 0.425287
v -0.948749 0.702012 0.444277
v -0.929759 0.532450 0.425287
v -0.874648 0.379486 0.370176
v -0.788810 0.258093 0.284338
v -0.680648 0.180153 0.176176
v -0.560750 0.153298 0.056278
v -0.560750 1.250726 0.056278
v -0.730312 1.223870 0.056278
v -0.883276 1.145931 0.056278
v -1.004669 1.024538 0.056278
v -1.082608 0.871574 0.056278
v -1.109464 0.702012 0.056278
v -1.082608 0.532450 0.056278
v -1.004669 0.379486 0.056278
v -0.883276 0.258093 0.056278
v -0.730312 0.180153 0.056278
v -0.680648 1.223870 -0.063621
v -0.788810 1.145931 -0.171783
v -0.874648 1.024538 -0.257620
v -0.929759 0.871574 -0.312732
v -0.948749 0.702012 -0.331722
v -0.929759 0.532450 -0.312732
v -0.874648 0.379486 -0.257620
v -0.788810 0.258093 -0.171783
v -0.680648 0.180153 -0.063621
v -0.560750 1.223870 -0.113284
v -0.560750 1.145931 -0.266248
v -0.560750 1.024538 -0.387641
v -0.560750 0.871574 -0.465581
v -0.560750 0.702012 -0.492436
v -0.560750 0.532450 -0.465581
v -0.560750 0.379486 -0.387641
v -0.560750 0.258093 -0.266248
v -0.560750 0.180154 -0.113284
v 0.173918 1.348288 -0.063621
v 0.282080 1.270348 -0.171783
v 0.367917 1.148956 -0.257620
v 0.423029 0.995991 -0.312732
v 0.442019 0.826429 -0.331722
v 0.423029 0.656867 -0.312732
v 0.367917 0.503903 -0.257620
v 0.282080 0.382510 -0.171783
v 0.173918 0.304571 -0.063621
v 0.223581 1.348288 0.056278
v 0.376545 1.270349 0.056278
v 0.497938 1.148956 0.056278
v 0.575877 0.995991 0.056278
v 0.602734 0.826429 0.056278
v 0.575878 0.656867 0.056278
v 0.497938 0.503903 0.056278
v 0.376545 0.382510 0.056278
v 0.223581 0.304571 0.056278
v 0.173918 1.348288 0.176176
v 0.282080 1.270348 0.284338
v 0.367917 1.148956 0.370176
v 0.423029 0.995991 0.425287
v 0.442019 0.826429 0.444277
v 0.423029 0.656867 0.425287
v 0.367917 0.503903 0.370176
v 0.282080 0.382510 0.284338
v 0.173918 0.304571 0.176176
v 0.054019 1.348288 0.225840
v 0.054019 1.270348 0.378804
v 0.054019 1.148956 0.500197
v 0.054019 0.995991 0.578136
v 0.054019 0.826429 0.604992
v 0.054019 0.656867 0.578136
v 0.054019 0.503903 0.500197
v 0.054019 0.382510 0.378804
v 0.054019 0.304571 0.225840
v -0.065879 1.348288 0.176176
v -0.174041 1.270349 0.284338
v -0.259879 1.148956 0.370176
v -0.314990 0.995991 0.425287
v -0.333980 0.826429 0.444277
v -0.314990 0.656867 0.425287
v -0.259879 0.503903 0.370176
v -0.174041 0.382510 0.284338
v -0.065879 0.304571 0.176176
v 0.054019 0.277715 0.056278
v 0.054019 1.375144 0.056278
v -0.115543 1.348288 0.056278
v -0.268507 1.270349 0.056278
v -0.389900 1.148956 0.056278
v -0.467839 0.995991 0.056278
v -0.494695 0.826429 0.056278
v -0.467839 0.656867 0.056278
v -0.389900 0.503903 0.056278
v -0.268507 0.382510 0.056278
v -0.115543 0.304571 0.056278
v -0.065879 1.348288 -0.063621
v -0.174041 1.270349 -0.171783
v -0.259879 1.148956 -0.257620
v -0.314990 0.995991 -0.312732
v -0.333980 0.826429 -0.331722
v -0.314990 0.656867 -0.312732
v -0.259879 0.503903 -0.257620
v -0.174041 0.382510 -0.171783
v -0.065879 0.304571 -0.063621
v 0.054019 1.348288 -0.113284
v 0.054019 1.270348 -0.266248
v 0.054019 1.148956 -0.387641
v 0.054019 0.995991 -0.465581
v 0.054019 0.826429 -0.492436
v 0.054019 0.656867 -0.465581
v 0.054019 0.503903 -0.387641
v 0.054019 0.382510 -0.266248
v 0.054019 0.304571 -0.113284
v 0.649632 1.121409 -0.063621
v 0.757794 1.043470 -0.171783
v 0.843631 0.922077 -0.257620
v 0.898743 0.769112 -0.312732
v 0.917733 0.599550 -0.331722
v 0.898743 0.429988 -0.312732
v 0.843632 0.277024 -0.257620
v 0.757794 0.155631 -0.171783
v 0.649632 0.077692 -0.063621
v 0.699295 1.121409 0.056278
v 0.852259 1.043470 0.056278
v 0.973652 0.922077 0.056278
v 1.051592 0.769112 0.056278
v 1.078447 0.599550 0.056278
v 1.051592 0.429988 0.056278
v 0.973652 0.277024 0.056278
v 0.852259 0.155631 0.056278
v 0.699295 0.077692 0.056278
v 0.649632 1.121409 0.176176
v 0.757794 1.043470 0.284338
v 0.843631 0.922077 0.370176
v 0.898743 0.769112 0.425287
v 0.917733 0.599550 0.444277
v 0.898743 0.429988 0.425287
v 0.843632 0.277024 0.370176
v 0.757794 0.155631 0.284338
v 0.649632 0.077692 0.176176
v 0.529733 1.121409 0.225840
v 0.529733 1.043470 0.378804
v 0.529733 0.922077 0.500197
v 0.529733 0.769112 0.578136
v 0.529733 0.599550 0.604992
v 0.529733 0.429988 0.578136
v 0.529733 0.277024 0.500197
v 0.529733 0.155631 0.378804
v 0.529733 0.077692 0.225840
v 0.409835 1.121409 0.176176
v 0.301673 1.043470 0.284338
v 0.215835 0.922076 0.370176
v 0.160724 0.769112 0.425287
v 0.141734 0.599550 0.444277
v 0.160724 0.429988 0.425287
v 0.215835 0.277024 0.370176
v 0.301673 0.155631 0.284338
v 0.409835 0.077692 0.176176
v 0.529733 0.050836 0.056278
v 0.529733 1.148265 0.056278
v 0.360171 1.121409 0.056278
v 0.207207 1.043470 0.056278
v 0.085814 0.922077 0.056278
v 0.007875 0.769112 0.056278
v -0.018981 0.599550 0.056278
v 0.007875 0.429988 0.056278
v 0.085814 0.277024 0.056278
v 0.207207 0.155631 0.056278
v 0.360171 0.077692 0.056278
v 0.409835 1.121409 -0.063621
v 0.301673 1.043470 -0.171783
v 0.215835 0.922076 -0.257620
v 0.160724 0.769112 -0.312732
v 0.141734 0.599550 -0.331722
v 0.160724 0.429988 -0.312732
v 0.215835 0.277024 -0.257620
v 0.301673 0.155631 -0.171783
v 0.409835 0.077692 -0.063621
v 0.529733 1.121409 -0.113284
v 0.529733 1.043470 -0.266248
v 0.529733 0.922077 -0.387641
v 0.529733 0.769112 -0.465581
v 0.529733 0.599550 -0.492436
v 0.529733 0.429988 -0.465581
v 0.529733 0.277024 -0.387641
v 0.529733 0.155631 -0.266248
v 0.529733 0.077692 -0.113284
v 0.978972 0.674969 -0.063621
v 1.087134 0.597030 -0.171783
v 1.172972 0.475637 -0.257620
v 1.228083 0.322673 -0.312732
v 1.247073 0.153111 -0.331722
v 1.228083 -0.016451 -0.312732
v 1.172972 -0.169415 -0.257620
v 1.087134 -0.290808 -0.171783
v 0.978972 -0.368747 -0.063621
v 1.028636 0.674969 0.056278
v 1.181600 0.597030 0.056278
v 1.302993 0.475637 0.056278
v 1.380932 0.322673 0.056278
v 1.407788 0.153111 0.056278
v 1.380932 -0.016451 0.056278
v 1.302993 -0.169415 0.056278
v 1.181600 -0.290808 0.056278
v 1.028636 -0.368747 0.056278
v 0.978972 0.674969 0.176176
v 1.087134 0.597030 0.284338
v 1.172972 0.475637 0.370176
v 1.228083 0.322673 0.425287
v 1.247073 0.153111 0.444277
v 1.228083 -0.016451 0.425287
v 1.172972 -0.169415 0.370176
v 1.087134 -0.290808 0.284338
v 0.978972 -0.368747 0.176176
v 0.859074 0.674969 0.225840
v 0.859074 0.597030 0.378804
v 0.859074 0.475637 0.500197
v 0.859074 0.322673 0.578136
v 0.859074 0.153111 0.604992
v 0.859074 -0.016451 0.578136
v 0.859074 -0.169415 0.500197
v 0.859074 -0.290808 0.378804
v 0.859074 -0.368747 0.225840
v 0.739175 0.674969 0.176176
v 0.631013 0.597030 0.284338
v 0.545175 0.475637 0.370176
v 0.490064 0.322673 0.425287
v 0.471074 0.153111 0.444277
v 0.490064 -0.016451 0.425287
v 0.545175 -0.169415 0.370176
v 0.631013 -0.290808 0.284338
v 0.739175 -0.368747 0.176176
v 0.859074 -0.395603 0.056278
v 0.859074 0.701825 0.056278
v 0.689512 0.674969 0.056278
v 0.536547 0.597030 0.056278
v 0.415155 0.475637 0.056278
v 0.337215 0.322673 0.056278
v 0.310360 0.153111 0.056278
v 0.337215 -0.016451 0.056278
v 0.415155 -0.169415 0.056278
v 0.536548 -0.290808 0.056278
v 0.689512 -0.368747 0.056278
v 0.739175 0.674969 -0.063621
v 0.631013 0.597030 -0.171783
v 0.545175 0.475637 -0.257620
v 0.490064 0.322673 -0.312732
v 0.471074 0.153111 -0.331722
v 0.490064 -0.016451 -0.312732
v 0.545175 -0.169415 -0.257620
v 0.631013 -0.290808 -0.171783
v 0.739175 -0.368747 -0.063621
v 0.859074 0.674969 -0.113284
v 0.859074 0.597030 -0.266248
v 0.859074 0.475637 -0.387641
v 0.859074 0.322673 -0.465581
v 0.859074 0.153111 -0.492436
v 0.859074 -0.016451 -0.465581
v 0.859074 -0.169415 -0.387641
v 0.859074 -0.290808 -0.266248
v 0.859074 -0.368747 -0.113284
v 0.964335 0.096794 -0.063621
v 1.072497 0.018855 -0.171783
v 1.158335 -0.102538 -0.257620
v 1.213446 -0.255502 -0.312732
v 1.232436 -0.425064 -0.331722
v 1.213446 -0.594626 -0.312732
v 1.158335 -0.747590 -0.257620
v 1.072497 -0.868983 -0.171783
v 0.964335 -0.946923 -0.063621
v 1.013999 0.096794 0.056278
v 1.166963 0.018855 0.056278
v 1.288355 -0.102538 0.056278
v 1.366295 -0.255502 0.056278
v 1.393151 -0.425064 0.056278
v 1.366295 -0.594626 0.056278
v 1.288356 -0.747591 0.056278
v 1.166963 -0.868984 0.056278
v 1.013999 -0.946923 0.056278
v 0.964335 0.096794 0.176176
v 1.072497 0.018855 0.284338
v 1.158335 -0.102538 0.370176
v 1.213446 -0.255502 0.425287
v 1.232436 -0.425064 0.444277
v 1.213446 -0.594626 0.425287
v 1.158335 -0.747590 0.370176
v 1.072497 -0.868984 0.284338
v 0.964335 -0.946923 0.176176
v 0.844436 0.096794 0.225840
v 0.844436 0.018855 0.378804
v 0.844436 -0.102538 0.500197
v 0.844436 -0.255502 0.578136
v 0.844436 -0.425064 0.604992
v 0.844436 -0.594626 0.578136
v 0.844436 -0.747591 0.500197
v 0.844436 -0.868984 0.378804
v 0.844436 -0.946923 0.225840
v 0.724538 0.096794 0.176176
v 0.616376 0.018855 0.284338
v 0.530538 -0.102538 0.370176
v 0.475427 -0.255502 0.425287
v 0.456437 -0.425064 0.444277
v 0.475427 -0.594626 0.425287
v 0.530538 -0.747591 0.370176
v 0.616376 -0.868984 0.284338
v 0.724538 -0.946923 0.176176
v 0.844436 -0.973779 0.056278
v 0.844436 0.123650 0.056278
v 0.674874 0.096794 0.056278
v 0.521910 0.018855 0.056278
v 0.400517 -0.102538 0.056278
v 0.322578 -0.255502 0.056278
v 0.295722 -0.425064 0.056278
v 0.322578 -0.594627 0.056278
v 0.400517 -0.747591 0.056278
v 0.521910 -0.868984 0.056278
v 0.674874 -0.946923 0.056278
v 0.724538 0.096794 -0.063621
v 0.616376 0.018855 -0.171783
v 0.530538 -0.102538 -0.257620
v 0.475427 -0.255502 -0.312732
v 0.456437 -0.425064 -0.331722
v 0.475427 -0.594626 -0.312732
v 0.530538 -0.747591 -0.257620
v 0.616376 -0.868984 -0.171783
v 0.724538 -0.946923 -0.063621
v 0.844436 0.096794 -0.113284
v 0.844436 0.018855 -0.266248
v 0.844436 -0.102538 -0.387641
v 0.844436 -0.255502 -0.465581
v 0.844436 -0.425064 -0.492436
v 0.844436 -0.594626 -0.465581
v 0.844436 -0.747591 -0.387641
v 0.844436 -0.868984 -0.266248
v 0.844436 -0.946923 -0.113284
v 0.649632 -0.188634 -0.063621
v 0.757794 -0.266574 -0.171783
v 0.843632 -0.387967 -0.257620
v 0.898743 -0.540931 -0.312732
v 0.917733 -0.710493 -0.331722
v 0.898743 -0.880055 -0.312732
v 0.843632 -1.033019 -0.257620
v 0.757794 -1.154412 -0.171783
v 0.649632 -1.232351 -0.063621
v 0.699295 -0.188635 0.056278
v 0.852260 -0.266574 0.056278
v 0.973653 -0.387967 0.056278
v 1.051592 -0.540931 0.056278
v 1.078448 -0.710493 0.056278
v 1.051592 -0.880055 0.056278
v 0.973653 -1.033019 0.056278
v 0.852260 -1.154412 0.056278
v 0.699295 -1.232351 0.056278
v 0.649632 -0.188634 0.176176
v 0.757794 -0.266574 0.284338
v 0.843632 -0.387967 0.370176
v 0.898743 -0.540931 0.425287
v 0.917733 -0.710493 0.444277
v 0.898743 -0.880055 0.425287
v 0.843632 -1.033019 0.370176
v 0.757794 -1.154412 0.284338
v 0.649632 -1.232351 0.176176
v 0.529733 -0.188635 0.225840
v 0.529734 -0.266574 0.378804
v 0.529733 -0.387967 0.500197
v 0.529733 -0.540931 0.578136
v 0.529733 -0.710493 0.604992
v 0.529734 -0.880055 0.578136
v 0.529733 -1.033019 0.500197
v 0.529733 -1.154412 0.378804
v 0.529733 -1.232351 0.225840
v 0.409835 -0.188635 0.176176
v 0.301673 -0.266574 0.284338
v 0.215835 -0.387967 0.370176
v 0.160724 -0.540931 0.425287
v 0.141734 -0.710493 0.444277
v 0.160724 -0.880055 0.425287
v 0.215835 -1.033019 0.370176
v 0.301673 -1.154412 0.284338
v 0.409835 -1.232351 0.176176
v 0.529733 -1.259207 0.056278
v 0.529733 -0.161779 0.056278
v 0.360171 -0.188635 0.056278
v 0.207207 -0.266574 0.056278
v 0.085814 -0.387967 0.056278
v 0.007875 -0.540931 0.056278
v -0.018981 -0.710493 0.056278
v 0.007875 -0.880055 0.056278
v 0.085814 -1.033019 0.056278
v 0.207207 -1.154412 0.056278
v 0.360171 -1.232351 0.056278
v 0.409835 -0.188635 -0.063621
v 0.301673 -0.266574 -0.171783
v 0.215835 -0.387967 -0.257620
v 0.160724 -0.540931 -0.312732
v 0.141734 -0.710493 -0.331722
v 0.160724 -0.880055 -0.312732
v 0.215835 -1.033019 -0.257620
v 0.301673 -1.154412 -0.171783
v 0.409835 -1.232351 -0.063621
v 0.529733 -0.188635 -0.113284
v 0.529734 -0.266574 -0.266248
v 0.529733 -0.387967 -0.387641
v 0.529733 -0.540931 -0.465581
v 0.529733 -0.710493 -0.492436
v 0.529734 -0.880055 -0.465581
v 0.529733 -1.033019 -0.387641
v 0.529733 -1.154412 -0.266248
v 0.529733 -1.232351 -0.113284
v 0.108050 -0.327689 -0.063621
v 0.216212 -0.405629 -0.171783
v 0.302050 -0.527022 -0.257620
v 0.357161 -0.679986 -0.312732
v 0.376151 -0.849548 -0.331722
v 0.357161 -1.019110 -0.312732
v 0.302050 -1.172074 -0.257620
v 0.216212 -1.293467 -0.171783
v 0.108050 -1.371406 -0.063621
v 0.157713 -0.327689 0.056278
v 0.310677 -0.405629 0.056278
v 0.432070 -0.527022 0.056278
v 0.510010 -0.679986 0.056278
v 0.536865 -0.849548 0.056278
v 0.510010 -1.019110 0.056278
v 0.432071 -1.172074 0.056278
v 0.310677 -1.293467 0.056278
v 0.157713 -1.371406 0.056278
v 0.108050 -0.327689 0.176176
v 0.216212 -0.405629 0.284338
v 0.302050 -0.527022 0.370176
v 0.357161 -0.679986 0.425287
v 0.376151 -0.849548 0.444277
v 0.357161 -1.019110 0.425287
v 0.302050 -1.172074 0.370176
v 0.216212 -1.293467 0.284338
v 0.108050 -1.371406 0.176176
v -0.011849 -0.327689 0.225840
v -0.011849 -0.405629 0.378804
v -0.011849 -0.527022 0.500197
v -0.011849 -0.679986 0.578136
v -0.011849 -0.849548 0.604992
v -0.011849 -1.019110 0.578136
v -0.011849 -1.172074 0.500197
v -0.011849 -1.293467 0.378804
v -0.011849 -1.371406 0.225840
v -0.131747 -0.327689 0.176176
v -0.239909 -0.405629 0.284338
v -0.325747 -0.527022 0.370176
v -0.380858 -0.679986 0.425287
v -0.399848 -0.849548 0.444277
v -0.380858 -1.019110 0.425287
v -0.325747 -1.172074 0.370176
v -0.239909 -1.293467 0.284338
v -0.131747 -1.371406 0.176176
v -0.011849 -1.398262 0.056278
v -0.011849 -0.300833 0.056278
v -0.181411 -0.327689 0.056278
v -0.334375 -0.405629 0.056278
v -0.455768 -0.527022 0.056278
v -0.533707 -0.679986 0.056278
v -0.560563 -0.849548 0.056278
v -0.533707 -1.019110 0.056278
v -0.455768 -1.172074 0.056278
v -0.334375 -1.293467 0.056278
v -0.181411 -1.371406 0.056278
v -0.131747 -0.327689 -0.063621
v -0.239909 -0.405629 -0.171783
v -0.325747 -0.527022 -0.257620
v -0.380858 -0.679986 -0.312732
v -0.399848 -0.849548 -0.331722
v -0.380858 -1.019110 -0.312732
v -0.325747 -1.172074 -0.257620
v -0.239909 -1.293467 -0.171783
v -0.131747 -1.371406 -0.063621
v -0.011849 -0.327689 -0.113284
v -0.011849 -0.405629 -0.266248
v -0.011849 -0.527022 -0.387641
v -0.011849 -0.679986 -0.465581
v -0.011849 -0.849548 -0.492436
v -0.011849 -1.019110 -0.465581
v -0.011849 -1.172074 -0.387641
v -0.011849 -1.293467 -0.266248
v -0.011849 -1.371406 -0.113284
v -0.396939 -0.225228 -0.063621
v -0.288777 -0.303167 -0.171783
v -0.202939 -0.424560 -0.257620
v -0.147828 -0.577524 -0.312732
v -0.128838 -0.747086 -0.331722
v -0.147828 -0.916648 -0.312732
v -0.202939 -1.069612 -0.257620
v -0.288777 -1.191005 -0.171783
v -0.396939 -1.268945 -0.063621
v -0.347275 -0.225228 0.056278
v -0.194311 -0.303167 0.056278
v -0.072918 -0.424560 0.056278
v 0.005021 -0.577524 0.056278
v 0.031877 -0.747086 0.056278
v 0.005021 -0.916648 0.056278
v -0.072918 -1.069612 0.056278
v -0.194311 -1.191005 0.056278
v -0.347275 -1.268945 0.056278
v -0.396939 -0.225228 0.176176
v -0.288777 -0.303167 0.284338
v -0.202939 -0.424560 0.370176
v -0.147828 -0.577524 0.425287
v -0.128838 -0.747086 0.444277
v -0.147828 -0.916648 0.425287
v -0.202939 -1.069612 0.370176
v -0.288777 -1.191005 0.284338
v -0.396939 -1.268945 0.176176
v -0.516837 -0.225228 0.225840
v -0.516837 -0.303167 0.378804
v -0.516837 -0.424560 0.500197
v -0.516837 -0.577524 0.578136
v -0.516837 -0.747086 0.604992
v -0.516837 -0.916648 0.578136
v -0.516837 -1.069612 0.500197
v -0.516837 -1.191005 0.378804
v -0.516837 -1.268945 0.225840
v -0.636736 -0.225228 0.176176
v -0.744898 -0.303167 0.284338
v -0.830736 -0.424560 0.370176
v -0.885847 -0.577524 0.425287
v -0.904837 -0.747086 0.444277
v -0.885847 -0.916648 0.425287
v -0.830736 -1.069612 0.370176
v -0.744898 -1.191005 0.284338
v -0.636736 -1.268945 0.176176
v -0.516837 -1.295800 0.056278
v -0.516837 -0.198372 0.056278
v -0.686400 -0.225228 0.056278
v -0.839364 -0.303167 0.056278
v -0.960757 -0.424560 0.056278
v -1.038696 -0.577524 0.056278
v -1.065552 -0.747086 0.056278
v -1.038696 -0.916648 0.056278
v -0.960756 -1.069612 0.056278
v -0.839364 -1.191005 0.056278
v -0.686399 -1.268945 0.056278
v -0.636736 -0.225228 -0.063621
v -0.744898 -0.303167 -0.171783
v -0.830736 -0.424560 -0.257620
v -0.885847 -0.577524 -0.312732
v -0.904837 -0.747086 -0.331722
v -0.885847 -0.916648 -0.312732
v -0.830736 -1.069612 -0.257620
v -0.744898 -1.191005 -0.171783
v -0.636736 -1.268945 -0.063621
v -0.516837 -0.225228 -0.113284
v -0.516837 -0.303167 -0.266248
v -0.516837 -0.424560 -0.387641
v -0.516837 -0.577524 -0.465581
v -0.516837 -0.747086 -0.492436
v -0.516837 -0.916648 -0.465581
v -0.516837 -1.069612 -0.387641
v -0.516837 -1.191005 -0.266248
v -0.516837 -1.268945 -0.113284
v -0.701101 0.254919 -0.585602
v -0.612252 0.165263 -0.688008
v -0.551030 0.038510 -0.769278
v -0.523426 -0.112931 -0.821457
v -0.532143 -0.274239 -0.839436
v -0.576328 -0.429621 -0.821457
v -0.651655 -0.563869 -0.769278
v -0.750751 -0.663841 -0.688008
v -0.863916 -0.719751 -0.585602
v -0.654722 0.247172 -0.472084
v -0.524036 0.150527 -0.472084
v -0.429610 0.018228 -0.472084
v -0.380689 -0.136775 -0.472084
v -0.382061 -0.299309 -0.472084
v -0.433591 -0.453465 -0.472084
v -0.530236 -0.584151 -0.472084
v -0.662535 -0.678577 -0.472084
v -0.817538 -0.727498 -0.472084
v -0.701101 0.254919 -0.358566
v -0.612252 0.165263 -0.256160
v -0.551030 0.038510 -0.174890
v -0.523426 -0.112931 -0.122711
v -0.532143 -0.274239 -0.104732
v -0.576328 -0.429621 -0.122711
v -0.651655 -0.563869 -0.174890
v -0.750751 -0.663841 -0.256160
v -0.863916 -0.719751 -0.358566
v -0.813067 0.273623 -0.311545
v -0.825225 0.200840 -0.166721
v -0.844162 0.087477 -0.051788
v -0.868024 -0.055368 0.022004
v -0.894475 -0.213712 0.047430
v -0.920926 -0.372057 0.022004
v -0.944787 -0.514902 -0.051788
v -0.963724 -0.628264 -0.166721
v -0.975882 -0.701047 -0.311545
v -0.925034 0.292326 -0.358566
v -1.038198 0.236416 -0.256160
v -1.137295 0.136444 -0.174890
v -1.212622 0.002196 -0.122711
v -1.256806 -0.153186 -0.104732
v -1.265524 -0.314493 -0.122711
v -1.237920 -0.465935 -0.174890
v -1.176697 -0.592688 -0.256160
v -1.087849 -0.682344 -0.358566
v -0.980072 -0.726127 -0.472084
v -0.808878 0.298702 -0.472084
v -0.971412 0.300074 -0.472084
v -1.126415 0.251152 -0.472084
v -1.258714 0.156727 -0.472084
v -1.355359 0.026040 -0.472084
v -1.406889 -0.128115 -0.472084
v -1.408261 -0.290649 -0.472084
v -1.359339 -0.445652 -0.472084
v -1.264914 -0.577951 -0.472084
v -1.134227 -0.674596 -0.472084
v -0.925034 0.292326 -0.585602
v -1.038198 0.236416 -0.688008
v -1.137295 0.136444 -0.769278
v -1.212622 0.002196 -0.821457
v -1.256806 -0.153186 -0.839436
v -1.265524 -0.314493 -0.821457
v -1.237920 -0.465935 -0.769278
v -1.176697 -0.592688 -0.688008
v -1.087849 -0.682344 -0.585602
v -0.813067 0.273623 -0.632623
v -0.825225 0.200840 -0.777447
v -0.844162 0.087477 -0.892380
v -0.868024 -0.055368 -0.966172
v -0.894475 -0.213712 -0.991598
v -0.920926 -0.372057 -0.966172
v -0.944787 -0.514902 -0.892380
v -0.963724 -0.628264 -0.777447
v -0.975882 -0.701047 -0.632623
v -0.635962 0.813081 -0.585602
v -0.547114 0.723425 -0.688008
v -0.485892 0.596673 -0.769278
v -0.458288 0.445231 -0.821457
v -0.467005 0.283924 -0.839436
v -0.511190 0.128541 -0.821457
v -0.586517 -0.005706 -0.769278
v -0.685613 -0.105678 -0.688008
v -0.798778 -0.161589 -0.585602
v -0.589584 0.805334 -0.472084
v -0.458898 0.708689 -0.472084
v -0.364472 0.576390 -0.472084
v -0.315551 0.421387 -0.472084
v -0.316922 0.258853 -0.472084
v -0.368453 0.104698 -0.472084
v -0.465097 -0.025989 -0.472084
v -0.597397 -0.120415 -0.472084
v -0.752400 -0.169336 -0.472084
v -0.635962 0.813081 -0.358566
v -0.547114 0.723425 -0.256160
v -0.485892 0.596673 -0.174890
v -0.458288 0.445231 -0.122711
v -0.467005 0.283924 -0.104732
v -0.511190 0.128541 -0.122711
v -0.586517 -0.005706 -0.174890
v -0.685613 -0.105678 -0.256160
v -0.798778 -0.161589 -0.358566
v -0.747929 0.831785 -0.311545
v -0.760087 0.759002 -0.166721
v -0.779024 0.645640 -0.051788
v -0.802886 0.502795 0.022004
v -0.829337 0.344450 0.047430
v -0.855788 0.186105 0.022004
v -0.879649 0.043260 -0.051788
v -0.898586 -0.070102 -0.166721
v -0.910744 -0.142885 -0.311545
v -0.859896 0.850488 -0.358566
v -0.973060 0.794578 -0.256160
v -1.072156 0.694606 -0.174890
v -1.147484 0.560359 -0.122711
v -1.191668 0.404976 -0.104732
v -1.200385 0.243669 -0.122711
v -1.172782 0.092227 -0.174890
v -1.111559 -0.034526 -0.256160
v -1.022711 -0.124181 -0.358566
v -0.914934 -0.167964 -0.472084
v -0.743740 0.856864 -0.472084
v -0.906274 0.858236 -0.472084
v -1.061277 0.809314 -0.472084
v -1.193576 0.714889 -0.472084
v -1.290221 0.584202 -0.472084
v -1.341751 0.430047 -0.472084
v -1.343122 0.267513 -0.472084
v -1.294201 0.112510 -0.472084
v -1.199776 -0.019789 -0.472084
v -1.069089 -0.116434 -0.472084
v -0.859896 0.850488 -0.585602
v -0.973060 0.794578 -0.688008
v -1.072156 0.694606 -0.769278
v -1.147484 0.560359 -0.821457
v -1.191668 0.404976 -0.839436
v -1.200385 0.243669 -0.821457
v -1.172782 0.092227 -0.769278
v -1.111559 -0.034526 -0.688008
v -1.022711 -0.124181 -0.585602
v -0.747929 0.831785 -0.632623
v -0.760087 0.759002 -0.777447
v -0.779024 0.645640 -0.892380
v -0.802886 0.502795 -0.966172
v -0.829337 0.344450 -0.991598
v -0.855788 0.186105 -0.966172
v -0.879649 0.043260 -0.892380
v -0.898586 -0.070102 -0.777447
v -0.910744 -0.142885 -0.632623
v -0.212051 1.205933 -0.585602
v -0.123203 1.116277 -0.688008
v -0.061980 0.989525 -0.769278
v -0.034377 0.838083 -0.821457
v -0.043094 0.676776 -0.839436
v -0.087279 0.521393 -0.821457
v -0.162606 0.387146 -0.769278
v -0.261702 0.287174 -0.688008
v -0.374867 0.231263 -0.585602
v -0.165673 1.198186 -0.472084
v -0.034987 1.101541 -0.472084
v 0.059439 0.969242 -0.472084
v 0.108360 0.814239 -0.472084
v 0.106989 0.651705 -0.472084
v 0.055458 0.497550 -0.472084
v -0.041186 0.366863 -0.472084
v -0.173486 0.272438 -0.472084
v -0.328488 0.223516 -0.472084
v -0.212051 1.205933 -0.358566
v -0.123203 1.116277 -0.256160
v -0.061980 0.989525 -0.174890
v -0.034377 0.838083 -0.122711
v -0.043094 0.676776 -0.104732
v -0.087279 0.521393 -0.122711
v -0.162606 0.387146 -0.174890
v -0.261702 0.287174 -0.256160
v -0.374867 0.231263 -0.358566
v -0.324018 1.224637 -0.311545
v -0.336176 1.151854 -0.166721
v -0.355113 1.038492 -0.051788
v -0.378975 0.895647 0.022004
v -0.405426 0.737302 0.047430
v -0.431876 0.578957 0.022004
v -0.455738 0.436112 -0.051788
v -0.474675 0.322750 -0.166721
v -0.486833 0.249967 -0.311545
v -0.435985 1.243341 -0.358566
v -0.549149 1.187430 -0.256160
v -0.648245 1.087458 -0.174890
v -0.723572 0.953211 -0.122711
v -0.767757 0.797828 -0.104732
v -0.776474 0.636521 -0.122711
v -0.748871 0.485079 -0.174890
v -0.687648 0.358327 -0.256160
v -0.598800 0.268671 -0.358566
v -0.491023 0.224888 -0.472084
v -0.319829 1.249716 -0.472084
v -0.482363 1.251088 -0.472084
v -0.637366 1.202167 -0.472084
v -0.769665 1.107741 -0.472084
v -0.866310 0.977054 -0.472084
v -0.917840 0.822899 -0.472084
v -0.919212 0.660365 -0.472084
v -0.870290 0.505362 -0.472084
v -0.775864 0.373063 -0.472084
v -0.645178 0.276418 -0.472084
v -0.435985 1.243341 -0.585602
v -0.549149 1.187430 -0.688008
v -0.648245 1.087458 -0.769278
v -0.723572 0.953211 -0.821457
v -0.767757 0.797828 -0.839436
v -0.776474 0.636521 -0.821457
v -0.748871 0.485079 -0.769278
v -0.687648 0.358327 -0.688008
v -0.598800 0.268671 -0.585602
v -0.324018 1.224637 -0.632623
v -0.336176 1.151854 -0.777447
v -0.355113 1.038492 -0.892380
v -0.378975 0.895647 -0.966172
v -0.405426 0.737302 -0.991598
v -0.431876 0.578957 -0.966172
v -0.455738 0.436112 -0.892380
v -0.474675 0.322750 -0.777447
v -0.486833 0.249967 -0.632623
v 0.381456 1.226219 -0.585602
v 0.470305 1.136563 -0.688008
v 0.531527 1.009810 -0.769278
v 0.559131 0.858368 -0.821457
v 0.550414 0.697061 -0.839436
v 0.506229 0.541679 -0.821457
v 0.430902 0.407431 -0.769278
v 0.331806 0.307459 -0.688008
v 0.218641 0.251549 -0.585602
v 0.427834 1.218472 -0.472084
v 0.558521 1.121827 -0.472084
v 0.652947 0.989528 -0.472084
v 0.701868 0.834525 -0.472084
v 0.700496 0.671990 -0.472084
v 0.648966 0.517835 -0.472084
v 0.552321 0.387148 -0.472084
v 0.420022 0.292723 -0.472084
v 0.265019 0.243802 -0.472084
v 0.381456 1.226219 -0.358566
v 0.470305 1.136563 -0.256160
v 0.531527 1.009810 -0.174890
v 0.559131 0.858368 -0.122711
v 0.550414 0.697061 -0.104732
v 0.506229 0.541679 -0.122711
v 0.430902 0.407431 -0.174890
v 0.331806 0.307459 -0.256160
v 0.218641 0.251549 -0.358566
v 0.269490 1.244922 -0.311545
v 0.257331 1.172139 -0.166721
v 0.238395 1.058777 -0.051788
v 0.214533 0.915932 0.022004
v 0.188082 0.757587 0.047430
v 0.161631 0.599243 0.022004
v 0.137769 0.456398 -0.051788
v 0.118833 0.343036 -0.166721
v 0.106674 0.270253 -0.311545
v 0.157523 1.263626 -0.358566
v 0.044358 1.207716 -0.256160
v -0.054738 1.107744 -0.174890
v -0.130065 0.973496 -0.122711
v -0.174250 0.818114 -0.104732
v -0.182967 0.656807 -0.122711
v -0.155363 0.505365 -0.174890
v -0.094141 0.378612 -0.256160
v -0.005292 0.288956 -0.358566
v 0.102485 0.245173 -0.472084
v 0.273679 1.270002 -0.472084
v 0.111145 1.271373 -0.472084
v -0.043858 1.222452 -0.472084
v -0.176157 1.128027 -0.472084
v -0.272802 0.997340 -0.472084
v -0.324332 0.843185 -0.472084
v -0.325704 0.680650 -0.472084
v -0.276783 0.525647 -0.472084
v -0.182357 0.393348 -0.472084
v -0.051670 0.296704 -0.472084
v 0.157523 1.263626 -0.585602
v 0.044358 1.207716 -0.688008
v -0.054738 1.107744 -0.769278
v -0.130065 0.973496 -0.821457
v -0.174250 0.818114 -0.839436
v -0.182967 0.656807 -0.821457
v -0.155363 0.505365 -0.769278
v -0.094141 0.378612 -0.688008
v -0.005292 0.288956 -0.585602
v 0.269490 1.244922 -0.632623
v 0.257331 1.172139 -0.777447
v 0.238395 1.058777 -0.892380
v 0.214533 0.915932 -0.966172
v 0.188082 0.757587 -0.991598
v 0.161631 0.599243 -0.966172
v 0.137769 0.456398 -0.892380
v 0.118833 0.343036 -0.777447
v 0.106674 0.270253 -0.632623
v 0.790307 0.940140 -0.585602
v 0.879156 0.850484 -0.688008
v 0.940378 0.723731 -0.769278
v 0.967982 0.572289 -0.821457
v 0.959265 0.410982 -0.839436
v 0.915080 0.255600 -0.821457
v 0.839753 0.121352 -0.769278
v 0.740657 0.021380 -0.688008
v 0.627492 -0.034530 -0.585602
v 0.836686 0.932392 -0.472084
v 0.967372 0.835747 -0.472084
v 1.061798 0.703448 -0.472084
v 1.110719 0.548445 -0.472084
v 1.109347 0.385911 -0.472084
v 1.057817 0.231756 -0.472084
v 0.961172 0.101069 -0.472084
v 0.828873 0.006644 -0.472084
v 0.673870 -0.042278 -0.472084
v 0.790307 0.940140 -0.358566
v 0.879156 0.850484 -0.256160
v 0.940378 0.723731 -0.174890
v 0.967982 0.572289 -0.122711
v 0.959265 0.410982 -0.104732
v 0.915080 0.255600 -0.122711
v 0.839753 0.121352 -0.174890
v 0.740657 0.021380 -0.256160
v 0.627492 -0.034530 -0.358566
v 0.678341 0.958843 -0.311545
v 0.666183 0.886060 -0.166721
v 0.647246 0.772698 -0.051788
v 0.623384 0.629853 0.022004
v 0.596933 0.471508 0.047430
v 0.570482 0.313164 0.022004
v 0.546620 0.170319 -0.051788
v 0.527684 0.056956 -0.166721
v 0.515526 -0.015827 -0.311545
v 0.566374 0.977547 -0.358566
v 0.453210 0.921637 -0.256160
v 0.354114 0.821665 -0.174890
v 0.278786 0.687417 -0.122711
v 0.234602 0.532035 -0.104732
v 0.225884 0.370727 -0.122711
v 0.253488 0.219285 -0.174890
v 0.314711 0.092533 -0.256160
v 0.403559 0.002877 -0.358566
v 0.511336 -0.040906 -0.472084
v 0.682530 0.983923 -0.472084
v 0.519996 0.985294 -0.472084
v 0.364993 0.936373 -0.472084
v 0.232694 0.841947 -0.472084
v 0.136049 0.711260 -0.472084
v 0.084519 0.557105 -0.472084
v 0.083147 0.394571 -0.472084
v 0.132069 0.239568 -0.472084
v 0.226494 0.107269 -0.472084
v 0.357181 0.010624 -0.472084
v 0.566374 0.977547 -0.585602
v 0.453210 0.921637 -0.688008
v 0.354114 0.821665 -0.769278
v 0.278786 0.687417 -0.821457
v 0.234602 0.532035 -0.839436
v 0.225884 0.370727 -0.821457
v 0.253488 0.219285 -0.769278
v 0.314711 0.092533 -0.688008
v 0.403559 0.002877 -0.585602
v 0.678341 0.958843 -0.632623
v 0.666183 0.886060 -0.777447
v 0.647246 0.772698 -0.892380
v 0.623384 0.629853 -0.966172
v 0.596933 0.471508 -0.991598
v 0.570482 0.313164 -0.966172
v 0.546620 0.170319 -0.892380
v 0.527684 0.056956 -0.777447
v 0.515526 -0.015827 -0.632623
v 1.028218 0.471859 -0.585602
v 1.117066 0.382203 -0.688008
v 1.178289 0.255450 -0.769278
v 1.205892 0.104008 -0.821457
v 1.197175 -0.057299 -0.839436
v 1.152991 -0.212681 -0.821457
v 1.077663 -0.346929 -0.769278
v 0.978567 -0.446901 -0.688008
v 0.865403 -0.502811 -0.585602
v 1.074596 0.464111 -0.472084
v 1.205283 0.367467 -0.472084
v 1.299708 0.235167 -0.472084
v 1.348630 0.080164 -0.472084
v 1.347258 -0.082370 -0.472084
v 1.295728 -0.236525 -0.472084
v 1.199083 -0.367212 -0.472084
v 1.066784 -0.461637 -0.472084
v 0.911781 -0.510559 -0.472084
v 1.028218 0.471859 -0.358566
v 1.117066 0.382203 -0.256160
v 1.178289 0.255450 -0.174890
v 1.205892 0.104008 -0.122711
v 1.197175 -0.057299 -0.104732
v 1.152991 -0.212681 -0.122711
v 1.077663 -0.346929 -0.174890
v 0.978567 -0.446901 -0.256160
v 0.865403 -0.502811 -0.358566
v 0.916251 0.490562 -0.311545
v 0.904093 0.417779 -0.166721
v 0.885156 0.304417 -0.051788
v 0.861295 0.161572 0.022004
v 0.834844 0.003227 0.047430
v 0.808393 -0.155117 0.022004
v 0.784531 -0.297962 -0.051788
v 0.765594 -0.411325 -0.166721
v 0.753436 -0.484108 -0.311545
v 0.804285 0.509266 -0.358566
v 0.691120 0.453356 -0.256160
v 0.592024 0.353384 -0.174890
v 0.516697 0.219136 -0.122711
v 0.472512 0.063754 -0.104732
v 0.463795 -0.097553 -0.122711
v 0.491399 -0.248995 -0.174890
v 0.552621 -0.375748 -0.256160
v 0.641469 -0.465404 -0.358566
v 0.749247 -0.509187 -0.472084
v 0.920441 0.515642 -0.472084
v 0.757906 0.517013 -0.472084
v 0.602904 0.468092 -0.472084
v 0.470604 0.373666 -0.472084
v 0.373960 0.242980 -0.472084
v 0.322429 0.088824 -0.472084
v 0.321058 -0.073710 -0.472084
v 0.369979 -0.228713 -0.472084
v 0.464405 -0.361012 -0.472084
v 0.595091 -0.457657 -0.472084
v 0.804285 0.509266 -0.585602
v 0.691120 0.453356 -0.688008
v 0.592024 0.353384 -0.769278
v 0.516697 0.219136 -0.821457
v 0.472512 0.063754 -0.839436
v 0.463795 -0.097553 -0.821457
v 0.491399 -0.248995 -0.769278
v 0.552621 -0.375748 -0.688008
v 0.641469 -0.465404 -0.585602
v 0.916251 0.490562 -0.632623
v 0.904093 0.417779 -0.777447
v 0.885156 0.304417 -0.892380
v 0.861295 0.161572 -0.966172
v 0.834844 0.003227 -0.991598
v 0.808393 -0.155117 -0.966172
v 0.784531 -0.297962 -0.892380
v 0.765594 -0.411325 -0.777447
v 0.753436 -0.484108 -0.632623
v 0.924356 -0.065785 -0.585602
v 1.013205 -0.155440 -0.688008
v 1.074427 -0.282193 -0.769278
v 1.102031 -0.433635 -0.821457
v 1.093313 -0.594942 -0.839436
v 1.049129 -0.750324 -0.821457
v 0.973801 -0.884572 -0.769278
v 0.874706 -0.984544 -0.688008
v 0.761541 -1.040454 -0.585602
v 0.970734 -0.073532 -0.472084
v 1.101421 -0.170177 -0.472084
v 1.195846 -0.302476 -0.472084
v 1.244768 -0.457479 -0.472084
v 1.243396 -0.620013 -0.472084
v 1.191866 -0.774168 -0.472084
v 1.095221 -0.904855 -0.472084
v 0.962922 -0.999280 -0.472084
v 0.807919 -1.048202 -0.472084
v 0.924356 -0.065785 -0.358566
v 1.013204 -0.155440 -0.256160
v 1.074427 -0.282193 -0.174890
v 1.102031 -0.433635 -0.122711
v 1.093313 -0.594942 -0.104732
v 1.049129 -0.750324 -0.122711
v 0.973801 -0.884572 -0.174890
v 0.874705 -0.984544 -0.256160
v 0.761541 -1.040454 -0.358566
v 0.812389 -0.047081 -0.311545
v 0.800231 -0.119864 -0.166721
v 0.781294 -0.233226 -0.051788
v 0.757433 -0.376071 0.022004
v 0.730982 -0.534416 0.047430
v 0.704531 -0.692761 0.022004
v 0.680669 -0.835605 -0.051788
v 0.661732 -0.948968 -0.166721
v 0.649574 -1.021751 -0.311545
v 0.700423 -0.028377 -0.358566
v 0.587258 -0.084288 -0.256160
v 0.488162 -0.184260 -0.174890
v 0.412835 -0.318507 -0.122711
v 0.368650 -0.473890 -0.104732
v 0.359933 -0.635197 -0.122711
v 0.387537 -0.786639 -0.174890
v 0.448759 -0.913391 -0.256160
v 0.537607 -1.003047 -0.358566
v 0.645385 -1.046830 -0.472084
v 0.816579 -0.022002 -0.472084
v 0.654045 -0.020630 -0.472084
v 0.499042 -0.069551 -0.472084
v 0.366743 -0.163977 -0.472084
v 0.270098 -0.294663 -0.472084
v 0.218568 -0.448819 -0.472084
v 0.217196 -0.611353 -0.472084
v 0.266117 -0.766356 -0.472084
v 0.360543 -0.898655 -0.472084
v 0.491229 -0.995300 -0.472084
v 0.700423 -0.028377 -0.585602
v 0.587258 -0.084288 -0.688008
v 0.488162 -0.184260 -0.769278
v 0.412835 -0.318507 -0.821457
v 0.368650 -0.473890 -0.839436
v 0.359933 -0.635197 -0.821457
v 0.387537 -0.786639 -0.769278
v 0.448759 -0.913391 -0.688008
v 0.537607 -1.003047 -0.585602
v 0.812389 -0.047081 -0.632623
v 0.800231 -0.119864 -0.777447
v 0.781294 -0.233226 -0.892380
v 0.757433 -0.376071 -0.966172
v 0.730982 -0.534416 -0.991598
v 0.704531 -0.692761 -0.966172
v 0.680669 -0.835605 -0.892380
v 0.661732 -0.948968 -0.777447
v 0.649574 -1.021751 -0.632623
v 0.585947 -0.283238 -0.585602
v 0.674795 -0.372894 -0.688008
v 0.736017 -0.499647 -0.769278
v 0.763621 -0.651089 -0.821457
v 0.754904 -0.812396 -0.839436
v 0.710719 -0.967778 -0.821457
v 0.635392 -1.102026 -0.769278
v 0.536296 -1.201998 -0.688008
v 0.423131 -1.257908 -0.585602
v 0.632325 -0.290985 -0.472084
v 0.763011 -0.387630 -0.472084
v 0.857437 -0.519929 -0.472084
v 0.906358 -0.674932 -0.472084
v 0.904987 -0.837467 -0.472084
v 0.853456 -0.991622 -0.472084
v 0.756812 -1.122308 -0.472084
v 0.624512 -1.216734 -0.472084
v 0.469509 -1.265655 -0.472084
v 0.585947 -0.283238 -0.358566
v 0.674795 -0.372894 -0.256160
v 0.736017 -0.499647 -0.174890
v 0.763621 -0.651089 -0.122711
v 0.754904 -0.812396 -0.104732
v 0.710719 -0.967778 -0.122711
v 0.635392 -1.102026 -0.174890
v 0.536296 -1.201998 -0.256160
v 0.423131 -1.257908 -0.358566
v 0.473980 -0.264535 -0.311545
v 0.461822 -0.337318 -0.166721
v 0.442885 -0.450680 -0.051788
v 0.419023 -0.593525 0.022004
v 0.392572 -0.751869 0.047430
v 0.366121 -0.910214 0.022004
v 0.342260 -1.053059 -0.051788
v 0.323323 -1.166421 -0.166721
v 0.311165 -1.239204 -0.311545
v 0.362013 -0.245831 -0.358566
v 0.248849 -0.301741 -0.256160
v 0.149753 -0.401713 -0.174890
v 0.074425 -0.535961 -0.122711
v 0.030241 -0.691343 -0.104732
v 0.021524 -0.852650 -0.122711
v 0.049127 -1.004092 -0.174890
v 0.110350 -1.130845 -0.256160
v 0.199198 -1.220501 -0.358566
v 0.306975 -1.264284 -0.472084
v 0.478169 -0.239455 -0.472084
v 0.315635 -0.238084 -0.472084
v 0.160632 -0.287005 -0.472084
v 0.028333 -0.381430 -0.472084
v -0.068312 -0.512117 -0.472084
v -0.119842 -0.666272 -0.472084
v -0.121214 -0.828807 -0.472084
v -0.072292 -0.983810 -0.472084
v 0.022133 -1.116109 -0.472084
v 0.152820 -1.212753 -0.472084
v 0.362013 -0.245831 -0.585602
v 0.248849 -0.301741 -0.688008
v 0.149753 -0.401713 -0.769278
v 0.074425 -0.535961 -0.821457
v 0.030241 -0.691343 -0.839436
v 0.021524 -0.852650 -0.821457
v 0.049127 -1.004092 -0.769278
v 0.110350 -1.130845 -0.688008
v 0.199198 -1.220501 -0.585602
v 0.473980 -0.264535 -0.632623
v 0.461822 -0.337318 -0.777447
v 0.442885 -0.450680 -0.892380
v 0.419023 -0.593525 -0.966172
v 0.392572 -0.751869 -0.991598
v 0.366121 -0.910214 -0.966172
v 0.342260 -1.053059 -0.892380
v 0.323323 -1.166421 -0.777447
v 0.311165 -1.239204 -0.632623
v 0.058501 -0.328609 -0.585602
v 0.147349 -0.418265 -0.688008
v 0.208571 -0.545018 -0.769278
v 0.236175 -0.696460 -0.821457
v 0.227458 -0.857767 -0.839436
v 0.183273 -1.013149 -0.821457
v 0.107946 -1.147397 -0.769278
v 0.008850 -1.247369 -0.688008
v -0.104315 -1.303279 -0.585602
v 0.104879 -0.336357 -0.472084
v 0.235565 -0.433002 -0.472084
v 0.329991 -0.565301 -0.472084
v 0.378912 -0.720304 -0.472084
v 0.377540 -0.882838 -0.472084
v 0.326010 -1.036993 -0.472084
v 0.229366 -1.167680 -0.472084
v 0.097066 -1.262105 -0.472084
v -0.057937 -1.311027 -0.472084
v 0.058501 -0.328609 -0.358566
v 0.147349 -0.418265 -0.256160
v 0.208571 -0.545018 -0.174890
v 0.236175 -0.696460 -0.122711
v 0.227458 -0.857767 -0.104732
v 0.183273 -1.013149 -0.122711
v 0.107946 -1.147397 -0.174890
v 0.008850 -1.247369 -0.256160
v -0.104315 -1.303279 -0.358566
v -0.053466 -0.309906 -0.311545
v -0.065624 -0.382689 -0.166721
v -0.084561 -0.496051 -0.051788
v -0.108423 -0.638896 0.022004
v -0.134874 -0.797241 0.047430
v -0.161325 -0.955586 0.022004
v -0.185186 -1.098430 -0.051788
v -0.204123 -1.211793 -0.166721
v -0.216281 -1.284576 -0.311545
v -0.165433 -0.291202 -0.358566
v -0.278597 -0.347113 -0.256160
v -0.377693 -0.447085 -0.174890
v -0.453021 -0.581332 -0.122711
v -0.497205 -0.736715 -0.104732
v -0.505922 -0.898022 -0.122711
v -0.478319 -1.049464 -0.174890
v -0.417096 -1.176216 -0.256160
v -0.328248 -1.265872 -0.358566
v -0.220471 -1.309655 -0.472084
v -0.049277 -0.284827 -0.472084
v -0.211811 -0.283455 -0.472084
v -0.366814 -0.332376 -0.472084
v -0.499113 -0.426802 -0.472084
v -0.595758 -0.557488 -0.472084
v -0.647288 -0.711644 -0.472084
v -0.648660 -0.874178 -0.472084
v -0.599738 -1.029181 -0.472084
v -0.505313 -1.161480 -0.472084
v -0.374626 -1.258125 -0.472084
v -0.165433 -0.291202 -0.585602
v -0.278597 -0.347113 -0.688008
v -0.377693 -0.447085 -0.769278
v -0.453021 -0.581332 -0.821457
v -0.497205 -0.736715 -0.839436
v -0.505922 -0.898022 -0.821457
v -0.478319 -1.049464 -0.769278
v -0.417096 -1.176216 -0.688008
v -0.328248 -1.265872 -0.585602
v -0.053466 -0.309906 -0.632623
v -0.065624 -0.382689 -0.777447
v -0.084561 -0.496051 -0.892380
v -0.108423 -0.638896 -0.966172
v -0.134874 -0.797241 -0.991598
v -0.161325 -0.955586 -0.966172
v -0.185186 -1.098430 -0.892380
v -0.204123 -1.211793 -0.777447
v -0.216281 -1.284576 -0.632623
v -0.397097 -0.154150 -0.585602
v -0.308249 -0.243806 -0.688008
v -0.247026 -0.370559 -0.769278
v -0.219423 -0.522001 -0.821457
v -0.228140 -0.683308 -0.839436
v -0.272325 -0.838690 -0.821457
v -0.347652 -0.972938 -0.769278
v -0.446748 -1.072910 -0.688008
v -0.559912 -1.128820 -0.585602
v -0.350719 -0.161898 -0.472084
v -0.220032 -0.258542 -0.472084
v -0.125607 -0.390841 -0.472084
v -0.076686 -0.545844 -0.472084
v -0.078057 -0.708379 -0.472084
v -0.129587 -0.862534 -0.472084
v -0.226232 -0.993221 -0.472084
v -0.358531 -1.087646 -0.472084
v -0.513534 -1.136567 -0.472084
v -0.397097 -0.154150 -0.358566
v -0.308249 -0.243806 -0.256160
v -0.247026 -0.370559 -0.174890
v -0.219423 -0.522001 -0.122711
v -0.228140 -0.683308 -0.104732
v -0.272325 -0.838690 -0.122711
v -0.347652 -0.972938 -0.174890
v -0.446748 -1.072910 -0.256160
v -0.559912 -1.128820 -0.358566
v -0.509064 -0.135447 -0.311545
v -0.521222 -0.208230 -0.166721
v -0.540159 -0.321592 -0.051788
v -0.564020 -0.464437 0.022004
v -0.590471 -0.622782 0.047430
v -0.616922 -0.781126 0.022004
v -0.640784 -0.923971 -0.051788
v -0.659721 -1.037333 -0.166721
v -0.671879 -1.110116 -0.311545
v -0.621030 -0.116743 -0.358566
v -0.734195 -0.172653 -0.256160
v -0.833291 -0.272625 -0.174890
v -0.908618 -0.406873 -0.122711
v -0.952803 -0.562255 -0.104732
v -0.961520 -0.723562 -0.122711
v -0.933917 -0.875004 -0.174890
v -0.872694 -1.001757 -0.256160
v -0.783846 -1.091413 -0.358566
v -0.676068 -1.135196 -0.472084
v -0.504874 -0.110367 -0.472084
v -0.667409 -0.108996 -0.472084
v -0.822411 -0.157917 -0.472084
v -0.954711 -0.252343 -0.472084
v -1.051355 -0.383029 -0.472084
v -1.102886 -0.537185 -0.472084
v -1.104257 -0.699719 -0.472084
v -1.055336 -0.854722 -0.472084
v -0.960910 -0.987021 -0.472084
v -0.830224 -1.083666 -0.472084
v -0.621030 -0.116743 -0.585602
v -0.734195 -0.172653 -0.688008
v -0.833291 -0.272625 -0.769278
v -0.908618 -0.406873 -0.821457
v -0.952803 -0.562255 -0.839436
v -0.961520 -0.723562 -0.821457
v -0.933917 -0.875004 -0.769278
v -0.872694 -1.001757 -0.688008
v -0.783846 -1.091413 -0.585602
v -0.509064 -0.135447 -0.632623
v -0.521222 -0.208230 -0.777447
v -0.540159 -0.321592 -0.892380
v -0.564020 -0.464437 -0.966172
v -0.590471 -0.622782 -0.991598
v -0.616922 -0.781126 -0.966172
v -0.640784 -0.923971 -0.892380
v -0.659721 -1.037333 -0.777447
v -0.671879 -1.110116 -0.632623
v -0.578690 0.198943 -1.083318
v -0.505604 0.125193 -1.167556
v -0.455243 0.020928 -1.234408
v -0.432537 -0.103646 -1.277330
v -0.439707 -0.236336 -1.292119
v -0.476053 -0.364151 -1.277330
v -0.538016 -0.474582 -1.234408
v -0.619532 -0.556818 -1.167556
v -0.712620 -0.602809 -1.083318
v -0.540540 0.192570 -0.989940
v -0.433038 0.113071 -0.989940
v -0.355365 0.004244 -0.989940
v -0.315123 -0.123260 -0.989940
v -0.316251 -0.256959 -0.989940
v -0.358639 -0.383765 -0.989940
v -0.438138 -0.491266 -0.989940
v -0.546966 -0.568940 -0.989940
v -0.674469 -0.609182 -0.989940
v -0.578690 0.198943 -0.896561
v -0.505604 0.125193 -0.812323
v -0.455243 0.020928 -0.745471
v -0.432537 -0.103646 -0.702550
v -0.439707 -0.236336 -0.687760
v -0.476053 -0.364151 -0.702550
v -0.538016 -0.474582 -0.745471
v -0.619532 -0.556818 -0.812323
v -0.712620 -0.602809 -0.896561
v -0.670792 0.214329 -0.857882
v -0.680793 0.154458 -0.738752
v -0.696370 0.061208 -0.644209
v -0.715999 -0.056295 -0.583509
v -0.737757 -0.186547 -0.562593
v -0.759515 -0.316800 -0.583509
v -0.779144 -0.434302 -0.644209
v -0.794721 -0.527553 -0.738752
v -0.804722 -0.587424 -0.857882
v -0.762894 0.229714 -0.896561
v -0.855982 0.183723 -0.812323
v -0.937498 0.101487 -0.745471
v -0.999461 -0.008943 -0.702550
v -1.035807 -0.136759 -0.687760
v -1.042977 -0.269449 -0.702550
v -1.020271 -0.394023 -0.745471
v -0.969910 -0.498288 -0.812323
v -0.896824 -0.572038 -0.896561
v -0.808168 -0.608054 -0.989940
v -0.667346 0.234959 -0.989940
v -0.801045 0.236087 -0.989940
v -0.928548 0.195845 -0.989940
v -1.037376 0.118171 -0.989940
v -1.116875 0.010670 -0.989940
v -1.159263 -0.116136 -0.989940
v -1.160391 -0.249835 -0.989940
v -1.120149 -0.377339 -0.989940
v -1.042476 -0.486166 -0.989940
v -0.934975 -0.565665 -0.989940
v -0.762894 0.229714 -1.083318
v -0.855982 0.183723 -1.167556
v -0.937498 0.101487 -1.234408
v -0.999461 -0.008943 -1.277330
v -1.035807 -0.136759 -1.292119
v -1.042977 -0.269449 -1.277330
v -1.020271 -0.394023 -1.234408
v -0.969910 -0.498288 -1.167556
v -0.896824 -0.572038 -1.083318
v -0.670792 0.214329 -1.121997
v -0.680793 0.154458 -1.241128
v -0.696370 0.061208 -1.335670
v -0.715999 -0.056295 -1.396370
v -0.737757 -0.186547 -1.417286
v -0.759515 -0.316800 -1.396370
v -0.779144 -0.434302 -1.335670
v -0.794721 -0.527553 -1.241128
v -0.804722 -0.587424 -1.121997
v -0.525108 0.658081 -1.083318
v -0.452022 0.584331 -1.167556
v -0.401661 0.480066 -1.234408
v -0.378955 0.355491 -1.277329
v -0.386125 0.222802 -1.292119
v -0.422471 0.094986 -1.277329
v -0.484434 -0.015444 -1.234408
v -0.565950 -0.097680 -1.167556
v -0.659038 -0.143671 -1.083318
v -0.486958 0.651708 -0.989940
v -0.379456 0.572209 -0.989940
v -0.301783 0.463382 -0.989940
v -0.261541 0.335878 -0.989940
v -0.262669 0.202179 -0.989940
v -0.305057 0.075373 -0.989940
v -0.384556 -0.032128 -0.989940
v -0.493384 -0.109802 -0.989940
v -0.620888 -0.150044 -0.989940
v -0.525108 0.658081 -0.896561
v -0.452022 0.584331 -0.812323
v -0.401661 0.480066 -0.745471
v -0.378955 0.355491 -0.702550
v -0.386125 0.222802 -0.687760
v -0.422471 0.094986 -0.702550
v -0.484434 -0.015444 -0.745471
v -0.565950 -0.097680 -0.812323
v -0.659038 -0.143671 -0.896561
v -0.617210 0.673466 -0.857882
v -0.627211 0.613596 -0.738752
v -0.642788 0.520345 -0.644209
v -0.662417 0.402843 -0.583509
v -0.684175 0.272590 -0.562593
v -0.705933 0.142338 -0.583509
v -0.725562 0.024835 -0.644209
v -0.741139 -0.068415 -0.738752
v -0.751140 -0.128286 -0.857882
v -0.709313 0.688852 -0.896561
v -0.802401 0.642861 -0.812323
v -0.883916 0.560625 -0.745471
v -0.945879 0.450194 -0.702550
v -0.982225 0.322379 -0.687760
v -0.989396 0.189689 -0.702550
v -0.966689 0.065115 -0.745471
v -0.916328 -0.039150 -0.812323
v -0.843242 -0.112900 -0.896561
v -0.754586 -0.148916 -0.989940
v -0.613764 0.694096 -0.989940
v -0.747463 0.695225 -0.989940
v -0.874966 0.654982 -0.989940
v -0.983794 0.577309 -0.989940
v -1.063293 0.469808 -0.989940
v -1.105681 0.343001 -0.989940
v -1.106809 0.209303 -0.989940
v -1.066567 0.081799 -0.989940
v -0.988894 -0.027029 -0.989940
v -0.881393 -0.106527 -0.989940
v -0.709313 0.688852 -1.083318
v -0.802401 0.642861 -1.167556
v -0.883916 0.560625 -1.234408
v -0.945879 0.450194 -1.277329
v -0.982225 0.322379 -1.292119
v -0.989396 0.189689 -1.277329
v -0.966689 0.065115 -1.234408
v -0.916328 -0.039150 -1.167556
v -0.843242 -0.112900 -1.083318
v -0.617210 0.673466 -1.121997
v -0.627211 0.613596 -1.241128
v -0.642788 0.520345 -1.335670
v -0.662417 0.402843 -1.396370
v -0.684175 0.272590 -1.417286
v -0.705933 0.142338 -1.396370
v -0.725562 0.024835 -1.335670
v -0.741139 -0.068415 -1.241128
v -0.751140 -0.128286 -1.121997
v -0.176403 0.981237 -1.083318
v -0.103318 0.907487 -1.167556
v -0.052957 0.803221 -1.234408
v -0.030250 0.678647 -1.277329
v -0.037421 0.545958 -1.292119
v -0.073767 0.418142 -1.277329
v -0.135730 0.307711 -1.234408
v -0.217245 0.225476 -1.167556
v -0.310333 0.179484 -1.083318
v -0.138253 0.974864 -0.989940
v -0.030752 0.895365 -0.989940
v 0.046921 0.786537 -0.989940
v 0.087164 0.659033 -0.989940
v 0.086035 0.525335 -0.989940
v 0.043647 0.398528 -0.989940
v -0.035852 0.291027 -0.989940
v -0.144680 0.213354 -0.989940
v -0.272183 0.173112 -0.989940
v -0.176403 0.981237 -0.896561
v -0.103318 0.907487 -0.812323
v -0.052957 0.803221 -0.745471
v -0.030250 0.678647 -0.702550
v -0.037421 0.545958 -0.687760
v -0.073767 0.418142 -0.702550
v -0.135730 0.307711 -0.745471
v -0.217245 0.225476 -0.812323
v -0.310333 0.179484 -0.896561
v -0.268506 0.996622 -0.857882
v -0.278507 0.936751 -0.738752
v -0.294084 0.843501 -0.644209
v -0.313712 0.725998 -0.583509
v -0.335471 0.595746 -0.562593
v -0.357229 0.465493 -0.583509
v -0.376857 0.347991 -0.644209
v -0.392435 0.254740 -0.738752
v -0.402436 0.194870 -0.857882
v -0.360608 1.012007 -0.896561
v -0.453696 0.966016 -0.812323
v -0.535211 0.883780 -0.745471
v -0.597175 0.773350 -0.702550
v -0.633520 0.645534 -0.687760
v -0.640691 0.512845 -0.702550
v -0.617985 0.388270 -0.745471
v -0.567624 0.284005 -0.812323
v -0.494538 0.210255 -0.896561
v -0.405882 0.174240 -0.989940
v -0.265060 1.017252 -0.989940
v -0.398758 1.018380 -0.989940
v -0.526262 0.978138 -0.989940
v -0.635090 0.900465 -0.989940
v -0.714589 0.792963 -0.989940
v -0.756977 0.666157 -0.989940
v -0.758105 0.532458 -0.989940
v -0.717863 0.404955 -0.989940
v -0.640189 0.296127 -0.989940
v -0.532688 0.216628 -0.989940
v -0.360608 1.012007 -1.083318
v -0.453696 0.966016 -1.167556
v -0.535211 0.883780 -1.234408
v -0.597175 0.773350 -1.277329
v -0.633520 0.645534 -1.292119
v -0.640691 0.512845 -1.277329
v -0.617985 0.388270 -1.234408
v -0.567624 0.284005 -1.167556
v -0.494538 0.210255 -1.083318
v -0.268506 0.996622 -1.121997
v -0.278507 0.936751 -1.241128
v -0.294084 0.843501 -1.335670
v -0.313712 0.725998 -1.396370
v -0.335471 0.595746 -1.417286
v -0.357229 0.465493 -1.396370
v -0.376857 0.347991 -1.335670
v -0.392435 0.254740 -1.241128
v -0.402436 0.194870 -1.121997
v 0.311809 0.997923 -1.083318
v 0.384895 0.924173 -1.167556
v 0.435256 0.819908 -1.234408
v 0.457962 0.695334 -1.277329
v 0.450791 0.562644 -1.292119
v 0.414446 0.434829 -1.277329
v 0.352482 0.324398 -1.234408
v 0.270967 0.242162 -1.167556
v 0.177879 0.196171 -1.083318
v 0.349959 0.991550 -0.989940
v 0.457460 0.912051 -0.989940
v 0.535134 0.803224 -0.989940
v 0.575376 0.675720 -0.989940
v 0.574248 0.542021 -0.989940
v 0.531859 0.415215 -0.989940
v 0.452361 0.307714 -0.989940
v 0.343533 0.230040 -0.989940
v 0.216029 0.189798 -0.989940
v 0.311809 0.997923 -0.896561
v 0.384895 0.924173 -0.812323
v 0.435256 0.819908 -0.745471
v 0.457962 0.695334 -0.702550
v 0.450791 0.562644 -0.687760
v 0.414446 0.434829 -0.702550
v 0.352482 0.324398 -0.745471
v 0.270967 0.242162 -0.812323
v 0.177879 0.196171 -0.896561
v 0.219707 1.013309 -0.857882
v 0.209705 0.953438 -0.738752
v 0.194128 0.860188 -0.644209
v 0.174500 0.742685 -0.583509
v 0.152742 0.612432 -0.562593
v 0.130983 0.482180 -0.583509
v 0.111355 0.364677 -0.644209
v 0.095778 0.271427 -0.738752
v 0.085777 0.211556 -0.857882
v 0.127604 1.028694 -0.896561
v 0.034516 0.982703 -0.812323
v -0.046999 0.900467 -0.745471
v -0.108962 0.790036 -0.702550
v -0.145308 0.662221 -0.687760
v -0.152479 0.529531 -0.702550
v -0.129772 0.404957 -0.745471
v -0.079411 0.300692 -0.812323
v -0.006326 0.226942 -0.896561
v 0.082331 0.190926 -0.989940
v 0.223153 1.033939 -0.989940
v 0.089454 1.035067 -0.989940
v -0.038050 0.994825 -0.989940
v -0.146877 0.917151 -0.989940
v -0.226376 0.809650 -0.989940
v -0.268764 0.682844 -0.989940
v -0.269893 0.549145 -0.989940
v -0.229650 0.421641 -0.989940
v -0.151977 0.312814 -0.989940
v -0.044476 0.233315 -0.989940
v 0.127604 1.028694 -1.083318
v 0.034516 0.982703 -1.167556
v -0.046999 0.900467 -1.234408
v -0.108962 0.790036 -1.277329
v -0.145308 0.662221 -1.292119
v -0.152479 0.529531 -1.277329
v -0.129772 0.404957 -1.234408
v -0.079411 0.300692 -1.167556
v -0.006326 0.226942 -1.083318
v 0.219707 1.013309 -1.121997
v 0.209705 0.953438 -1.241128
v 0.194128 0.860188 -1.335670
v 0.174500 0.742685 -1.396370
v 0.152742 0.612432 -1.417286
v 0.130983 0.482180 -1.396370
v 0.111355 0.364677 -1.335670
v 0.095778 0.271427 -1.241128
v 0.085777 0.211556 -1.121997
v 0.648125 0.762598 -1.083318
v 0.721211 0.688848 -1.167556
v 0.771572 0.584583 -1.234408
v 0.794278 0.460008 -1.277329
v 0.787108 0.327319 -1.292119
v 0.750762 0.199503 -1.277329
v 0.688798 0.089073 -1.234408
v 0.607283 0.006837 -1.167556
v 0.514195 -0.039154 -1.083318
v 0.686275 0.756225 -0.989940
v 0.793777 0.676726 -0.989940
v 0.871450 0.567898 -0.989940
v 0.911692 0.440395 -0.989940
v 0.910564 0.306696 -0.989940
v 0.868176 0.179890 -0.989940
v 0.788677 0.072388 -0.989940
v 0.679849 -0.005285 -0.989940
v 0.552345 -0.045527 -0.989940
v 0.648125 0.762598 -0.896561
v 0.721211 0.688848 -0.812323
v 0.771572 0.584583 -0.745471
v 0.794278 0.460008 -0.702550
v 0.787108 0.327319 -0.687760
v 0.750762 0.199503 -0.702550
v 0.688798 0.089073 -0.745471
v 0.607283 0.006837 -0.812323
v 0.514195 -0.039154 -0.896561
v 0.556023 0.777983 -0.857882
v 0.546022 0.718113 -0.738752
v 0.530445 0.624862 -0.644209
v 0.510816 0.507360 -0.583509
v 0.489058 0.377107 -0.562593
v 0.467300 0.246854 -0.583509
v 0.447671 0.129352 -0.644209
v 0.432094 0.036101 -0.738752
v 0.422093 -0.023769 -0.857882
v 0.463920 0.793369 -0.896561
v 0.370833 0.747377 -0.812323
v 0.289317 0.665141 -0.745471
v 0.227354 0.554711 -0.702550
v 0.191008 0.426895 -0.687760
v 0.183838 0.294206 -0.702550
v 0.206544 0.169631 -0.745471
v 0.256905 0.065366 -0.812323
v 0.329991 -0.008384 -0.896561
v 0.418647 -0.044399 -0.989940
v 0.559469 0.798613 -0.989940
v 0.425770 0.799741 -0.989940
v 0.298267 0.759499 -0.989940
v 0.189439 0.681826 -0.989940
v 0.109940 0.574324 -0.989940
v 0.067552 0.447518 -0.989940
v 0.066424 0.313819 -0.989940
v 0.106666 0.186316 -0.989940
v 0.184339 0.077488 -0.989940
v 0.291840 -0.002011 -0.989940
v 0.463920 0.793369 -1.083318
v 0.370833 0.747377 -1.167556
v 0.289317 0.665141 -1.234408
v 0.227354 0.554711 -1.277329
v 0.191008 0.426895 -1.292119
v 0.183838 0.294206 -1.277329
v 0.206544 0.169631 -1.234408
v 0.256905 0.065366 -1.167556
v 0.329991 -0.008384 -1.083318
v 0.556023 0.777983 -1.121997
v 0.546022 0.718113 -1.241128
v 0.530445 0.624862 -1.335670
v 0.510816 0.507360 -1.396370
v 0.489058 0.377107 -1.417286
v 0.467300 0.246854 -1.396370
v 0.447671 0.129352 -1.335670
v 0.432094 0.036101 -1.241128
v 0.422093 -0.023769 -1.121997
v 0.843828 0.377395 -1.083318
v 0.916913 0.303645 -1.167556
v 0.967274 0.199380 -1.234408
v 0.989981 0.074806 -1.277329
v 0.982810 -0.057884 -1.292119
v 0.946464 -0.185699 -1.277329
v 0.884501 -0.296130 -1.234408
v 0.802986 -0.378366 -1.167556
v 0.709898 -0.424357 -1.083318
v 0.881978 0.371022 -0.989940
v 0.989479 0.291523 -0.989940
v 1.067153 0.182696 -0.989940
v 1.107395 0.055192 -0.989940
v 1.106266 -0.078507 -0.989940
v 1.063878 -0.205313 -0.989940
v 0.984379 -0.312814 -0.989940
v 0.875552 -0.390488 -0.989940
v 0.748048 -0.430730 -0.989940
v 0.843828 0.377395 -0.896561
v 0.916913 0.303645 -0.812323
v 0.967274 0.199380 -0.745471
v 0.989981 0.074806 -0.702550
v 0.982810 -0.057884 -0.687760
v 0.946464 -0.185699 -0.702550
v 0.884501 -0.296130 -0.745471
v 0.802986 -0.378366 -0.812323
v 0.709898 -0.424357 -0.896561
v 0.751725 0.392781 -0.857882
v 0.741724 0.332910 -0.738752
v 0.726147 0.239660 -0.644209
v 0.706518 0.122157 -0.583509
v 0.684760 -0.008095 -0.562593
v 0.663002 -0.138348 -0.583509
v 0.643374 -0.255850 -0.644209
v 0.627796 -0.349101 -0.738752
v 0.617795 -0.408971 -0.857882
v 0.659623 0.408166 -0.896561
v 0.566535 0.362175 -0.812323
v 0.485020 0.279939 -0.745471
v 0.423056 0.169508 -0.702550
v 0.386711 0.041693 -0.687760
v 0.379540 -0.090997 -0.702550
v 0.402246 -0.215571 -0.745471
v 0.452607 -0.319836 -0.812323
v 0.525693 -0.393586 -0.896561
v 0.614349 -0.429601 -0.989940
v 0.755171 0.413411 -0.989940
v 0.621473 0.414539 -0.989940
v 0.493969 0.374297 -0.989940
v 0.385141 0.296623 -0.989940
v 0.305642 0.189122 -0.989940
v 0.263254 0.062316 -0.989940
v 0.262126 -0.071383 -0.989940
v 0.302368 -0.198887 -0.989940
v 0.380041 -0.307714 -0.989940
v 0.487543 -0.387213 -0.989940
v 0.659623 0.408166 -1.083318
v 0.566535 0.362175 -1.167556
v 0.485020 0.279939 -1.234408
v 0.423056 0.169508 -1.277329
v 0.386711 0.041693 -1.292119
v 0.379540 -0.090997 -1.277329
v 0.402246 -0.215571 -1.234408
v 0.452607 -0.319836 -1.167556
v 0.525693 -0.393586 -1.083318
v 0.751725 0.392781 -1.121997
v 0.741724 0.332910 -1.241128
v 0.726147 0.239660 -1.335670
v 0.706518 0.122157 -1.396370
v 0.684760 -0.008095 -1.417286
v 0.663002 -0.138348 -1.396370
v 0.643374 -0.255850 -1.335670
v 0.627796 -0.349101 -1.241128
v 0.617795 -0.408971 -1.121997
v 0.758392 -0.064864 -1.083318
v 0.831478 -0.138614 -1.167556
v 0.881839 -0.242879 -1.234408
v 0.904545 -0.367453 -1.277329
v 0.897374 -0.500143 -1.292119
v 0.861029 -0.627958 -1.277329
v 0.799065 -0.738389 -1.234408
v 0.717550 -0.820625 -1.167556
v 0.624462 -0.866616 -1.083318
v 0.796542 -0.071237 -0.989940
v 0.904044 -0.150735 -0.989940
v 0.981717 -0.259563 -0.989940
v 1.021959 -0.387067 -0.989940
v 1.020831 -0.520765 -0.989940
v 0.978442 -0.647572 -0.989940
v 0.898943 -0.755073 -0.989940
v 0.790116 -0.832747 -0.989940
v 0.662612 -0.872989 -0.989940
v 0.758392 -0.064864 -0.896561
v 0.831478 -0.138614 -0.812323
v 0.881839 -0.242879 -0.745471
v 0.904545 -0.367453 -0.702550
v 0.897374 -0.500143 -0.687760
v 0.861029 -0.627958 -0.702550
v 0.799065 -0.738389 -0.745471
v 0.717550 -0.820625 -0.812323
v 0.624462 -0.866616 -0.896561
v 0.666290 -0.049478 -0.857882
v 0.656288 -0.109349 -0.738752
v 0.640711 -0.202599 -0.644209
v 0.621083 -0.320102 -0.583509
v 0.599325 -0.450354 -0.562593
v 0.577566 -0.580607 -0.583509
v 0.557938 -0.698109 -0.644209
v 0.542361 -0.791360 -0.738752
v 0.532360 -0.851230 -0.857882
v 0.574187 -0.034093 -0.896561
v 0.481099 -0.080084 -0.812323
v 0.399584 -0.162320 -0.745471
v 0.337621 -0.272750 -0.702550
v 0.301275 -0.400566 -0.687760
v 0.294104 -0.533256 -0.702550
v 0.316811 -0.657830 -0.745471
v 0.367172 -0.762095 -0.812323
v 0.440257 -0.835845 -0.896561
v 0.528914 -0.871860 -0.989940
v 0.669736 -0.028848 -0.989940
v 0.536037 -0.027720 -0.989940
v 0.408533 -0.067962 -0.989940
v 0.299706 -0.145636 -0.989940
v 0.220207 -0.253137 -0.989940
v 0.177819 -0.379943 -0.989940
v 0.176690 -0.513642 -0.989940
v 0.216933 -0.641146 -0.989940
v 0.294606 -0.749973 -0.989940
v 0.402107 -0.829472 -0.989940
v 0.574187 -0.034093 -1.083318
v 0.481099 -0.080084 -1.167556
v 0.399584 -0.162320 -1.234408
v 0.337621 -0.272750 -1.277329
v 0.301275 -0.400566 -1.292119
v 0.294104 -0.533256 -1.277329
v 0.316811 -0.657830 -1.234408
v 0.367172 -0.762095 -1.167556
v 0.440257 -0.835845 -1.083318
v 0.666290 -0.049478 -1.121997
v 0.656288 -0.109349 -1.241128
v 0.640711 -0.202599 -1.335670
v 0.621083 -0.320102 -1.396370
v 0.599325 -0.450354 -1.417286
v 0.577566 -0.580607 -1.396370
v 0.557938 -0.698109 -1.335670
v 0.542361 -0.791360 -1.241128
v 0.532360 -0.851230 -1.121997
v 0.480020 -0.243739 -1.083318
v 0.553106 -0.317488 -1.167556
v 0.603467 -0.421754 -1.234408
v 0.626173 -0.546328 -1.277329
v 0.619003 -0.679017 -1.292119
v 0.582657 -0.806833 -1.277329
v 0.520694 -0.917264 -1.234408
v 0.439178 -0.999499 -1.167556
v 0.346090 -1.045491 -1.083318
v 0.518170 -0.250111 -0.989940
v 0.625672 -0.329610 -0.989940
v 0.703345 -0.438438 -0.989940
v 0.743587 -0.565942 -0.989940
v 0.742459 -0.699640 -0.989940
v 0.700071 -0.826447 -0.989940
v 0.620572 -0.933948 -0.989940
v 0.511744 -1.011621 -0.989940
v 0.384241 -1.051863 -0.989940
v 0.480020 -0.243739 -0.896561
v 0.553106 -0.317488 -0.812323
v 0.603467 -0.421754 -0.745471
v 0.626173 -0.546328 -0.702550
v 0.619003 -0.679017 -0.687760
v 0.582657 -0.806833 -0.702550
v 0.520694 -0.917264 -0.745471
v 0.439178 -0.999499 -0.812323
v 0.346090 -1.045491 -0.896561
v 0.387918 -0.228353 -0.857882
v 0.377917 -0.288224 -0.738752
v 0.362340 -0.381474 -0.644209
v 0.342711 -0.498977 -0.583509
v 0.320953 -0.629229 -0.562593
v 0.299195 -0.759482 -0.583509
v 0.279566 -0.876984 -0.644209
v 0.263989 -0.970235 -0.738752
v 0.253988 -1.030105 -0.857882
v 0.295816 -0.212968 -0.896561
v 0.202728 -0.258959 -0.812323
v 0.121212 -0.341195 -0.745471
v 0.059249 -0.451625 -0.702550
v 0.022903 -0.579441 -0.687760
v 0.015733 -0.712130 -0.702550
v 0.038439 -0.836705 -0.745471
v 0.088800 -0.940970 -0.812323
v 0.161886 -1.014720 -0.896561
v 0.250542 -1.050735 -0.989940
v 0.391364 -0.207723 -0.989940
v 0.257665 -0.206595 -0.989940
v 0.130162 -0.246837 -0.989940
v 0.021334 -0.324510 -0.989940
v -0.058165 -0.432012 -0.989940
v -0.100553 -0.558818 -0.989940
v -0.101681 -0.692517 -0.989940
v -0.061439 -0.820020 -0.989940
v 0.016234 -0.928848 -0.989940
v 0.123735 -1.008347 -0.989940
v 0.295816 -0.212968 -1.083318
v 0.202728 -0.258959 -1.167556
v 0.121212 -0.341195 -1.234408
v 0.059249 -0.451625 -1.277329
v 0.022903 -0.579441 -1.292119
v 0.015733 -0.712130 -1.277329
v 0.038439 -0.836705 -1.234408
v 0.088800 -0.940970 -1.167556
v 0.161886 -1.014720 -1.083318
v 0.387918 -0.228353 -1.121997
v 0.377917 -0.288224 -1.241128
v 0.362340 -0.381474 -1.335670
v 0.342711 -0.498977 -1.396370
v 0.320953 -0.629229 -1.417286
v 0.299195 -0.759482 -1.396370
v 0.279566 -0.876984 -1.335670
v 0.263989 -0.970235 -1.241128
v 0.253988 -1.030105 -1.121997
v 0.046149 -0.281061 -1.083318
v 0.119235 -0.354810 -1.167556
v 0.169596 -0.459076 -1.234408
v 0.192302 -0.583650 -1.277329
v 0.185132 -0.716339 -1.292119
v 0.148786 -0.844155 -1.277329
v 0.086823 -0.954586 -1.234408
v 0.005307 -1.036821 -1.167556
v -0.087780 -1.082813 -1.083318
v 0.084300 -0.287433 -0.989940
v 0.191801 -0.366932 -0.989940
v 0.269474 -0.475760 -0.989940
v 0.309716 -0.603264 -0.989940
v 0.308588 -0.736962 -0.989940
v 0.266200 -0.863769 -0.989940
v 0.186701 -0.971270 -0.989940
v 0.077873 -1.048943 -0.989940
v -0.049630 -1.089185 -0.989940
v 0.046149 -0.281061 -0.896561
v 0.119235 -0.354810 -0.812323
v 0.169596 -0.459076 -0.745471
v 0.192302 -0.583650 -0.702550
v 0.185132 -0.716339 -0.687760
v 0.148786 -0.844155 -0.702550
v 0.086823 -0.954586 -0.745471
v 0.005307 -1.036821 -0.812323
v -0.087780 -1.082813 -0.896561
v -0.045953 -0.265675 -0.857882
v -0.055954 -0.325546 -0.738752
v -0.071531 -0.418796 -0.644209
v -0.091160 -0.536299 -0.583509
v -0.112918 -0.666551 -0.562593
v -0.134676 -0.796804 -0.583509
v -0.154305 -0.914306 -0.644209
v -0.169882 -1.007557 -0.738752
v -0.179883 -1.067427 -0.857882
v -0.138055 -0.250290 -0.896561
v -0.231143 -0.296281 -0.812323
v -0.312659 -0.378517 -0.745471
v -0.374622 -0.488947 -0.702550
v -0.410968 -0.616763 -0.687760
v -0.418138 -0.749452 -0.702550
v -0.395432 -0.874027 -0.745471
v -0.345071 -0.978292 -0.812323
v -0.271985 -1.052042 -0.896561
v -0.183329 -1.088057 -0.989940
v -0.042507 -0.245045 -0.989940
v -0.176205 -0.243917 -0.989940
v -0.303709 -0.284159 -0.989940
v -0.412537 -0.361832 -0.989940
v -0.492036 -0.469334 -0.989940
v -0.534424 -0.596140 -0.989940
v -0.535552 -0.729839 -0.989940
v -0.495310 -0.857342 -0.989940
v -0.417637 -0.966170 -0.989940
v -0.310135 -1.045669 -0.989940
v -0.138055 -0.250290 -1.083318
v -0.231143 -0.296281 -1.167556
v -0.312659 -0.378517 -1.234408
v -0.374622 -0.488947 -1.277329
v -0.410968 -0.616763 -1.292119
v -0.418138 -0.749452 -1.277329
v -0.395432 -0.874027 -1.234408
v -0.345071 -0.978292 -1.167556
v -0.271985 -1.052042 -1.083318
v -0.045953 -0.265675 -1.121997
v -0.055954 -0.325546 -1.241128
v -0.071531 -0.418796 -1.335670
v -0.091160 -0.536299 -1.396370
v -0.112918 -0.666551 -1.417286
v -0.134676 -0.796804 -1.396370
v -0.154305 -0.914306 -1.335670
v -0.169882 -1.007557 -1.241128
v -0.179883 -1.067427 -1.121997
v -0.328620 -0.137552 -1.083318
v -0.255534 -0.211302 -1.167556
v -0.205173 -0.315568 -1.234408
v -0.182467 -0.440142 -1.277329
v -0.189638 -0.572831 -1.292119
v -0.225983 -0.700647 -1.277329
v -0.287947 -0.811078 -1.234408
v -0.369462 -0.893313 -1.167556
v -0.462550 -0.939304 -1.083318
v -0.290470 -0.143925 -0.989940
v -0.182969 -0.223424 -0.989940
v -0.105295 -0.332252 -0.989940
v -0.065053 -0.459755 -0.989940
v -0.066181 -0.593454 -0.989940
v -0.108570 -0.720261 -0.989940
v -0.188068 -0.827762 -0.989940
v -0.296896 -0.905435 -0.989940
v -0.424400 -0.945677 -0.989940
v -0.328620 -0.137552 -0.896561
v -0.255534 -0.211302 -0.812323
v -0.205173 -0.315568 -0.745471
v -0.182467 -0.440142 -0.702550
v -0.189638 -0.572831 -0.687760
v -0.225983 -0.700647 -0.702550
v -0.287947 -0.811078 -0.745471
v -0.369462 -0.893313 -0.812323
v -0.462550 -0.939304 -0.896561
v -0.420722 -0.122167 -0.857882
v -0.430724 -0.182038 -0.738752
v -0.446301 -0.275288 -0.644209
v -0.465929 -0.392790 -0.583509
v -0.487687 -0.523043 -0.562593
v -0.509446 -0.653296 -0.583509
v -0.529074 -0.770798 -0.644209
v -0.544651 -0.864049 -0.738752
v -0.554652 -0.923919 -0.857882
v -0.512825 -0.106782 -0.896561
v -0.605913 -0.152773 -0.812323
v -0.687428 -0.235009 -0.745471
v -0.749391 -0.345439 -0.702550
v -0.785737 -0.473255 -0.687760
v -0.792908 -0.605944 -0.702550
v -0.770201 -0.730519 -0.745471
v -0.719840 -0.834784 -0.812323
v -0.646755 -0.908534 -0.896561
v -0.558098 -0.944549 -0.989940
v -0.417276 -0.101537 -0.989940
v -0.550975 -0.100409 -0.989940
v -0.678479 -0.140651 -0.989940
v -0.787306 -0.218324 -0.989940
v -0.866805 -0.325826 -0.989940
v -0.909193 -0.452632 -0.989940
v -0.910322 -0.586331 -0.989940
v -0.870079 -0.713834 -0.989940
v -0.792406 -0.822662 -0.989940
v -0.684905 -0.902161 -0.989940
v -0.512825 -0.106782 -1.083318
v -0.605913 -0.152773 -1.167556
v -0.687428 -0.235009 -1.234408
v -0.749391 -0.345439 -1.277329
v -0.785737 -0.473255 -1.292119
v -0.792908 -0.605944 -1.277329
v -0.770201 -0.730519 -1.234408
v -0.719840 -0.834784 -1.167556
v -0.646755 -0.908534 -1.083318
v -0.420722 -0.122167 -1.121997
v -0.430724 -0.182038 -1.241128
v -0.446301 -0.275288 -1.335670
v -0.465929 -0.392790 -1.396370
v -0.487687 -0.523043 -1.417286
v -0.509446 -0.653296 -1.396370
v -0.529074 -0.770798 -1.335670
v -0.544651 -0.864049 -1.241128
v -0.554652 -0.923919 -1.121997
v 0.436952 0.470205 -1.268220
v 0.511478 0.416503 -1.342746
v 0.570622 0.332860 -1.401891
v 0.608595 0.227464 -1.439863
v 0.621680 0.110632 -1.452948
v 0.608595 -0.006201 -1.439863
v 0.570622 -0.111597 -1.401891
v 0.511478 -0.195240 -1.342746
v 0.436952 -0.248942 -1.268220
v 0.471171 0.470205 -1.185607
v 0.576567 0.416503 -1.185607
v 0.660210 0.332860 -1.185607
v 0.713912 0.227464 -1.185607
v 0.732416 0.110632 -1.185607
v 0.713912 -0.006201 -1.185607
v 0.660210 -0.111597 -1.185607
v 0.576567 -0.195240 -1.185607
v 0.471171 -0.248942 -1.185607
v 0.436952 0.470205 -1.102994
v 0.511478 0.416503 -1.028467
v 0.570622 0.332860 -0.969323
v 0.608595 0.227464 -0.931350
v 0.621680 0.110632 -0.918265
v 0.608595 -0.006201 -0.931350
v 0.570622 -0.111597 -0.969323
v 0.511478 -0.195240 -1.028467
v 0.436952 -0.248942 -1.102994
v 0.354339 0.470205 -1.068774
v 0.354339 0.416503 -0.963378
v 0.354339 0.332860 -0.879735
v 0.354339 0.227464 -0.826033
v 0.354339 0.110632 -0.807529
v 0.354339 -0.006201 -0.826033
v 0.354339 -0.111597 -0.879735
v 0.354339 -0.195240 -0.963378
v 0.354339 -0.248942 -1.068774
v 0.271726 0.470205 -1.102994
v 0.197199 0.416503 -1.028467
v 0.138055 0.332860 -0.969323
v 0.100082 0.227464 -0.931350
v 0.086997 0.110632 -0.918265
v 0.100082 -0.006201 -0.931350
v 0.138055 -0.111597 -0.969323
v 0.197199 -0.195240 -1.028467
v 0.271726 -0.248942 -1.102994
v 0.354339 -0.267446 -1.185607
v 0.354339 0.488710 -1.185607
v 0.237506 0.470205 -1.185607
v 0.132110 0.416503 -1.185607
v 0.048467 0.332860 -1.185607
v -0.005235 0.227464 -1.185607
v -0.023739 0.110632 -1.185607
v -0.005235 -0.006201 -1.185607
v 0.048467 -0.111597 -1.185607
v 0.132110 -0.195240 -1.185607
v 0.237506 -0.248942 -1.185607
v 0.271726 0.470205 -1.268220
v 0.197199 0.416503 -1.342746
v 0.138055 0.332860 -1.401891
v 0.100082 0.227464 -1.439863
v 0.086997 0.110632 -1.452948
v 0.100082 -0.006201 -1.439863
v 0.138055 -0.111597 -1.401891
v 0.197199 -0.195240 -1.342746
v 0.271726 -0.248942 -1.268220
v 0.354339 0.470205 -1.302439
v 0.354339 0.416503 -1.407835
v 0.354339 0.332860 -1.491478
v 0.354339 0.227464 -1.545180
v 0.354339 0.110632 -1.563684
v 0.354339 -0.006201 -1.545180
v 0.354339 -0.111597 -1.491478
v 0.354339 -0.195240 -1.407835
v 0.354339 -0.248942 -1.302439
vn 0.6367 0.7319 -0.2428
vn 0.7404 0.5144 -0.4328
vn 0.7744 0.2508 -0.5809
vn 0.7371 -0.0344 -0.6749
vn 0.6327 -0.3158 -0.7071
vn 0.4707 -0.5683 -0.6749
vn 0.2652 -0.7696 -0.5809
vn 0.0341 -0.9009 -0.4328
vn -0.2021 -0.9488 -0.2428
vn 0.7267 0.6870 -0.0000
vn 0.9008 0.4343 -0.0000
vn 0.9897 0.1433 -0.0000
vn 0.9872 -0.1593 -0.0000
vn 0.8948 -0.4465 -0.0000
vn 0.7208 -0.6932 -0.0000
vn 0.4805 -0.8770 -0.0000
vn 0.1945 -0.9809 -0.0000
vn -0.1121 -0.9937 -0.0000
vn 0.6367 0.7319 0.2428
vn 0.7404 0.5144 0.4328
vn 0.7744 0.2508 0.5809
vn 0.7371 -0.0344 0.6749
vn 0.6327 -0.3158 0.7071
vn 0.4707 -0.5683 0.6749
vn 0.2652 -0.7696 0.5809
vn 0.0341 -0.9009 0.4328
vn -0.2021 -0.9488 0.2428
vn 0.4194 0.8403 0.3434
vn 0.3531 0.7076 0.6120
vn 0.2546 0.5102 0.8215
vn 0.1332 0.2669 0.9545
vn -0.0000 -0.0000 1.0000
vn -0.1332 -0.2669 0.9545
vn -0.2546 -0.5102 0.8215
vn -0.3531 -0.7076 0.6120
vn -0.4194 -0.8403 0.3434
vn 0.2021 0.9488 0.2428
vn -0.0341 0.9009 0.4328
vn -0.2652 0.7696 0.5809
vn -0.4707 0.5683 0.6749
vn -0.6327 0.3158 0.7071
vn -0.7371 0.0344 0.6749
vn -0.7744 -0.2508 0.5809
vn -0.7404 -0.5144 0.4328
vn -0.6367 -0.7319 0.2428
vn -0.4465 -0.8948 -0.0000
vn 0.4465 0.8948 -0.0000
vn 0.1121 0.9937 -0.0000
vn -0.1945 0.9809 -0.0000
vn -0.4805 0.8770 -0.0000
vn -0.7208 0.6932 -0.0000
vn -0.8948 0.4465 -0.0000
vn -0.9872 0.1593 -0.0000
vn -0.9897 -0.1433 -0.0000
vn -0.9008 -0.4343 -0.0000
vn -0.7267 -0.6870 -0.0000
vn 0.2021 0.9488 -0.2428
vn -0.0341 0.9009 -0.4328
vn -0.2652 0.7696 -0.5809
vn -0.4707 0.5683 -0.6749
vn -0.6327 0.3158 -0.7071
vn -0.7371 0.0344 -0.6749
vn -0.7744 -0.2508 -0.5809
vn -0.7404 -0.5144 -0.4328
vn -0.6367 -0.7319 -0.2428
vn 0.4194 0.8403 -0.3434
vn 0.3531 0.7076 -0.6120
vn 0.2546 0.5102 -0.8215
vn 0.1332 0.2669 -0.9545
vn -0.0000 -0.0000 -1.0000
vn -0.1332 -0.2669 -0.9545
vn -0.2546 -0.5102 -0.8215
vn -0.3531 -0.7076 -0.6120
vn -0.4194 -0.8403 -0.3434
vn 0.2428 0.9392 -0.2428
vn 0.4328 0.7908 -0.4328
vn 0.5809 0.5702 -0.5809
vn 0.6749 0.2983 -0.6749
vn 0.7071 -0.0000 -0.7071
vn 0.6749 -0.2983 -0.6749
vn 0.5809 -0.5702 -0.5809
vn 0.4328 -0.7908 -0.4328
vn 0.2428 -0.9392 -0.2428
vn 0.3434 0.9392 -0.0000
vn 0.6120 0.7908 -0.0000
vn 0.8215 0.5702 -0.0000
vn 0.9545 0.2983 -0.0000
vn 1.0000 -0.0000 -0.0000
vn 0.9545 -0.2983 -0.0000
vn 0.8215 -0.5702 -0.0000
vn 0.6120 -0.7908 -0.0000
vn 0.3434 -0.9392 -0.0000
vn 0.2428 0.9392 0.2428
vn 0.4328 0.7908 0.4328
vn 0.5809 0.5702 0.5809
vn 0.6749 0.2983 0.6749
vn 0.7071 -0.0000 0.7071
vn 0.6749 -0.2983 0.6749
vn 0.5809 -0.5702 0.5809
vn 0.4328 -0.7908 0.4328
vn 0.2428 -0.9392 0.2428
vn -0.0000 0.9392 0.3434
vn -0.0000 0.7908 0.6120
vn -0.0000 0.5702 0.8215
vn -0.0000 0.2983 0.9545
vn -0.0000 -0.2983 0.9545
vn -0.0000 -0.5702 0.8215
vn -0.0000 -0.7908 0.6120
vn -0.0000 -0.9392 0.3434
vn -0.2428 0.9392 0.2428
vn -0.4328 0.7908 0.4328
vn -0.5809 0.5702 0.5809
vn -0.6749 0.2983 0.6749
vn -0.7071 -0.0000 0.7071
vn -0.6749 -0.2983 0.6749
vn -0.5809 -0.5702 0.5809
vn -0.4328 -0.7908 0.4328
vn -0.2428 -0.9392 0.2428
vn -0.0000 -1.0000 -0.0000
vn -0.0000 1.0000 -0.0000
vn -0.3434 0.9392 -0.0000
vn -0.6120 0.7908 -0.0000
vn -0.8215 0.5702 -0.0000
vn -0.9545 0.2983 -0.0000
vn -1.0000 -0.0000 -0.0000
vn -0.9545 -0.2983 -0.0000
vn -0.8215 -0.5702 -0.0000
vn -0.6120 -0.7908 -0.0000
vn -0.3434 -0.9392 -0.0000
vn -0.2428 0.9392 -0.2428
vn -0.4328 0.7908 -0.4328
vn -0.5809 0.5702 -0.5809
vn -0.6749 0.2983 -0.6749
vn -0.7071 -0.0000 -0.7071
vn -0.6749 -0.2983 -0.6749
vn -0.5809 -0.5702 -0.5809
vn -0.4328 -0.7908 -0.4328
vn -0.2428 -0.9392 -0.2428
vn -0.0000 0.9392 -0.3434
vn -0.0000 0.7908 -0.6120
vn -0.0000 0.5702 -0.8215
vn -0.0000 0.2983 -0.9545
vn -0.0000 -0.2983 -0.9545
vn -0.0000 -0.5702 -0.8215
vn -0.0000 -0.7908 -0.6120
vn -0.0000 -0.9392 -0.3434
vn 0.3943 0.8863 -0.2428
vn 0.5572 0.7087 -0.4328
vn 0.6669 0.4667 -0.5809
vn 0.7148 0.1831 -0.6749
vn 0.6974 -0.1165 -0.7071
vn 0.6165 -0.4055 -0.6749
vn 0.4790 -0.6581 -0.5809
vn 0.2965 -0.8513 -0.4328
vn 0.0848 -0.9664 -0.2428
vn 0.4935 0.8698 -0.0000
vn 0.7340 0.6792 -0.0000
vn 0.9042 0.4270 -0.0000
vn 0.9906 0.1370 -0.0000
vn 0.9863 -0.1648 -0.0000
vn 0.8923 -0.4515 -0.0000
vn 0.7163 -0.6977 -0.0000
vn 0.4734 -0.8809 -0.0000
vn 0.1840 -0.9829 -0.0000
vn 0.3943 0.8863 0.2428
vn 0.5572 0.7087 0.4328
vn 0.6669 0.4667 0.5809
vn 0.7148 0.1831 0.6749
vn 0.6974 -0.1165 0.7071
vn 0.6165 -0.4055 0.6749
vn 0.4790 -0.6581 0.5809
vn 0.2965 -0.8513 0.4328
vn 0.0848 -0.9664 0.2428
vn 0.1547 0.9263 0.3434
vn 0.1303 0.7800 0.6120
vn 0.0939 0.5624 0.8215
vn 0.0492 0.2943 0.9545
vn -0.0492 -0.2943 0.9545
vn -0.0939 -0.5624 0.8215
vn -0.1303 -0.7800 0.6120
vn -0.1547 -0.9263 0.3434
vn -0.0848 0.9664 0.2428
vn -0.2965 0.8513 0.4328
vn -0.4790 0.6581 0.5809
vn -0.6165 0.4055 0.6749
vn -0.6974 0.1165 0.7071
vn -0.7148 -0.1831 0.6749
vn -0.6669 -0.4667 0.5809
vn -0.5572 -0.7087 0.4328
vn -0.3943 -0.8863 0.2428
vn -0.1648 -0.9863 -0.0000
vn 0.1648 0.9863 -0.0000
vn -0.1840 0.9829 -0.0000
vn -0.4734 0.8809 -0.0000
vn -0.7163 0.6977 -0.0000
vn -0.8923 0.4515 -0.0000
vn -0.9863 0.1648 -0.0000
vn -0.9906 -0.1370 -0.0000
vn -0.9042 -0.4270 -0.0000
vn -0.7340 -0.6792 -0.0000
vn -0.4935 -0.8698 -0.0000
vn -0.0848 0.9664 -0.2428
vn -0.2965 0.8513 -0.4328
vn -0.4790 0.6581 -0.5809
vn -0.6165 0.4055 -0.6749
vn -0.6974 0.1165 -0.7071
vn -0.7148 -0.1831 -0.6749
vn -0.6669 -0.4667 -0.5809
vn -0.5572 -0.7087 -0.4328
vn -0.3943 -0.8863 -0.2428
vn 0.1547 0.9263 -0.3434
vn 0.1303 0.7800 -0.6120
vn 0.0939 0.5624 -0.8215
vn 0.0492 0.2943 -0.9545
vn -0.0492 -0.2943 -0.9545
vn -0.0939 -0.5624 -0.8215
vn -0.1303 -0.7800 -0.6120
vn -0.1547 -0.9263 -0.3434
vt 0.750000 0.900000
vt 0.687500 1.000000
vt 0.625000 0.900000
vt 0.750000 0.200000
vt 0.750000 0.300000
vt 0.625000 0.300000
vt 0.625000 0.200000
vt 0.750000 0.500000
vt 0.750000 0.600000
vt 0.625000 0.600000
vt 0.625000 0.500000
vt 0.750000 0.800000
vt 0.625000 0.800000
vt 0.750000 0.100000
vt 0.625000 0.100000
vt 0.750000 0.400000
vt 0.625000 0.400000
vt 0.750000 0.700000
vt 0.625000 0.700000
vt 0.687500 0.000000
vt 0.500000 0.300000
vt 0.500000 0.200000
vt 0.500000 0.600000
vt 0.500000 0.500000
vt 0.500000 0.900000
vt 0.500000 0.800000
vt 0.500000 0.100000
vt 0.500000 0.400000
vt 0.500000 0.700000
vt 0.562500 0.000000
vt 0.562500 1.000000
vt 0.375000 0.700000
vt 0.375000 0.600000
vt 0.437500 1.000000
vt 0.375000 0.900000
vt 0.375000 0.300000
vt 0.375000 0.200000
vt 0.375000 0.500000
vt 0.375000 0.800000
vt 0.375000 0.100000
vt 0.375000 0.400000
vt 0.437500 0.000000
vt 0.250000 0.400000
vt 0.250000 0.300000
vt 0.250000 0.700000
vt 0.250000 0.600000
vt 0.312500 1.000000
vt 0.250000 0.900000
vt 0.250000 0.200000
vt 0.250000 0.500000
vt 0.250000 0.800000
vt 0.250000 0.100000
vt 0.312500 0.000000
vt 0.125000 0.800000
vt 0.125000 0.700000
vt 0.187500 0.000000
vt 0.125000 0.100000
vt 0.125000 0.400000
vt 0.125000 0.300000
vt 0.125000 0.600000
vt 0.187500 1.000000
vt 0.125000 0.900000
vt 0.125000 0.200000
vt 0.125000 0.500000
vt 0.000000 0.200000
vt 0.000000 0.100000
vt 0.000000 0.500000
vt 0.000000 0.400000
vt 0.000000 0.800000
vt 0.000000 0.700000
vt 0.062500 0.000000
vt 0.000000 0.300000
vt 0.000000 0.600000
vt 0.062500 1.000000
vt 0.000000 0.900000
vt 1.000000 0.500000
vt 1.000000 0.600000
vt 0.875000 0.600000
vt 0.875000 0.500000
vt 1.000000 0.800000
vt 1.000000 0.900000
vt 0.875000 0.900000
vt 0.875000 0.800000
vt 1.000000 0.100000
vt 1.000000 0.200000
vt 0.875000 0.200000
vt 0.875000 0.100000
vt 1.000000 0.400000
vt 0.875000 0.400000
vt 1.000000 0.700000
vt 0.875000 0.700000
vt 0.937500 0.000000
vt 1.000000 0.300000
vt 0.875000 0.300000
vt 0.937500 1.000000
vt 0.812500 1.000000
vt 0.812500 0.000000
s 1
f 548/560/548 529/561/529 483/562/483
f 555/563/555 554/564/554 489/565/489 490/566/490
f 552/567/552 551/568/551 486/569/486 487/570/487
f 549/571/549 548/560/548 483/562/483 484/572/484
f 556/573/556 555/563/555 490/566/490 491/574/491
f 553/575/553 552/567/552 487/570/487 488/576/488
f 550/577/550 549/571/549 484/572/484 485/578/485
f 528/579/528 556/573/556 491/574/491
f 554/564/554 553/575/553 488/576/488 489/565/489
f 551/568/551 550/577/550 485/578/485 486/569/486
f 490/566/490 489/565/489 498/580/498 499/581/499
f 487/570/487 486/569/486 495/582/495 496/583/496
f 484/572/484 483/562/483 492/584/492 493/585/493
f 491/574/491 490/566/490 499/581/499 500/586/500
f 488/576/488 487/570/487 496/583/496 497/587/497
f 485/578/485 484/572/484 493/585/493 494/588/494
f 528/589/528 491/574/491 500/586/500
f 489/565/489 488/576/488 497/587/497 498/580/498
f 486/569/486 485/578/485 494/588/494 495/582/495
f 483/562/483 529/590/529 492/584/492
f 495/582/495 494/588/494 503/591/503 504/592/504
f 492/584/492 529/593/529 501/594/501
f 499/581/499 498/580/498 507/595/507 508/596/508
f 496/583/496 495/582/495 504/592/504 505/597/505
f 493/585/493 492/584/492 501/594/501 502/598/502
f 500/586/500 499/581/499 508/596/508 509/599/509
f 497/587/497 496/583/496 505/597/505 506/600/506
f 494/588/494 493/585/493 502/598/502 503/591/503
f 528/601/528 500/586/500 509/599/509
f 498/580/498 497/587/497 506/600/506 507/595/507
f 507/595/507 506/600/506 515/602/515 516/603/516
f 504/592/504 503/591/503 512/604/512 513/605/513
f 501/594/501 529/606/529 510/607/510
f 508/596/508 507/595/507 516/603/516 517/608/517
f 505/597/505 504/592/504 513/605/513 514/609/514
f 502/598/502 501/594/501 510/607/510 511/610/511
f 509/599/509 508/596/508 517/608/517 518/611/518
f 506/600/506 505/597/505 514/609/514 515/602/515
f 503/591/503 502/598/502 511/610/511 512/604/512
f 528/612/528 509/599/509 518/611/518
f 512/604/512 511/610/511 520/613/520 521/614/521
f 528/615/528 518/611/518 527/616/527
f 516/603/516 515/602/515 524/617/524 525/618/525
f 513/605/513 512/604/512 521/614/521 522/619/522
f 510/607/510 529/620/529 519/621/519
f 517/608/517 516/603/516 525/618/525 526/622/526
f 514/609/514 513/605/513 522/619/522 523/623/523
f 511/610/511 510/607/510 519/621/519 520/613/520
f 518/611/518 517/608/517 526/622/526 527/616/527
f 515/602/515 514/609/514 523/623/523 524/617/524
f 527/616/527 526/622/526 537/624/537 538/625/538
f 524/617/524 523/623/523 534/626/534 535/627/535
f 521/614/521 520/613/520 531/628/531 532/629/532
f 528/630/528 527/616/527 538/625/538
f 525/618/525 524/617/524 535/627/535 536/631/536
f 522/619/522 521/614/521 532/629/532 533/632/533
f 519/621/519 529/633/529 530/634/530
f 526/622/526 525/618/525 536/631/536 537/624/537
f 523/623/523 522/619/522 533/632/533 534/626/534
f 520/613/520 519/621/519 530/634/530 531/628/531
f 534/635/534 533/636/533 542/637/542 543/638/543
f 531/639/531 530/640/530 539/641/539 540/642/540
f 538/643/538 537/644/537 546/645/546 547/646/547
f 535/647/535 534/635/534 543/638/543 544/648/544
f 532/649/532 531/639/531 540/642/540 541/650/541
f 528/651/528 538/643/538 547/646/547
f 536/652/536 535/647/535 544/648/544 545/653/545
f 533/636/533 532/649/532 541/650/541 542/637/542
f 530/640/530 529/654/529 539/641/539
f 537/644/537 536/652/536 545/653/545 546/645/546
f 539/641/539 529/655/529 548/560/548
f 546/645/546 545/653/545 554/564/554 555/563/555
f 543/638/543 542/637/542 551/568/551 552/567/552
f 540/642/540 539/641/539 548/560/548 549/571/549
f 547/646/547 546/645/546 555/563/555 556/573/556
f 544/648/544 543/638/543 552/567/552 553/575/553
f 541/650/541 540/642/540 549/571/549 550/577/550
f 528/656/528 547/646/547 556/573/556
f 545/653/545 544/648/544 553/575/553 554/564/554
f 542/637/542 541/650/541 550/577/550 551/568/551
f 622/560/548 603/561/529 557/562/483
f 629/563/555 628/564/554 563/565/489 564/566/490
f 626/567/552 625/568/551 560/569/486 561/570/487
f 623/571/549 622/560/548 557/562/483 558/572/484
f 630/573/556 629/563/555 564/566/490 565/574/491
f 627/575/553 626/567/552 561/570/487 562/576/488
f 624/577/550 623/571/549 558/572/484 559/578/485
f 602/579/528 630/573/556 565/574/491
f 628/564/554 627/575/553 562/576/488 563/565/489
f 625/568/551 624/577/550 559/578/485 560/569/486
f 564/566/490 563/565/489 572/580/498 573/581/499
f 561/570/487 560/569/486 569/582/495 570/583/496
f 558/572/484 557/562/483 566/584/492 567/585/493
f 565/574/491 564/566/490 573/581/499 574/586/500
f 562/576/488 561/570/487 570/583/496 571/587/497
f 559/578/485 558/572/484 567/585/493 568/588/494
f 602/589/528 565/574/491 574/586/500
f 563/565/489 562/576/488 571/587/497 572/580/498
f 560/569/486 559/578/485 568/588/494 569/582/495
f 557/562/483 603/590/529 566/584/492
f 569/582/495 568/588/494 577/591/503 578/592/504
f 566/584/492 603/593/529 575/594/501
f 573/581/499 572/580/498 581/595/507 582/596/508
f 570/583/496 569/582/495 578/592/504 579/597/505
f 567/585/493 566/584/492 575/594/501 576/598/502
f 574/586/500 573/581/499 582/596/508 583/599/509
f 571/587/497 570/583/496 579/597/505 580/600/506
f 568/588/494 567/585/493 576/598/502 577/591/503
f 602/601/528 574/586/500 583/599/509
f 572/580/498 571/587/497 580/600/506 581/595/507
f 581/595/507 580/600/506 589/602/515 590/603/516
f 578/592/504 577/591/503 586/604/512 587/605/513
f 575/594/501 603/606/529 584/607/510
f 582/596/508 581/595/507 590/603/516 591/608/517
f 579/597/505 578/592/504 587/605/513 588/609/514
f 576/598/502 575/594/501 584/607/510 585/610/511
f 583/599/509 582/596/508 591/608/517 592/611/518
f 580/600/506 579/597/505 588/609/514 589/602/515
f 577/591/503 576/598/502 585/610/511 586/604/512
f 602/612/528 583/599/509 592/611/518
f 586/604/512 585/610/511 594/613/520 595/614/521
f 602/615/528 592/611/518 601/616/527
f 590/603/516 589/602/515 598/617/524 599/618/525
f 587/605/513 586/604/512 595/614/521 596/619/522
f 584/607/510 603/620/529 593/621/519
f 591/608/517 590/603/516 599/618/525 600/622/526
f 588/609/514 587/605/513 596/619/522 597/623/523
f 585/610/511 584/607/510 593/621/519 594/613/520
f 592/611/518 591/608/517 600/622/526 601/616/527
f 589/602/515 588/609/514 597/623/523 598/617/524
f 601/616/527 600/622/526 611/624/537 612/625/538
f 598/617/524 597/623/523 608/626/534 609/627/535
f 595/614/521 594/613/520 605/628/531 606/629/532
f 602/630/528 601/616/527 612/625/538
f 599/618/525 598/617/524 609/627/535 610/631/536
f 596/619/522 595/614/521 606/629/532 607/632/533
f 593/621/519 603/633/529 604/634/530
f 600/622/526 599/618/525 610/631/536 611/624/537
f 597/623/523 596/619/522 607/632/533 608/626/534
f 594/613/520 593/621/519 604/634/530 605/628/531
f 608/635/534 607/636/533 616/637/542 617/638/543
f 605/639/531 604/640/530 613/641/539 614/642/540
f 612/643/538 611/644/537 620/645/546 621/646/547
f 609/647/535 608/635/534 617/638/543 618/648/544
f 606/649/532 605/639/531 614/642/540 615/650/541
f 602/651/528 612/643/538 621/646/547
f 610/652/536 609/647/535 618/648/544 619/653/545
f 607/636/533 606/649/532 615/650/541 616/637/542
f 604/640/530 603/654/529 613/641/539
f 611/644/537 610/652/536 619/653/545 620/645/546
f 613/641/539 603/655/529 622/560/548
f 620/645/546 619/653/545 628/564/554 629/563/555
f 617/638/543 616/637/542 625/568/551 626/567/552
f 614/642/540 613/641/539 622/560/548 623/571/549
f 621/646/547 620/645/546 629/563/555 630/573/556
f 618/648/544 617/638/543 626/567/552 627/575/553
f 615/650/541 614/642/540 623/571/549 624/577/550
f 602/656/528 621/646/547 630/573/556
f 619/653/545 618/648/544 627/575/553 628/564/554
f 616/637/542 615/650/541 624/577/550 625/568/551
f 696/560/548 677/561/529 631/562/483
f 703/563/555 702/564/554 637/565/489 638/566/490
f 700/567/552 699/568/551 634/569/486 635/570/487
f 697/571/549 696/560/548 631/562/483 632/572/484
f 704/573/556 703/563/555 638/566/490 639/574/491
f 701/575/553 700/567/552 635/570/487 636/576/488
f 698/577/550 697/571/549 632/572/484 633/578/485
f 676/579/528 704/573/556 639/574/491
f 702/564/554 701/575/553 636/576/488 637/565/489
f 699/568/551 698/577/550 633/578/485 634/569/486
f 638/566/490 637/565/489 646/580/498 647/581/499
f 635/570/487 634/569/486 643/582/495 644/583/496
f 632/572/484 631/562/483 640/584/492 641/585/493
f 639/574/491 638/566/490 647/581/499 648/586/500
f 636/576/488 635/570/487 644/583/496 645/587/497
f 633/578/485 632/572/484 641/585/493 642/588/494
f 676/589/528 639/574/491 648/586/500
f 637/565/489 636/576/488 645/587/497 646/580/498
f 634/569/486 633/578/485 642/588/494 643/582/495
f 631/562/483 677/590/529 640/584/492
f 643/582/495 642/588/494 651/591/503 652/592/504
f 640/584/492 677/593/529 649/594/501
f 647/581/499 646/580/498 655/595/507 656/596/508
f 644/583/496 643/582/495 652/592/504 653/597/505
f 641/585/493 640/584/492 649/594/501 650/598/502
f 648/586/500 647/581/499 656/596/508 657/599/509
f 645/587/497 644/583/496 653/597/505 654/600/506
f 642/588/494 641/585/493 650/598/502 651/591/503
f 676/601/528 648/586/500 657/599/509
f 646/580/498 645/587/497 654/600/506 655/595/507
f 655/595/507 654/600/506 663/602/515 664/603/516
f 652/592/504 651/591/503 660/604/512 661/605/513
f 649/594/501 677/606/529 658/607/510
f 656/596/508 655/595/507 664/603/516 665/608/517
f 653/597/505 652/592/504 661/605/513 662/609/514
f 650/598/502 649/594/501 658/607/510 659/610/511
f 657/599/509 656/596/508 665/608/517 666/611/518
f 654/600/506 653/597/505 662/609/514 663/602/515
f 651/591/503 650/598/502 659/610/511 660/604/512
f 676/612/528 657/599/509 666/611/518
f 660/604/512 659/610/511 668/613/520 669/614/521
f 676/615/528 666/611/518 675/616/527
f 664/603/516 663/602/515 672/617/524 673/618/525
f 661/605/513 660/604/512 669/614/521 670/619/522
f 658/607/510 677/620/529 667/621/519
f 665/608/517 664/603/516 673/618/525 674/622/526
f 662/609/514 661/605/513 670/619/522 671/623/523
f 659/610/511 658/607/510 667/621/519 668/613/520
f 666/611/518 665/608/517 674/622/526 675/616/527
f 663/602/515 662/609/514 671/623/523 672/617/524
f 675/616/527 674/622/526 685/624/537 686/625/538
f 672/617/524 671/623/523 682/626/534 683/627/535
f 669/614/521 668/613/520 679/628/531 680/629/532
f 676/630/528 675/616/527 686/625/538
f 673/618/525 672/617/524 683/627/535 684/631/536
f 670/619/522 669/614/521 680/629/532 681/632/533
f 667/621/519 677/633/529 678/634/530
f 674/622/526 673/618/525 684/631/536 685/624/537
f 671/623/523 670/619/522 681/632/533 682/626/534
f 668/613/520 667/621/519 678/634/530 679/628/531
f 682/635/534 681/636/533 690/637/542 691/638/543
f 679/639/531 678/640/530 687/641/539 688/642/540
f 686/643/538 685/644/537 694/645/546 695/646/547
f 683/647/535 682/635/534 691/638/543 692/648/544
f 680/649/532 679/639/531 688/642/540 689/650/541
f 676/651/528 686/643/538 695/646/547
f 684/652/536 683/647/535 692/648/544 693/653/545
f 681/636/533 680/649/532 689/650/541 690/637/542
f 678/640/530 677/654/529 687/641/539
f 685/644/537 684/652/536 693/653/545 694/645/546
f 687/641/539 677/655/529 696/560/548
f 694/645/546 693/653/545 702/564/554 703/563/555
f 691/638/543 690/637/542 699/568/551 700/567/552
f 688/642/540 687/641/539 696/560/548 697/571/549
f 695/646/547 694/645/546 703/563/555 704/573/556
f 692/648/544 691/638/543 700/567/552 701/575/553
f 689/650/541 688/642/540 697/571/549 698/577/550
f 676/656/528 695/646/547 704/573/556
f 693/653/545 692/648/544 701/575/553 702/564/554
f 690/637/542 689/650/541 698/577/550 699/568/551
f 770/560/548 751/561/529 705/562/483
f 777/563/555 776/564/554 711/565/489 712/566/490
f 774/567/552 773/568/551 708/569/486 709/570/487
f 771/571/549 770/560/548 705/562/483 706/572/484
f 778/573/556 777/563/555 712/566/490 713/574/491
f 775/575/553 774/567/552 709/570/487 710/576/488
f 772/577/550 771/571/549 706/572/484 707/578/485
f 750/579/528 778/573/556 713/574/491
f 776/564/554 775/575/553 710/576/488 711/565/489
f 773/568/551 772/577/550 707/578/485 708/569/486
f 712/566/490 711/565/489 720/580/498 721/581/499
f 709/570/487 708/569/486 717/582/495 718/583/496
f 706/572/484 705/562/483 714/584/492 715/585/493
f 713/574/491 712/566/490 721/581/499 722/586/500
f 710/576/488 709/570/487 718/583/496 719/587/497
f 707/578/485 706/572/484 715/585/493 716/588/494
f 750/589/528 713/574/491 722/586/500
f 711/565/489 710/576/488 719/587/497 720/580/498
f 708/569/486 707/578/485 716/588/494 717/582/495
f 705/562/483 751/590/529 714/584/492
f 717/582/495 716/588/494 725/591/503 726/592/504
f 714/584/492 751/593/529 723/594/501
f 721/581/499 720/580/498 729/595/507 730/596/508
f 718/583/496 717/582/495 726/592/504 727/597/505
f 715/585/493 714/584/492 723/594/501 724/598/502
f 722/586/500 721/581/499 730/596/508 731/599/509
f 719/587/497 718/583/496 727/597/505 728/600/506
f 716/588/494 715/585/493 724/598/502 725/591/503
f 750/601/528 722/586/500 731/599/509
f 720/580/498 719/587/497 728/600/506 729/595/507
f 729/595/507 728/600/506 737/602/515 738/603/516
f 726/592/504 725/591/503 734/604/512 735/605/513
f 723/594/501 751/606/529 732/607/510
f 730/596/508 729/595/507 738/603/516 739/608/517
f 727/597/505 726/592/504 735/605/513 736/609/514
f 724/598/502 723/594/501 732/607/510 733/610/511
f 731/599/509 730/596/508 739/608/517 740/611/518
f 728/600/506 727/597/505 736/609/514 737/602/515
f 725/591/503 724/598/502 733/610/511 734/604/512
f 750/612/528 731/599/509 740/611/518
f 734/604/512 733/610/511 742/613/520 743/614/521
f 750/615/528 740/611/518 749/616/527
f 738/603/516 737/602/515 746/617/524 747/618/525
f 735/605/513 734/604/512 743/614/521 744/619/522
f 732/607/510 751/620/529 741/621/519
f 739/608/517 738/603/516 747/618/525 748/622/526
f 736/609/514 735/605/513 744/619/522 745/623/523
f 733/610/511 732/607/510 741/621/519 742/613/520
f 740/611/518 739/608/517 748/622/526 749/616/527
f 737/602/515 736/609/514 745/623/523 746/617/524
f 749/616/527 748/622/526 759/624/537 760/625/538
f 746/617/524 745/623/523 756/626/534 757/627/535
f 743/614/521 742/613/520 753/628/531 754/629/532
f 750/630/528 749/616/527 760/625/538
f 747/618/525 746/617/524 757/627/535 758/631/536
f 744/619/522 743/614/521 754/629/532 755/632/533
f 741/621/519 751/633/529 752/634/530
f 748/622/526 747/618/525 758/631/536 759/624/537
f 745/623/523 744/619/522 755/632/533 756/626/534
f 742/613/520 741/621/519 752/634/530 753/628/531
f 756/635/534 755/636/533 764/637/542 765/638/543
f 753/639/531 752/640/530 761/641/539 762/642/540
f 760/643/538 759/644/537 768/645/546 769/646/547
f 757/647/535 756/635/534 765/638/543 766/648/544
f 754/649/532 753/639/531 762/642/540 763/650/541
f 750/651/528 760/643/538 769/646/547
f 758/652/536 757/647/535 766/648/544 767/653/545
f 755/636/533 754/649/532 763/650/541 764/637/542
f 752/640/530 751/654/529 761/641/539
f 759/644/537 758/652/536 767/653/545 768/645/546
f 761/641/539 751/655/529 770/560/548
f 768/645/546 767/653/545 776/564/554 777/563/555
f 765/638/543 764/637/542 773/568/551 774/567/552
f 762/642/540 761/641/539 770/560/548 771/571/549
f 769/646/547 768/645/546 777/563/555 778/573/556
f 766/648/544 765/638/543 774/567/552 775/575/553
f 763/650/541 762/642/540 771/571/549 772/577/550
f 750/656/528 769/646/547 778/573/556
f 767/653/545 766/648/544 775/575/553 776/564/554
f 764/637/542 763/650/541 772/577/550 773/568/551
f 844/560/548 825/561/529 779/562/483
f 851/563/555 850/564/554 785/565/489 786/566/490
f 848/567/552 847/568/551 782/569/486 783/570/487
f 845/571/549 844/560/548 779/562/483 780/572/484
f 852/573/556 851/563/555 786/566/490 787/574/491
f 849/575/553 848/567/552 783/570/487 784/576/488
f 846/577/550 845/571/549 780/572/484 781/578/485
f 824/579/528 852/573/556 787/574/491
f 850/564/554 849/575/553 784/576/488 785/565/489
f 847/568/551 846/577/550 781/578/485 782/569/486
f 786/566/490 785/565/489 794/580/498 795/581/499
f 783/570/487 782/569/486 791/582/495 792/583/496
f 780/572/484 779/562/483 788/584/492 789/585/493
f 787/574/491 786/566/490 795/581/499 796/586/500
f 784/576/488 783/570/487 792/583/496 793/587/497
f 781/578/485 780/572/484 789/585/493 790/588/494
f 824/589/528 787/574/491 796/586/500
f 785/565/489 784/576/488 793/587/497 794/580/498
f 782/569/486 781/578/485 790/588/494 791/582/495
f 779/562/483 825/590/529 788/584/492
f 791/582/495 790/588/494 799/591/503 800/592/504
f 788/584/492 825/593/529 797/594/501
f 795/581/499 794/580/498 803/595/507 804/596/508
f 792/583/496 791/582/495 800/592/504 801/597/505
f 789/585/493 788/584/492 797/594/501 798/598/502
f 796/586/500 795/581/499 804/596/508 805/599/509
f 793/587/497 792/583/496 801/597/505 802/600/506
f 790/588/494 789/585/493 798/598/502 799/591/503
f 824/601/528 796/586/500 805/599/509
f 794/580/498 793/587/497 802/600/506 803/595/507
f 803/595/507 802/600/506 811/602/515 812/603/516
f 800/592/504 799/591/503 808/604/512 809/605/513
f 797/594/501 825/606/529 806/607/510
f 804/596/508 803/595/507 812/603/516 813/608/517
f 801/597/505 800/592/504 809/605/513 810/609/514
f 798/598/502 797/594/501 806/607/510 807/610/511
f 805/599/509 804/596/508 813/608/517 814/611/518
f 802/600/506 801/597/505 810/609/514 811/602/515
f 799/591/503 798/598/502 807/610/511 808/604/512
f 824/612/528 805/599/509 814/611/518
f 808/604/512 807/610/511 816/613/520 817/614/521
f 824/615/528 814/611/518 823/616/527
f 812/603/516 811/602/515 820/617/524 821/618/525
f 809/605/513 808/604/512 817/614/521 818/619/522
f 806/607/510 825/620/529 815/621/519
f 813/608/517 812/603/516 821/618/525 822/622/526
f 810/609/514 809/605/513 818/619/522 819/623/523
f 807/610/511 806/607/510 815/621/519 816/613/520
f 814/611/518 813/608/517 822/622/526 823/616/527
f 811/602/515 810/609/514 819/623/523 820/617/524
f 823/616/527 822/622/526 833/624/537 834/625/538
f 820/617/524 819/623/523 830/626/534 831/627/535
f 817/614/521 816/613/520 827/628/531 828/629/532
f 824/630/528 823/616/527 834/625/538
f 821/618/525 820/617/524 831/627/535 832/631/536
f 818/619/522 817/614/521 828/629/532 829/632/533
f 815/621/519 825/633/529 826/634/530
f 822/622/526 821/618/525 832/631/536 833/624/537
f 819/623/523 818/619/522 829/632/533 830/626/534
f 816/613/520 815/621/519 826/634/530 827/628/531
f 830/635/534 829/636/533 838/637/542 839/638/543
f 827/639/531 826/640/530 835/641/539 836/642/540
f 834/643/538 833/644/537 842/645/546 843/646/547
f 831/647/535 830/635/534 839/638/543 840/648/544
f 828/649/532 827/639/531 836/642/540 837/650/541
f 824/651/528 834/643/538 843/646/547
f 832/652/536 831/647/535 840/648/544 841/653/545
f 829/636/533 828/649/532 837/650/541 838/637/542
f 826/640/530 825/654/529 835/641/539
f 833/644/537 832/652/536 841/653/545 842/645/546
f 835/641/539 825/655/529 844/560/548
f 842/645/546 841/653/545 850/564/554 851/563/555
f 839/638/543 838/637/542 847/568/551 848/567/552
f 836/642/540 835/641/539 844/560/548 845/571/549
f 843/646/547 842/645/546 851/563/555 852/573/556
f 840/648/544 839/638/543 848/567/552 849/575/553
f 837/650/541 836/642/540 845/571/549 846/577/550
f 824/656/528 843/646/547 852/573/556
f 841/653/545 840/648/544 849/575/553 850/564/554
f 838/637/542 837/650/541 846/577/550 847/568/551
f 918/560/548 899/561/529 853/562/483
f 925/563/555 924/564/554 859/565/489 860/566/490
f 922/567/552 921/568/551 856/569/486 857/570/487
f 919/571/549 918/560/548 853/562/483 854/572/484
f 926/573/556 925/563/555 860/566/490 861/574/491
f 923/575/553 922/567/552 857/570/487 858/576/488
f 920/577/550 919/571/549 854/572/484 855/578/485
f 898/579/528 926/573/556 861/574/491
f 924/564/554 923/575/553 858/576/488 859/565/489
f 921/568/551 920/577/550 855/578/485 856/569/486
f 860/566/490 859/565/489 868/580/498 869/581/499
f 857/570/487 856/569/486 865/582/495 866/583/496
f 854/572/484 853/562/483 862/584/492 863/585/493
f 861/574/491 860/566/490 869/581/499 870/586/500
f 858/576/488 857/570/487 866/583/496 867/587/497
f 855/578/485 854/572/484 863/585/493 864/588/494
f 898/589/528 861/574/491 870/586/500
f 859/565/489 858/576/488 867/587/497 868/580/498
f 856/569/486 855/578/485 864/588/494 865/582/495
f 853/562/483 899/590/529 862/584/492
f 865/582/495 864/588/494 873/591/503 874/592/504
f 862/584/492 899/593/529 871/594/501
f 869/581/499 868/580/498 877/595/507 878/596/508
f 866/583/496 865/582/495 874/592/504 875/597/505
f 863/585/493 862/584/492 871/594/501 872/598/502
f 870/586/500 869/581/499 878/596/508 879/599/509
f 867/587/497 866/583/496 875/597/505 876/600/506
f 864/588/494 863/585/493 872/598/502 873/591/503
f 898/601/528 870/586/500 879/599/509
f 868/580/498 867/587/497 876/600/506 877/595/507
f 877/595/507 876/600/506 885/602/515 886/603/516
f 874/592/504 873/591/503 882/604/512 883/605/513
f 871/594/501 899/606/529 880/607/510
f 878/596/508 877/595/507 886/603/516 887/608/517
f 875/597/505 874/592/504 883/605/513 884/609/514
f 872/598/502 871/594/501 880/607/510 881/610/511
f 879/599/509 878/596/508 887/608/517 888/611/518
f 876/600/506 875/597/505 884/609/514 885/602/515
f 873/591/503 872/598/502 881/610/511 882/604/512
f 898/612/528 879/599/509 888/611/518
f 882/604/512 881/610/511 890/613/520 891/614/521
f 898/615/528 888/611/518 897/616/527
f 886/603/516 885/602/515 894/617/524 895/618/525
f 883/605/513 882/604/512 891/614/521 892/619/522
f 880/607/510 899/620/529 889/621/519
f 887/608/517 886/603/516 895/618/525 896/622/526
f 884/609/514 883/605/513 892/619/522 893/623/523
f 881/610/511 880/607/510 889/621/519 890/613/520
f 888/611/518 887/608/517 896/622/526 897/616/527
f 885/602/515 884/609/514 893/623/523 894/617/524
f 897/616/527 896/622/526 907/624/537 908/625/538
f 894/617/524 893/623/523 904/626/534 905/627/535
f 891/614/521 890/613/520 901/628/531 902/629/532
f 898/630/528 897/616/527 908/625/538
f 895/618/525 894/617/524 905/627/535 906/631/536
f 892/619/522 891/614/521 902/629/532 903/632/533
f 889/621/519 899/633/529 900/634/530
f 896/622/526 895/618/525 906/631/536 907/624/537
f 893/623/523 892/619/522 903/632/533 904/626/534
f 890/613/520 889/621/519 900/634/530 901/628/531
f 904/635/534 903/636/533 912/637/542 913/638/543
f 901/639/531 900/640/530 909/641/539 910/642/540
f 908/643/538 907/644/537 916/645/546 917/646/547
f 905/647/535 904/635/534 913/638/543 914/648/544
f 902/649/532 901/639/531 910/642/540 911/650/541
f 898/651/528 908/643/538 917/646/547
f 906/652/536 905/647/535 914/648/544 915/653/545
f 903/636/533 902/649/532 911/650/541 912/637/542
f 900/640/530 899/654/529 909/641/539
f 907/644/537 906/652/536 915/653/545 916/645/546
f 909/641/539 899/655/529 918/560/548
f 916/645/546 915/653/545 924/564/554 925/563/555
f 913/638/543 912/637/542 921/568/551 922/567/552
f 910/642/540 909/641/539 918/560/548 919/571/549
f 917/646/547 916/645/546 925/563/555 926/573/556
f 914/648/544 913/638/543 922/567/552 923/575/553
f 911/650/541 910/642/540 919/571/549 920/577/550
f 898/656/528 917/646/547 926/573/556
f 915/653/545 914/648/544 923/575/553 924/564/554
f 912/637/542 911/650/541 920/577/550 921/568/551
f 992/560/548 973/561/529 927/562/483
f 999/563/555 998/564/554 933/565/489 934/566/490
f 996/567/552 995/568/551 930/569/486 931/570/487
f 993/571/549 992/560/548 927/562/483 928/572/484
f 1000/573/556 999/563/555 934/566/490 935/574/491
f 997/575/553 996/567/552 931/570/487 932/576/488
f 994/577/550 993/571/549 928/572/484 929/578/485
f 972/579/528 1000/573/556 935/574/491
f 998/564/554 997/575/553 932/576/488 933/565/489
f 995/568/551 994/577/550 929/578/485 930/569/486
f 934/566/490 933/565/489 942/580/498 943/581/499
f 931/570/487 930/569/486 939/582/495 940/583/496
f 928/572/484 927/562/483 936/584/492 937/585/493
f 935/574/491 934/566/490 943/581/499 944/586/500
f 932/576/488 931/570/487 940/583/496 941/587/497
f 929/578/485 928/572/484 937/585/493 938/588/494
f 972/589/528 935/574/491 944/586/500
f 933/565/489 932/576/488 941/587/497 942/580/498
f 930/569/486 929/578/485 938/588/494 939/582/495
f 927/562/483 973/590/529 936/584/492
f 939/582/495 938/588/494 947/591/503 948/592/504
f 936/584/492 973/593/529 945/594/501
f 943/581/499 942/580/498 951/595/507 952/596/508
f 940/583/496 939/582/495 948/592/504 949/597/505
f 937/585/493 936/584/492 945/594/501 946/598/502
f 944/586/500 943/581/499 952/596/508 953/599/509
f 941/587/497 940/583/496 949/597/505 950/600/506
f 938/588/494 937/585/493 946/598/502 947/591/503
f 972/601/528 944/586/500 953/599/509
f 942/580/498 941/587/497 950/600/506 951/595/507
f 951/595/507 950/600/506 959/602/515 960/603/516
f 948/592/504 947/591/503 956/604/512 957/605/513
f 945/594/501 973/606/529 954/607/510
f 952/596/508 951/595/507 960/603/516 961/608/517
f 949/597/505 948/592/504 957/605/513 958/609/514
f 946/598/502 945/594/501 954/607/510 955/610/511
f 953/599/509 952/596/508 961/608/517 962/611/518
f 950/600/506 949/597/505 958/609/514 959/602/515
f 947/591/503 946/598/502 955/610/511 956/604/512
f 972/612/528 953/599/509 962/611/518
f 956/604/512 955/610/511 964/613/520 965/614/521
f 972/615/528 962/611/518 971/616/527
f 960/603/516 959/602/515 968/617/524 969/618/525
f 957/605/513 956/604/512 965/614/521 966/619/522
f 954/607/510 973/620/529 963/621/519
f 961/608/517 960/603/516 969/618/525 970/622/526
f 958/609/514 957/605/513 966/619/522 967/623/523
f 955/610/511 954/607/510 963/621/519 964/613/520
f 962/611/518 961/608/517 970/622/526 971/616/527
f 959/602/515 958/609/514 967/623/523 968/617/524
f 971/616/527 970/622/526 981/624/537 982/625/538
f 968/617/524 967/623/523 978/626/534 979/627/535
f 965/614/521 964/613/520 975/628/531 976/629/532
f 972/630/528 971/616/527 982/625/538
f 969/618/525 968/617/524 979/627/535 980/631/536
f 966/619/522 965/614/521 976/629/532 977/632/533
f 963/621/519 973/633/529 974/634/530
f 970/622/526 969/618/525 980/631/536 981/624/537
f 967/623/523 966/619/522 977/632/533 978/626/534
f 964/613/520 963/621/519 974/634/530 975/628/531
f 978/635/534 977/636/533 986/637/542 987/638/543
f 975/639/531 974/640/530 983/641/539 984/642/540
f 982/643/538 981/644/537 990/645/546 991/646/547
f 979/647/535 978/635/534 987/638/543 988/648/544
f 976/649/532 975/639/531 984/642/540 985/650/541
f 972/651/528 982/643/538 991/646/547
f 980/652/536 979/647/535 988/648/544 989/653/545
f 977/636/533 976/649/532 985/650/541 986/637/542
f 974/640/530 973/654/529 983/641/539
f 981/644/537 980/652/536 989/653/545 990/645/546
f 983/641/539 973/655/529 992/560/548
f 990/645/546 989/653/545 998/564/554 999/563/555
f 987/638/543 986/637/542 995/568/551 996/567/552
f 984/642/540 983/641/539 992/560/548 993/571/549
f 991/646/547 990/645/546 999/563/555 1000/573/556
f 988/648/544 987/638/543 996/567/552 997/575/553
f 985/650/541 984/642/540 993/571/549 994/577/550
f 972/656/528 991/646/547 1000/573/556
f 989/653/545 988/648/544 997/575/553 998/564/554
f 986/637/542 985/650/541 994/577/550 995/568/551
f 1066/560/548 1047/561/529 1001/562/483
f 1073/563/555 1072/564/554 1007/565/489 1008/566/490
f 1070/567/552 1069/568/551 1004/569/486 1005/570/487
f 1067/571/549 1066/560/548 1001/562/483 1002/572/484
f 1074/573/556 1073/563/555 1008/566/490 1009/574/491
f 1071/575/553 1070/567/552 1005/570/487 1006/576/488
f 1068/577/550 1067/571/549 1002/572/484 1003/578/485
f 1046/579/528 1074/573/556 1009/574/491
f 1072/564/554 1071/575/553 1006/576/488 1007/565/489
f 1069/568/551 1068/577/550 1003/578/485 1004/569/486
f 1008/566/490 1007/565/489 1016/580/498 1017/581/499
f 1005/570/487 1004/569/486 1013/582/495 1014/583/496
f 1002/572/484 1001/562/483 1010/584/492 1011/585/493
f 1009/574/491 1008/566/490 1017/581/499 1018/586/500
f 1006/576/488 1005/570/487 1014/583/496 1015/587/497
f 1003/578/485 1002/572/484 1011/585/493 1012/588/494
f 1046/589/528 1009/574/491 1018/586/500
f 1007/565/489 1006/576/488 1015/587/497 1016/580/498
f 1004/569/486 1003/578/485 1012/588/494 1013/582/495
f 1001/562/483 1047/590/529 1010/584/492
f 1013/582/495 1012/588/494 1021/591/503 1022/592/504
f 1010/584/492 1047/593/529 1019/594/501
f 1017/581/499 1016/580/498 1025/595/507 1026/596/508
f 1014/583/496 1013/582/495 1022/592/504 1023/597/505
f 1011/585/493 1010/584/492 1019/594/501 1020/598/502
f 1018/586/500 1017/581/499 1026/596/508 1027/599/509
f 1015/587/497 1014/583/496 1023/597/505 1024/600/506
f 1012/588/494 1011/585/493 1020/598/502 1021/591/503
f 1046/601/528 1018/586/500 1027/599/509
f 1016/580/498 1015/587/497 1024/600/506 1025/595/507
f 1025/595/507 1024/600/506 1033/602/515 1034/603/516
f 1022/592/504 1021/591/503 1030/604/512 1031/605/513
f 1019/594/501 1047/606/529 1028/607/510
f 1026/596/508 1025/595/507 1034/603/516 1035/608/517
f 1023/597/505 1022/592/504 1031/605/513 1032/609/514
f 1020/598/502 1019/594/501 1028/607/510 1029/610/511
f 1027/599/509 1026/596/508 1035/608/517 1036/611/518
f 1024/600/506 1023/597/505 1032/609/514 1033/602/515
f 1021/591/503 1020/598/502 1029/610/511 1030/604/512
f 1046/612/528 1027/599/509 1036/611/518
f 1030/604/512 1029/610/511 1038/613/520 1039/614/521
f 1046/615/528 1036/611/518 1045/616/527
f 1034/603/516 1033/602/515 1042/617/524 1043/618/525
f 1031/605/513 1030/604/512 1039/614/521 1040/619/522
f 1028/607/510 1047/620/529 1037/621/519
f 1035/608/517 1034/603/516 1043/618/525 1044/622/526
f 1032/609/514 1031/605/513 1040/619/522 1041/623/523
f 1029/610/511 1028/607/510 1037/621/519 1038/613/520
f 1036/611/518 1035/608/517 1044/622/526 1045/616/527
f 1033/602/515 1032/609/514 1041/623/523 1042/617/524
f 1045/616/527 1044/622/526 1055/624/537 1056/625/538
f 1042/617/524 1041/623/523 1052/626/534 1053/627/535
f 1039/614/521 1038/613/520 1049/628/531 1050/629/532
f 1046/630/528 1045/616/527 1056/625/538
f 1043/618/525 1042/617/524 1053/627/535 1054/631/536
f 1040/619/522 1039/614/521 1050/629/532 1051/632/533
f 1037/621/519 1047/633/529 1048/634/530
f 1044/622/526 1043/618/525 1054/631/536 1055/624/537
f 1041/623/523 1040/619/522 1051/632/533 1052/626/534
f 1038/613/520 1037/621/519 1048/634/530 1049/628/531
f 1052/635/534 1051/636/533 1060/637/542 1061/638/543
f 1049/639/531 1048/640/530 1057/641/539 1058/642/540
f 1056/643/538 1055/644/537 1064/645/546 1065/646/547
f 1053/647/535 1052/635/534 1061/638/543 1062/648/544
f 1050/649/532 1049/639/531 1058/642/540 1059/650/541
f 1046/651/528 1056/643/538 1065/646/547
f 1054/652/536 1053/647/535 1062/648/544 1063/653/545
f 1051/636/533 1050/649/532 1059/650/541 1060/637/542
f 1048/640/530 1047/654/529 1057/641/539
f 1055/644/537 1054/652/536 1063/653/545 1064/645/546
f 1057/641/539 1047/655/529 1066/560/548
f 1064/645/546 1063/653/545 1072/564/554 1073/563/555
f 1061/638/543 1060/637/542 1069/568/551 1070/567/552
f 1058/642/540 1057/641/539 1066/560/548 1067/571/549
f 1065/646/547 1064/645/546 1073/563/555 1074/573/556
f 1062/648/544 1061/638/543 1070/567/552 1071/575/553
f 1059/650/541 1058/642/540 1067/571/549 1068/577/550
f 1046/656/528 1065/646/547 1074/573/556
f 1063/653/545 1062/648/544 1071/575/553 1072/564/554
f 1060/637/542 1059/650/541 1068/577/550 1069/568/551
f 1140/560/548 1121/561/529 1075/562/483
f 1147/563/555 1146/564/554 1081/565/489 1082/566/490
f 1144/567/552 1143/568/551 1078/569/486 1079/570/487
f 1141/571/549 1140/560/548 1075/562/483 1076/572/484
f 1148/573/556 1147/563/555 1082/566/490 1083/574/491
f 1145/575/553 1144/567/552 1079/570/487 1080/576/488
f 1142/577/550 1141/571/549 1076/572/484 1077/578/485
f 1120/579/528 1148/573/556 1083/574/491
f 1146/564/554 1145/575/553 1080/576/488 1081/565/489
f 1143/568/551 1142/577/550 1077/578/485 1078/569/486
f 1082/566/490 1081/565/489 1090/580/498 1091/581/499
f 1079/570/487 1078/569/486 1087/582/495 1088/583/496
f 1076/572/484 1075/562/483 1084/584/492 1085/585/493
f 1083/574/491 1082/566/490 1091/581/499 1092/586/500
f 1080/576/488 1079/570/487 1088/583/496 1089/587/497
f 1077/578/485 1076/572/484 1085/585/493 1086/588/494
f 1120/589/528 1083/574/491 1092/586/500
f 1081/565/489 1080/576/488 1089/587/497 1090/580/498
f 1078/569/486 1077/578/485 1086/588/494 1087/582/495
f 1075/562/483 1121/590/529 1084/584/492
f 1087/582/495 1086/588/494 1095/591/503 1096/592/504
f 1084/584/492 1121/593/529 1093/594/501
f 1091/581/499 1090/580/498 1099/595/507 1100/596/508
f 1088/583/496 1087/582/495 1096/592/504 1097/597/505
f 1085/585/493 1084/584/492 1093/594/501 1094/598/502
f 1092/586/500 1091/581/499 1100/596/508 1101/599/509
f 1089/587/497 1088/583/496 1097/597/505 1098/600/506
f 1086/588/494 1085/585/493 1094/598/502 1095/591/503
f 1120/601/528 1092/586/500 1101/599/509
f 1090/580/498 1089/587/497 1098/600/506 1099/595/507
f 1099/595/507 1098/600/506 1107/602/515 1108/603/516
f 1096/592/504 1095/591/503 1104/604/512 1105/605/513
f 1093/594/501 1121/606/529 1102/607/510
f 1100/596/508 1099/595/507 1108/603/516 1109/608/517
f 1097/597/505 1096/592/504 1105/605/513 1106/609/514
f 1094/598/502 1093/594/501 1102/607/510 1103/610/511
f 1101/599/509 1100/596/508 1109/608/517 1110/611/518
f 1098/600/506 1097/597/505 1106/609/514 1107/602/515
f 1095/591/503 1094/598/502 1103/610/511 1104/604/512
f 1120/612/528 1101/599/509 1110/611/518
f 1104/604/512 1103/610/511 1112/613/520 1113/614/521
f 1120/615/528 1110/611/518 1119/616/527
f 1108/603/516 1107/602/515 1116/617/524 1117/618/525
f 1105/605/513 1104/604/512 1113/614/521 1114/619/522
f 1102/607/510 1121/620/529 1111/621/519
f 1109/608/517 1108/603/516 1117/618/525 1118/622/526
f 1106/609/514 1105/605/513 1114/619/522 1115/623/523
f 1103/610/511 1102/607/510 1111/621/519 1112/613/520
f 1110/611/518 1109/608/517 1118/622/526 1119/616/527
f 1107/602/515 1106/609/514 1115/623/523 1116/617/524
f 1119/616/527 1118/622/526 1129/624/537 1130/625/538
f 1116/617/524 1115/623/523 1126/626/534 1127/627/535
f 1113/614/521 1112/613/520 1123/628/531 1124/629/532
f 1120/630/528 1119/616/527 1130/625/538
f 1117/618/525 1116/617/524 1127/627/535 1128/631/536
f 1114/619/522 1113/614/521 1124/629/532 1125/632/533
f 1111/621/519 1121/633/529 1122/634/530
f 1118/622/526 1117/618/525 1128/631/536 1129/624/537
f 1115/623/523 1114/619/522 1125/632/533 1126/626/534
f 1112/613/520 1111/621/519 1122/634/530 1123/628/531
f 1126/635/534 1125/636/533 1134/637/542 1135/638/543
f 1123/639/531 1122/640/530 1131/641/539 1132/642/540
f 1130/643/538 1129/644/537 1138/645/546 1139/646/547
f 1127/647/535 1126/635/534 1135/638/543 1136/648/544
f 1124/649/532 1123/639/531 1132/642/540 1133/650/541
f 1120/651/528 1130/643/538 1139/646/547
f 1128/652/536 1127/647/535 1136/648/544 1137/653/545
f 1125/636/533 1124/649/532 1133/650/541 1134/637/542
f 1122/640/530 1121/654/529 1131/641/539
f 1129/644/537 1128/652/536 1137/653/545 1138/645/546
f 1131/641/539 1121/655/529 1140/560/548
f 1138/645/546 1137/653/545 1146/564/554 1147/563/555
f 1135/638/543 1134/637/542 1143/568/551 1144/567/552
f 1132/642/540 1131/641/539 1140/560/548 1141/571/549
f 1139/646/547 1138/645/546 1147/563/555 1148/573/556
f 1136/648/544 1135/638/543 1144/567/552 1145/575/553
f 1133/650/541 1132/642/540 1141/571/549 1142/577/550
f 1120/656/528 1139/646/547 1148/573/556
f 1137/653/545 1136/648/544 1145/575/553 1146/564/554
f 1134/637/542 1133/650/541 1142/577/550 1143/568/551
f 1214/560/548 1195/561/529 1149/562/483
f 1221/563/555 1220/564/554 1155/565/489 1156/566/490
f 1218/567/552 1217/568/551 1152/569/486 1153/570/487
f 1215/571/549 1214/560/548 1149/562/483 1150/572/484
f 1222/573/556 1221/563/555 1156/566/490 1157/574/491
f 1219/575/553 1218/567/552 1153/570/487 1154/576/488
f 1216/577/550 1215/571/549 1150/572/484 1151/578/485
f 1194/579/528 1222/573/556 1157/574/491
f 1220/564/554 1219/575/553 1154/576/488 1155/565/489
f 1217/568/551 1216/577/550 1151/578/485 1152/569/486
f 1156/566/490 1155/565/489 1164/580/498 1165/581/499
f 1153/570/487 1152/569/486 1161/582/495 1162/583/496
f 1150/572/484 1149/562/483 1158/584/492 1159/585/493
f 1157/574/491 1156/566/490 1165/581/499 1166/586/500
f 1154/576/488 1153/570/487 1162/583/496 1163/587/497
f 1151/578/485 1150/572/484 1159/585/493 1160/588/494
f 1194/589/528 1157/574/491 1166/586/500
f 1155/565/489 1154/576/488 1163/587/497 1164/580/498
f 1152/569/486 1151/578/485 1160/588/494 1161/582/495
f 1149/562/483 1195/590/529 1158/584/492
f 1161/582/495 1160/588/494 1169/591/503 1170/592/504
f 1158/584/492 1195/593/529 1167/594/501
f 1165/581/499 1164/580/498 1173/595/507 1174/596/508
f 1162/583/496 1161/582/495 1170/592/504 1171/597/505
f 1159/585/493 1158/584/492 1167/594/501 1168/598/502
f 1166/586/500 1165/581/499 1174/596/508 1175/599/509
f 1163/587/497 1162/583/496 1171/597/505 1172/600/506
f 1160/588/494 1159/585/493 1168/598/502 1169/591/503
f 1194/601/528 1166/586/500 1175/599/509
f 1164/580/498 1163/587/497 1172/600/506 1173/595/507
f 1173/595/507 1172/600/506 1181/602/515 1182/603/516
f 1170/592/504 1169/591/503 1178/604/512 1179/605/513
f 1167/594/501 1195/606/529 1176/607/510
f 1174/596/508 1173/595/507 1182/603/516 1183/608/517
f 1171/597/505 1170/592/504 1179/605/513 1180/609/514
f 1168/598/502 1167/594/501 1176/607/510 1177/610/511
f 1175/599/509 1174/596/508 1183/608/517 1184/611/518
f 1172/600/506 1171/597/505 1180/609/514 1181/602/515
f 1169/591/503 1168/598/502 1177/610/511 1178/604/512
f 1194/612/528 1175/599/509 1184/611/518
f 1178/604/512 1177/610/511 1186/613/520 1187/614/521
f 1194/615/528 1184/611/518 1193/616/527
f 1182/603/516 1181/602/515 1190/617/524 1191/618/525
f 1179/605/513 1178/604/512 1187/614/521 1188/619/522
f 1176/607/510 1195/620/529 1185/621/519
f 1183/608/517 1182/603/516 1191/618/525 1192/622/526
f 1180/609/514 1179/605/513 1188/619/522 1189/623/523
f 1177/610/511 1176/607/510 1185/621/519 1186/613/520
f 1184/611/518 1183/608/517 1192/622/526 1193/616/527
f 1181/602/515 1180/609/514 1189/623/523 1190/617/524
f 1193/616/527 1192/622/526 1203/624/537 1204/625/538
f 1190/617/524 1189/623/523 1200/626/534 1201/627/535
f 1187/614/521 1186/613/520 1197/628/531 1198/629/532
f 1194/630/528 1193/616/527 1204/625/538
f 1191/618/525 1190/617/524 1201/627/535 1202/631/536
f 1188/619/522 1187/614/521 1198/629/532 1199/632/533
f 1185/621/519 1195/633/529 1196/634/530
f 1192/622/526 1191/618/525 1202/631/536 1203/624/537
f 1189/623/523 1188/619/522 1199/632/533 1200/626/534
f 1186/613/520 1185/621/519 1196/634/530 1197/628/531
f 1200/635/534 1199/636/533 1208/637/542 1209/638/543
f 1197/639/531 1196/640/530 1205/641/539 1206/642/540
f 1204/643/538 1203/644/537 1212/645/546 1213/646/547
f 1201/647/535 1200/635/534 1209/638/543 1210/648/544
f 1198/649/532 1197/639/531 1206/642/540 1207/650/541
f 1194/651/528 1204/643/538 1213/646/547
f 1202/652/536 1201/647/535 1210/648/544 1211/653/545
f 1199/636/533 1198/649/532 1207/650/541 1208/637/542
f 1196/640/530 1195/654/529 1205/641/539
f 1203/644/537 1202/652/536 1211/653/545 1212/645/546
f 1205/641/539 1195/655/529 1214/560/548
f 1212/645/546 1211/653/545 1220/564/554 1221/563/555
f 1209/638/543 1208/637/542 1217/568/551 1218/567/552
f 1206/642/540 1205/641/539 1214/560/548 1215/571/549
f 1213/646/547 1212/645/546 1221/563/555 1222/573/556
f 1210/648/544 1209/638/543 1218/567/552 1219/575/553
f 1207/650/541 1206/642/540 1215/571/549 1216/577/550
f 1194/656/528 1213/646/547 1222/573/556
f 1211/653/545 1210/648/544 1219/575/553 1220/564/554
f 1208/637/542 1207/650/541 1216/577/550 1217/568/551
f 1288/560/621 1269/561/602 1223/562/557
f 1295/563/627 1294/564/626 1229/565/563 1230/566/564
f 1292/567/552 1291/568/624 1226/569/560 1227/570/561
f 1289/571/622 1288/560/621 1223/562/557 1224/572/558
f 1296/573/628 1295/563/627 1230/566/564 1231/574/565
f 1293/575/625 1292/567/552 1227/570/561 1228/576/562
f 1290/577/623 1289/571/622 1224/572/558 1225/578/559
f 1268/579/601 1296/573/628 1231/574/565
f 1294/564/626 1293/575/625 1228/576/562 1229/565/563
f 1291/568/624 1290/577/623 1225/578/559 1226/569/560
f 1230/566/564 1229/565/563 1238/580/572 1239/581/573
f 1227/570/561 1226/569/560 1235/582/569 1236/583/570
f 1224/572/558 1223/562/557 1232/584/566 1233/585/567
f 1231/574/565 1230/566/564 1239/581/573 1240/586/574
f 1228/576/562 1227/570/561 1236/583/570 1237/587/571
f 1225/578/559 1224/572/558 1233/585/567 1234/588/568
f 1268/589/601 1231/574/565 1240/586/574
f 1229/565/563 1228/576/562 1237/587/571 1238/580/572
f 1226/569/560 1225/578/559 1234/588/568 1235/582/569
f 1223/562/557 1269/590/602 1232/584/566
f 1235/582/569 1234/588/568 1243/591/577 1244/592/578
f 1232/584/566 1269/593/602 1241/594/575
f 1239/581/573 1238/580/572 1247/595/581 1248/596/582
f 1236/583/570 1235/582/569 1244/592/578 1245/597/579
f 1233/585/567 1232/584/566 1241/594/575 1242/598/576
f 1240/586/574 1239/581/573 1248/596/582 1249/599/583
f 1237/587/571 1236/583/570 1245/597/579 1246/600/580
f 1234/588/568 1233/585/567 1242/598/576 1243/591/577
f 1268/601/601 1240/586/574 1249/599/583
f 1238/580/572 1237/587/571 1246/600/580 1247/595/581
f 1247/595/581 1246/600/580 1255/602/588 1256/603/589
f 1244/592/578 1243/591/577 1252/604/586 1253/605/587
f 1241/594/575 1269/606/602 1250/607/584
f 1248/596/582 1247/595/581 1256/603/589 1257/608/590
f 1245/597/579 1244/592/578 1253/605/587 1254/609/514
f 1242/598/576 1241/594/575 1250/607/584 1251/610/585
f 1249/599/583 1248/596/582 1257/608/590 1258/611/591
f 1246/600/580 1245/597/579 1254/609/514 1255/602/588
f 1243/591/577 1242/598/576 1251/610/585 1252/604/586
f 1268/612/601 1249/599/583 1258/611/591
f 1252/604/586 1251/610/585 1260/613/593 1261/614/594
f 1268/615/601 1258/611/591 1267/616/600
f 1256/603/589 1255/602/588 1264/617/597 1265/618/598
f 1253/605/587 1252/604/586 1261/614/594 1262/619/595
f 1250/607/584 1269/620/602 1259/621/592
f 1257/608/590 1256/603/589 1265/618/598 1266/622/599
f 1254/609/514 1253/605/587 1262/619/595 1263/623/596
f 1251/610/585 1250/607/584 1259/621/592 1260/613/593
f 1258/611/591 1257/608/590 1266/622/599 1267/616/600
f 1255/602/588 1254/609/514 1263/623/596 1264/617/597
f 1267/616/600 1266/622/599 1277/624/610 1278/625/611
f 1264/617/597 1263/623/596 1274/626/607 1275/627/608
f 1261/614/594 1260/613/593 1271/628/604 1272/629/605
f 1268/630/601 1267/616/600 1278/625/611
f 1265/618/598 1264/617/597 1275/627/608 1276/631/609
f 1262/619/595 1261/614/594 1272/629/605 1273/632/606
f 1259/621/592 1269/633/602 1270/634/603
f 1266/622/599 1265/618/598 1276/631/609 1277/624/610
f 1263/623/596 1262/619/595 1273/632/606 1274/626/607
f 1260/613/593 1259/621/592 1270/634/603 1271/628/604
f 1274/635/607 1273/636/606 1282/637/615 1283/638/616
f 1271/639/604 1270/640/603 1279/641/612 1280/642/613
f 1278/643/611 1277/644/610 1286/645/619 1287/646/620
f 1275/647/608 1274/635/607 1283/638/616 1284/648/617
f 1272/649/605 1271/639/604 1280/642/613 1281/650/614
f 1268/651/601 1278/643/611 1287/646/620
f 1276/652/609 1275/647/608 1284/648/617 1285/653/618
f 1273/636/606 1272/649/605 1281/650/614 1282/637/615
f 1270/640/603 1269/654/602 1279/641/612
f 1277/644/610 1276/652/609 1285/653/618 1286/645/619
f 1279/641/612 1269/655/602 1288/560/621
f 1286/645/619 1285/653/618 1294/564/626 1295/563/627
f 1283/638/616 1282/637/615 1291/568/624 1292/567/552
f 1280/642/613 1279/641/612 1288/560/621 1289/571/622
f 1287/646/620 1286/645/619 1295/563/627 1296/573/628
f 1284/648/617 1283/638/616 1292/567/552 1293/575/625
f 1281/650/614 1280/642/613 1289/571/622 1290/577/623
f 1268/656/601 1287/646/620 1296/573/628
f 1285/653/618 1284/648/617 1293/575/625 1294/564/626
f 1282/637/615 1281/650/614 1290/577/623 1291/568/624
f 1362/560/621 1343/561/602 1297/562/557
f 1369/563/627 1368/564/626 1303/565/563 1304/566/564
f 1366/567/552 1365/568/624 1300/569/560 1301/570/561
f 1363/571/622 1362/560/621 1297/562/557 1298/572/558
f 1370/573/628 1369/563/627 1304/566/564 1305/574/565
f 1367/575/625 1366/567/552 1301/570/561 1302/576/562
f 1364/577/623 1363/571/622 1298/572/558 1299/578/559
f 1342/579/601 1370/573/628 1305/574/565
f 1368/564/626 1367/575/625 1302/576/562 1303/565/563
f 1365/568/624 1364/577/623 1299/578/559 1300/569/560
f 1304/566/564 1303/565/563 1312/580/572 1313/581/573
f 1301/570/561 1300/569/560 1309/582/569 1310/583/570
f 1298/572/558 1297/562/557 1306/584/566 1307/585/567
f 1305/574/565 1304/566/564 1313/581/573 1314/586/574
f 1302/576/562 1301/570/561 1310/583/570 1311/587/571
f 1299/578/559 1298/572/558 1307/585/567 1308/588/568
f 1342/589/601 1305/574/565 1314/586/574
f 1303/565/563 1302/576/562 1311/587/571 1312/580/572
f 1300/569/560 1299/578/559 1308/588/568 1309/582/569
f 1297/562/557 1343/590/602 1306/584/566
f 1309/582/569 1308/588/568 1317/591/577 1318/592/578
f 1306/584/566 1343/593/602 1315/594/575
f 1313/581/573 1312/580/572 1321/595/581 1322/596/582
f 1310/583/570 1309/582/569 1318/592/578 1319/597/579
f 1307/585/567 1306/584/566 1315/594/575 1316/598/576
f 1314/586/574 1313/581/573 1322/596/582 1323/599/583
f 1311/587/571 1310/583/570 1319/597/579 1320/600/580
f 1308/588/568 1307/585/567 1316/598/576 1317/591/577
f 1342/601/601 1314/586/574 1323/599/583
f 1312/580/572 1311/587/571 1320/600/580 1321/595/581
f 1321/595/581 1320/600/580 1329/602/588 1330/603/589
f 1318/592/578 1317/591/577 1326/604/586 1327/605/587
f 1315/594/575 1343/606/602 1324/607/584
f 1322/596/582 1321/595/581 1330/603/589 1331/608/590
f 1319/597/579 1318/592/578 1327/605/587 1328/609/514
f 1316/598/576 1315/594/575 1324/607/584 1325/610/585
f 1323/599/583 1322/596/582 1331/608/590 1332/611/591
f 1320/600/580 1319/597/579 1328/609/514 1329/602/588
f 1317/591/577 1316/598/576 1325/610/585 1326/604/586
f 1342/612/601 1323/599/583 1332/611/591
f 1326/604/586 1325/610/585 1334/613/593 1335/614/594
f 1342/615/601 1332/611/591 1341/616/600
f 1330/603/589 1329/602/588 1338/617/597 1339/618/598
f 1327/605/587 1326/604/586 1335/614/594 1336/619/595
f 1324/607/584 1343/620/602 1333/621/592
f 1331/608/590 1330/603/589 1339/618/598 1340/622/599
f 1328/609/514 1327/605/587 1336/619/595 1337/623/596
f 1325/610/585 1324/607/584 1333/621/592 1334/613/593
f 1332/611/591 1331/608/590 1340/622/599 1341/616/600
f 1329/602/588 1328/609/514 1337/623/596 1338/617/597
f 1341/616/600 1340/622/599 1351/624/610 1352/625/611
f 1338/617/597 1337/623/596 1348/626/607 1349/627/608
f 1335/614/594 1334/613/593 1345/628/604 1346/629/605
f 1342/630/601 1341/616/600 1352/625/611
f 1339/618/598 1338/617/597 1349/627/608 1350/631/609
f 1336/619/595 1335/614/594 1346/629/605 1347/632/606
f 1333/621/592 1343/633/602 1344/634/603
f 1340/622/599 1339/618/598 1350/631/609 1351/624/610
f 1337/623/596 1336/619/595 1347/632/606 1348/626/607
f 1334/613/593 1333/621/592 1344/634/603 1345/628/604
f 1348/635/607 1347/636/606 1356/637/615 1357/638/616
f 1345/639/604 1344/640/603 1353/641/612 1354/642/613
f 1352/643/611 1351/644/610 1360/645/619 1361/646/620
f 1349/647/608 1348/635/607 1357/638/616 1358/648/617
f 1346/649/605 1345/639/604 1354/642/613 1355/650/614
f 1342/651/601 1352/643/611 1361/646/620
f 1350/652/609 1349/647/608 1358/648/617 1359/653/618
f 1347/636/606 1346/649/605 1355/650/614 1356/637/615
f 1344/640/603 1343/654/602 1353/641/612
f 1351/644/610 1350/652/609 1359/653/618 1360/645/619
f 1353/641/612 1343/655/602 1362/560/621
f 1360/645/619 1359/653/618 1368/564/626 1369/563/627
f 1357/638/616 1356/637/615 1365/568/624 1366/567/552
f 1354/642/613 1353/641/612 1362/560/621 1363/571/622
f 1361/646/620 1360/645/619 1369/563/627 1370/573/628
f 1358/648/617 1357/638/616 1366/567/552 1367/575/625
f 1355/650/614 1354/642/613 1363/571/622 1364/577/623
f 1342/656/601 1361/646/620 1370/573/628
f 1359/653/618 1358/648/617 1367/575/625 1368/564/626
f 1356/637/615 1355/650/614 1364/577/623 1365/568/624
f 1436/560/621 1417/561/602 1371/562/557
f 1443/563/627 1442/564/626 1377/565/563 1378/566/564
f 1440/567/552 1439/568/624 1374/569/560 1375/570/561
f 1437/571/622 1436/560/621 1371/562/557 1372/572/558
f 1444/573/628 1443/563/627 1378/566/564 1379/574/565
f 1441/575/625 1440/567/552 1375/570/561 1376/576/562
f 1438/577/623 1437/571/622 1372/572/558 1373/578/559
f 1416/579/601 1444/573/628 1379/574/565
f 1442/564/626 1441/575/625 1376/576/562 1377/565/563
f 1439/568/624 1438/577/623 1373/578/559 1374/569/560
f 1378/566/564 1377/565/563 1386/580/572 1387/581/573
f 1375/570/561 1374/569/560 1383/582/569 1384/583/570
f 1372/572/558 1371/562/557 1380/584/566 1381/585/567
f 1379/574/565 1378/566/564 1387/581/573 1388/586/574
f 1376/576/562 1375/570/561 1384/583/570 1385/587/571
f 1373/578/559 1372/572/558 1381/585/567 1382/588/568
f 1416/589/601 1379/574/565 1388/586/574
f 1377/565/563 1376/576/562 1385/587/571 1386/580/572
f 1374/569/560 1373/578/559 1382/588/568 1383/582/569
f 1371/562/557 1417/590/602 1380/584/566
f 1383/582/569 1382/588/568 1391/591/577 1392/592/578
f 1380/584/566 1417/593/602 1389/594/575
f 1387/581/573 1386/580/572 1395/595/581 1396/596/582
f 1384/583/570 1383/582/569 1392/592/578 1393/597/579
f 1381/585/567 1380/584/566 1389/594/575 1390/598/576
f 1388/586/574 1387/581/573 1396/596/582 1397/599/583
f 1385/587/571 1384/583/570 1393/597/579 1394/600/580
f 1382/588/568 1381/585/567 1390/598/576 1391/591/577
f 1416/601/601 1388/586/574 1397/599/583
f 1386/580/572 1385/587/571 1394/600/580 1395/595/581
f 1395/595/581 1394/600/580 1403/602/588 1404/603/589
f 1392/592/578 1391/591/577 1400/604/586 1401/605/587
f 1389/594/575 1417/606/602 1398/607/584
f 1396/596/582 1395/595/581 1404/603/589 1405/608/590
f 1393/597/579 1392/592/578 1401/605/587 1402/609/514
f 1390/598/576 1389/594/575 1398/607/584 1399/610/585
f 1397/599/583 1396/596/582 1405/608/590 1406/611/591
f 1394/600/580 1393/597/579 1402/609/514 1403/602/588
f 1391/591/577 1390/598/576 1399/610/585 1400/604/586
f 1416/612/601 1397/599/583 1406/611/591
f 1400/604/586 1399/610/585 1408/613/593 1409/614/594
f 1416/615/601 1406/611/591 1415/616/600
f 1404/603/589 1403/602/588 1412/617/597 1413/618/598
f 1401/605/587 1400/604/586 1409/614/594 1410/619/595
f 1398/607/584 1417/620/602 1407/621/592
f 1405/608/590 1404/603/589 1413/618/598 1414/622/599
f 1402/609/514 1401/605/587 1410/619/595 1411/623/596
f 1399/610/585 1398/607/584 1407/621/592 1408/613/593
f 1406/611/591 1405/608/590 1414/622/599 1415/616/600
f 1403/602/588 1402/609/514 1411/623/596 1412/617/597
f 1415/616/600 1414/622/599 1425/624/610 1426/625/611
f 1412/617/597 1411/623/596 1422/626/607 1423/627/608
f 1409/614/594 1408/613/593 1419/628/604 1420/629/605
f 1416/630/601 1415/616/600 1426/625/611
f 1413/618/598 1412/617/597 1423/627/608 1424/631/609
f 1410/619/595 1409/614/594 1420/629/605 1421/632/606
f 1407/621/592 1417/633/602 1418/634/603
f 1414/622/599 1413/618/598 1424/631/609 1425/624/610
f 1411/623/596 1410/619/595 1421/632/606 1422/626/607
f 1408/613/593 1407/621/592 1418/634/603 1419/628/604
f 1422/635/607 1421/636/606 1430/637/615 1431/638/616
f 1419/639/604 1418/640/603 1427/641/612 1428/642/613
f 1426/643/611 1425/644/610 1434/645/619 1435/646/620
f 1423/647/608 1422/635/607 1431/638/616 1432/648/617
f 1420/649/605 1419/639/604 1428/642/613 1429/650/614
f 1416/651/601 1426/643/611 1435/646/620
f 1424/652/609 1423/647/608 1432/648/617 1433/653/618
f 1421/636/606 1420/649/605 1429/650/614 1430/637/615
f 1418/640/603 1417/654/602 1427/641/612
f 1425/644/610 1424/652/609 1433/653/618 1434/645/619
f 1427/641/612 1417/655/602 1436/560/621
f 1434/645/619 1433/653/618 1442/564/626 1443/563/627
f 1431/638/616 1430/637/615 1439/568/624 1440/567/552
f 1428/642/613 1427/641/612 1436/560/621 1437/571/622
f 1435/646/620 1434/645/619 1443/563/627 1444/573/628
f 1432/648/617 1431/638/616 1440/567/552 1441/575/625
f 1429/650/614 1428/642/613 1437/571/622 1438/577/623
f 1416/656/601 1435/646/620 1444/573/628
f 1433/653/618 1432/648/617 1441/575/625 1442/564/626
f 1430/637/615 1429/650/614 1438/577/623 1439/568/624
f 1510/560/621 1491/561/602 1445/562/557
f 1517/563/627 1516/564/626 1451/565/563 1452/566/564
f 1514/567/552 1513/568/624 1448/569/560 1449/570/561
f 1511/571/622 1510/560/621 1445/562/557 1446/572/558
f 1518/573/628 1517/563/627 1452/566/564 1453/574/565
f 1515/575/625 1514/567/552 1449/570/561 1450/576/562
f 1512/577/623 1511/571/622 1446/572/558 1447/578/559
f 1490/579/601 1518/573/628 1453/574/565
f 1516/564/626 1515/575/625 1450/576/562 1451/565/563
f 1513/568/624 1512/577/623 1447/578/559 1448/569/560
f 1452/566/564 1451/565/563 1460/580/572 1461/581/573
f 1449/570/561 1448/569/560 1457/582/569 1458/583/570
f 1446/572/558 1445/562/557 1454/584/566 1455/585/567
f 1453/574/565 1452/566/564 1461/581/573 1462/586/574
f 1450/576/562 1449/570/561 1458/583/570 1459/587/571
f 1447/578/559 1446/572/558 1455/585/567 1456/588/568
f 1490/589/601 1453/574/565 1462/586/574
f 1451/565/563 1450/576/562 1459/587/571 1460/580/572
f 1448/569/560 1447/578/559 1456/588/568 1457/582/569
f 1445/562/557 1491/590/602 1454/584/566
f 1457/582/569 1456/588/568 1465/591/577 1466/592/578
f 1454/584/566 1491/593/602 1463/594/575
f 1461/581/573 1460/580/572 1469/595/581 1470/596/582
f 1458/583/570 1457/582/569 1466/592/578 1467/597/579
f 1455/585/567 1454/584/566 1463/594/575 1464/598/576
f 1462/586/574 1461/581/573 1470/596/582 1471/599/583
f 1459/587/571 1458/583/570 1467/597/579 1468/600/580
f 1456/588/568 1455/585/567 1464/598/576 1465/591/577
f 1490/601/601 1462/586/574 1471/599/583
f 1460/580/572 1459/587/571 1468/600/580 1469/595/581
f 1469/595/581 1468/600/580 1477/602/588 1478/603/589
f 1466/592/578 1465/591/577 1474/604/586 1475/605/587
f 1463/594/575 1491/606/602 1472/607/584
f 1470/596/582 1469/595/581 1478/603/589 1479/608/590
f 1467/597/579 1466/592/578 1475/605/587 1476/609/514
f 1464/598/576 1463/594/575 1472/607/584 1473/610/585
f 1471/599/583 1470/596/582 1479/608/590 1480/611/591
f 1468/600/580 1467/597/579 1476/609/514 1477/602/588
f 1465/591/577 1464/598/576 1473/610/585 1474/604/586
f 1490/612/601 1471/599/583 1480/611/591
f 1474/604/586 1473/610/585 1482/613/593 1483/614/594
f 1490/615/601 1480/611/591 1489/616/600
f 1478/603/589 1477/602/588 1486/617/597 1487/618/598
f 1475/605/587 1474/604/586 1483/614/594 1484/619/595
f 1472/607/584 1491/620/602 1481/621/592
f 1479/608/590 1478/603/589 1487/618/598 1488/622/599
f 1476/609/514 1475/605/587 1484/619/595 1485/623/596
f 1473/610/585 1472/607/584 1481/621/592 1482/613/593
f 1480/611/591 1479/608/590 1488/622/599 1489/616/600
f 1477/602/588 1476/609/514 1485/623/596 1486/617/597
f 1489/616/600 1488/622/599 1499/624/610 1500/625/611
f 1486/617/597 1485/623/596 1496/626/607 1497/627/608
f 1483/614/594 1482/613/593 1493/628/604 1494/629/605
f 1490/630/601 1489/616/600 1500/625/611
f 1487/618/598 1486/617/597 1497/627/608 1498/631/609
f 1484/619/595 1483/614/594 1494/629/605 1495/632/606
f 1481/621/592 1491/633/602 1492/634/603
f 1488/622/599 1487/618/598 1498/631/609 1499/624/610
f 1485/623/596 1484/619/595 1495/632/606 1496/626/607
f 1482/613/593 1481/621/592 1492/634/603 1493/628/604
f 1496/635/607 1495/636/606 1504/637/615 1505/638/616
f 1493/639/604 1492/640/603 1501/641/612 1502/642/613
f 1500/643/611 1499/644/610 1508/645/619 1509/646/620
f 1497/647/608 1496/635/607 1505/638/616 1506/648/617
f 1494/649/605 1493/639/604 1502/642/613 1503/650/614
f 1490/651/601 1500/643/611 1509/646/620
f 1498/652/609 1497/647/608 1506/648/617 1507/653/618
f 1495/636/606 1494/649/605 1503/650/614 1504/637/615
f 1492/640/603 1491/654/602 1501/641/612
f 1499/644/610 1498/652/609 1507/653/618 1508/645/619
f 1501/641/612 1491/655/602 1510/560/621
f 1508/645/619 1507/653/618 1516/564/626 1517/563/627
f 1505/638/616 1504/637/615 1513/568/624 1514/567/552
f 1502/642/613 1501/641/612 1510/560/621 1511/571/622
f 1509/646/620 1508/645/619 1517/563/627 1518/573/628
f 1506/648/617 1505/638/616 1514/567/552 1515/575/625
f 1503/650/614 1502/642/613 1511/571/622 1512/577/623
f 1490/656/601 1509/646/620 1518/573/628
f 1507/653/618 1506/648/617 1515/575/625 1516/564/626
f 1504/637/615 1503/650/614 1512/577/623 1513/568/624
f 1584/560/621 1565/561/602 1519/562/557
f 1591/563/627 1590/564/626 1525/565/563 1526/566/564
f 1588/567/552 1587/568/624 1522/569/560 1523/570/561
f 1585/571/622 1584/560/621 1519/562/557 1520/572/558
f 1592/573/628 1591/563/627 1526/566/564 1527/574/565
f 1589/575/625 1588/567/552 1523/570/561 1524/576/562
f 1586/577/623 1585/571/622 1520/572/558 1521/578/559
f 1564/579/601 1592/573/628 1527/574/565
f 1590/564/626 1589/575/625 1524/576/562 1525/565/563
f 1587/568/624 1586/577/623 1521/578/559 1522/569/560
f 1526/566/564 1525/565/563 1534/580/572 1535/581/573
f 1523/570/561 1522/569/560 1531/582/569 1532/583/570
f 1520/572/558 1519/562/557 1528/584/566 1529/585/567
f 1527/574/565 1526/566/564 1535/581/573 1536/586/574
f 1524/576/562 1523/570/561 1532/583/570 1533/587/571
f 1521/578/559 1520/572/558 1529/585/567 1530/588/568
f 1564/589/601 1527/574/565 1536/586/574
f 1525/565/563 1524/576/562 1533/587/571 1534/580/572
f 1522/569/560 1521/578/559 1530/588/568 1531/582/569
f 1519/562/557 1565/590/602 1528/584/566
f 1531/582/569 1530/588/568 1539/591/577 1540/592/578
f 1528/584/566 1565/593/602 1537/594/575
f 1535/581/573 1534/580/572 1543/595/581 1544/596/582
f 1532/583/570 1531/582/569 1540/592/578 1541/597/579
f 1529/585/567 1528/584/566 1537/594/575 1538/598/576
f 1536/586/574 1535/581/573 1544/596/582 1545/599/583
f 1533/587/571 1532/583/570 1541/597/579 1542/600/580
f 1530/588/568 1529/585/567 1538/598/576 1539/591/577
f 1564/601/601 1536/586/574 1545/599/583
f 1534/580/572 1533/587/571 1542/600/580 1543/595/581
f 1543/595/581 1542/600/580 1551/602/588 1552/603/589
f 1540/592/578 1539/591/577 1548/604/586 1549/605/587
f 1537/594/575 1565/606/602 1546/607/584
f 1544/596/582 1543/595/581 1552/603/589 1553/608/590
f 1541/597/579 1540/592/578 1549/605/587 1550/609/514
f 1538/598/576 1537/594/575 1546/607/584 1547/610/585
f 1545/599/583 1544/596/582 1553/608/590 1554/611/591
f 1542/600/580 1541/597/579 1550/609/514 1551/602/588
f 1539/591/577 1538/598/576 1547/610/585 1548/604/586
f 1564/612/601 1545/599/583 1554/611/591
f 1548/604/586 1547/610/585 1556/613/593 1557/614/594
f 1564/615/601 1554/611/591 1563/616/600
f 1552/603/589 1551/602/588 1560/617/597 1561/618/598
f 1549/605/587 1548/604/586 1557/614/594 1558/619/595
f 1546/607/584 1565/620/602 1555/621/592
f 1553/608/590 1552/603/589 1561/618/598 1562/622/599
f 1550/609/514 1549/605/587 1558/619/595 1559/623/596
f 1547/610/585 1546/607/584 1555/621/592 1556/613/593
f 1554/611/591 1553/608/590 1562/622/599 1563/616/600
f 1551/602/588 1550/609/514 1559/623/596 1560/617/597
f 1563/616/600 1562/622/599 1573/624/610 1574/625/611
f 1560/617/597 1559/623/596 1570/626/607 1571/627/608
f 1557/614/594 1556/613/593 1567/628/604 1568/629/605
f 1564/630/601 1563/616/600 1574/625/611
f 1561/618/598 1560/617/597 1571/627/608 1572/631/609
f 1558/619/595 1557/614/594 1568/629/605 1569/632/606
f 1555/621/592 1565/633/602 1566/634/603
f 1562/622/599 1561/618/598 1572/631/609 1573/624/610
f 1559/623/596 1558/619/595 1569/632/606 1570/626/607
f 1556/613/593 1555/621/592 1566/634/603 1567/628/604
f 1570/635/607 1569/636/606 1578/637/615 1579/638/616
f 1567/639/604 1566/640/603 1575/641/612 1576/642/613
f 1574/643/611 1573/644/610 1582/645/619 1583/646/620
f 1571/647/608 1570/635/607 1579/638/616 1580/648/617
f 1568/649/605 1567/639/604 1576/642/613 1577/650/614
f 1564/651/601 1574/643/611 1583/646/620
f 1572/652/609 1571/647/608 1580/648/617 1581/653/618
f 1569/636/606 1568/649/605 1577/650/614 1578/637/615
f 1566/640/603 1565/654/602 1575/641/612
f 1573/644/610 1572/652/609 1581/653/618 1582/645/619
f 1575/641/612 1565/655/602 1584/560/621
f 1582/645/619 1581/653/618 1590/564/626 1591/563/627
f 1579/638/616 1578/637/615 1587/568/624 1588/567/552
f 1576/642/613 1575/641/612 1584/560/621 1585/571/622
f 1583/646/620 1582/645/619 1591/563/627 1592/573/628
f 1580/648/617 1579/638/616 1588/567/552 1589/575/625
f 1577/650/614 1576/642/613 1585/571/622 1586/577/623
f 1564/656/601 1583/646/620 1592/573/628
f 1581/653/618 1580/648/617 1589/575/625 1590/564/626
f 1578/637/615 1577/650/614 1586/577/623 1587/568/624
f 1658/560/621 1639/561/602 1593/562/557
f 1665/563/627 1664/564/626 1599/565/563 1600/566/564
f 1662/567/552 1661/568/624 1596/569/560 1597/570/561
f 1659/571/622 1658/560/621 1593/562/557 1594/572/558
f 1666/573/628 1665/563/627 1600/566/564 1601/574/565
f 1663/575/625 1662/567/552 1597/570/561 1598/576/562
f 1660/577/623 1659/571/622 1594/572/558 1595/578/559
f 1638/579/601 1666/573/628 1601/574/565
f 1664/564/626 1663/575/625 1598/576/562 1599/565/563
f 1661/568/624 1660/577/623 1595/578/559 1596/569/560
f 1600/566/564 1599/565/563 1608/580/572 1609/581/573
f 1597/570/561 1596/569/560 1605/582/569 1606/583/570
f 1594/572/558 1593/562/557 1602/584/566 1603/585/567
f 1601/574/565 1600/566/564 1609/581/573 1610/586/574
f 1598/576/562 1597/570/561 1606/583/570 1607/587/571
f 1595/578/559 1594/572/558 1603/585/567 1604/588/568
f 1638/589/601 1601/574/565 1610/586/574
f 1599/565/563 1598/576/562 1607/587/571 1608/580/572
f 1596/569/560 1595/578/559 1604/588/568 1605/582/569
f 1593/562/557 1639/590/602 1602/584/566
f 1605/582/569 1604/588/568 1613/591/577 1614/592/578
f 1602/584/566 1639/593/602 1611/594/575
f 1609/581/573 1608/580/572 1617/595/581 1618/596/582
f 1606/583/570 1605/582/569 1614/592/578 1615/597/579
f 1603/585/567 1602/584/566 1611/594/575 1612/598/576
f 1610/586/574 1609/581/573 1618/596/582 1619/599/583
f 1607/587/571 1606/583/570 1615/597/579 1616/600/580
f 1604/588/568 1603/585/567 1612/598/576 1613/591/577
f 1638/601/601 1610/586/574 1619/599/583
f 1608/580/572 1607/587/571 1616/600/580 1617/595/581
f 1617/595/581 1616/600/580 1625/602/588 1626/603/589
f 1614/592/578 1613/591/577 1622/604/586 1623/605/587
f 1611/594/575 1639/606/602 1620/607/584
f 1618/596/582 1617/595/581 1626/603/589 1627/608/590
f 1615/597/579 1614/592/578 1623/605/587 1624/609/514
f 1612/598/576 1611/594/575 1620/607/584 1621/610/585
f 1619/599/583 1618/596/582 1627/608/590 1628/611/591
f 1616/600/580 1615/597/579 1624/609/514 1625/602/588
f 1613/591/577 1612/598/576 1621/610/585 1622/604/586
f 1638/612/601 1619/599/583 1628/611/591
f 1622/604/586 1621/610/585 1630/613/593 1631/614/594
f 1638/615/601 1628/611/591 1637/616/600
f 1626/603/589 1625/602/588 1634/617/597 1635/618/598
f 1623/605/587 1622/604/586 1631/614/594 1632/619/595
f 1620/607/584 1639/620/602 1629/621/592
f 1627/608/590 1626/603/589 1635/618/598 1636/622/599
f 1624/609/514 1623/605/587 1632/619/595 1633/623/596
f 1621/610/585 1620/607/584 1629/621/592 1630/613/593
f 1628/611/591 1627/608/590 1636/622/599 1637/616/600
f 1625/602/588 1624/609/514 1633/623/596 1634/617/597
f 1637/616/600 1636/622/599 1647/624/610 1648/625/611
f 1634/617/597 1633/623/596 1644/626/607 1645/627/608
f 1631/614/594 1630/613/593 1641/628/604 1642/629/605
f 1638/630/601 1637/616/600 1648/625/611
f 1635/618/598 1634/617/597 1645/627/608 1646/631/609
f 1632/619/595 1631/614/594 1642/629/605 1643/632/606
f 1629/621/592 1639/633/602 1640/634/603
f 1636/622/599 1635/618/598 1646/631/609 1647/624/610
f 1633/623/596 1632/619/595 1643/632/606 1644/626/607
f 1630/613/593 1629/621/592 1640/634/603 1641/628/604
f 1644/635/607 1643/636/606 1652/637/615 1653/638/616
f 1641/639/604 1640/640/603 1649/641/612 1650/642/613
f 1648/643/611 1647/644/610 1656/645/619 1657/646/620
f 1645/647/608 1644/635/607 1653/638/616 1654/648/617
f 1642/649/605 1641/639/604 1650/642/613 1651/650/614
f 1638/651/601 1648/643/611 1657/646/620
f 1646/652/609 1645/647/608 1654/648/617 1655/653/618
f 1643/636/606 1642/649/605 1651/650/614 1652/637/615
f 1640/640/603 1639/654/602 1649/641/612
f 1647/644/610 1646/652/609 1655/653/618 1656/645/619
f 1649/641/612 1639/655/602 1658/560/621
f 1656/645/619 1655/653/618 1664/564/626 1665/563/627
f 1653/638/616 1652/637/615 1661/568/624 1662/567/552
f 1650/642/613 1649/641/612 1658/560/621 1659/571/622
f 1657/646/620 1656/645/619 1665/563/627 1666/573/628
f 1654/648/617 1653/638/616 1662/567/552 1663/575/625
f 1651/650/614 1650/642/613 1659/571/622 1660/577/623
f 1638/656/601 1657/646/620 1666/573/628
f 1655/653/618 1654/648/617 1663/575/625 1664/564/626
f 1652/637/615 1651/650/614 1660/577/623 1661/568/624
f 1732/560/621 1713/561/602 1667/562/557
f 1739/563/627 1738/564/626 1673/565/563 1674/566/564
f 1736/567/552 1735/568/624 1670/569/560 1671/570/561
f 1733/571/622 1732/560/621 1667/562/557 1668/572/558
f 1740/573/628 1739/563/627 1674/566/564 1675/574/565
f 1737/575/625 1736/567/552 1671/570/561 1672/576/562
f 1734/577/623 1733/571/622 1668/572/558 1669/578/559
f 1712/579/601 1740/573/628 1675/574/565
f 1738/564/626 1737/575/625 1672/576/562 1673/565/563
f 1735/568/624 1734/577/623 1669/578/559 1670/569/560
f 1674/566/564 1673/565/563 1682/580/572 1683/581/573
f 1671/570/561 1670/569/560 1679/582/569 1680/583/570
f 1668/572/558 1667/562/557 1676/584/566 1677/585/567
f 1675/574/565 1674/566/564 1683/581/573 1684/586/574
f 1672/576/562 1671/570/561 1680/583/570 1681/587/571
f 1669/578/559 1668/572/558 1677/585/567 1678/588/568
f 1712/589/601 1675/574/565 1684/586/574
f 1673/565/563 1672/576/562 1681/587/571 1682/580/572
f 1670/569/560 1669/578/559 1678/588/568 1679/582/569
f 1667/562/557 1713/590/602 1676/584/566
f 1679/582/569 1678/588/568 1687/591/577 1688/592/578
f 1676/584/566 1713/593/602 1685/594/575
f 1683/581/573 1682/580/572 1691/595/581 1692/596/582
f 1680/583/570 1679/582/569 1688/592/578 1689/597/579
f 1677/585/567 1676/584/566 1685/594/575 1686/598/576
f 1684/586/574 1683/581/573 1692/596/582 1693/599/583
f 1681/587/571 1680/583/570 1689/597/579 1690/600/580
f 1678/588/568 1677/585/567 1686/598/576 1687/591/577
f 1712/601/601 1684/586/574 1693/599/583
f 1682/580/572 1681/587/571 1690/600/580 1691/595/581
f 1691/595/581 1690/600/580 1699/602/588 1700/603/589
f 1688/592/578 1687/591/577 1696/604/586 1697/605/587
f 1685/594/575 1713/606/602 1694/607/584
f 1692/596/582 1691/595/581 1700/603/589 1701/608/590
f 1689/597/579 1688/592/578 1697/605/587 1698/609/514
f 1686/598/576 1685/594/575 1694/607/584 1695/610/585
f 1693/599/583 1692/596/582 1701/608/590 1702/611/591
f 1690/600/580 1689/597/579 1698/609/514 1699/602/588
f 1687/591/577 1686/598/576 1695/610/585 1696/604/586
f 1712/612/601 1693/599/583 1702/611/591
f 1696/604/586 1695/610/585 1704/613/593 1705/614/594
f 1712/615/601 1702/611/591 1711/616/600
f 1700/603/589 1699/602/588 1708/617/597 1709/618/598
f 1697/605/587 1696/604/586 1705/614/594 1706/619/595
f 1694/607/584 1713/620/602 1703/621/592
f 1701/608/590 1700/603/589 1709/618/598 1710/622/599
f 1698/609/514 1697/605/587 1706/619/595 1707/623/596
f 1695/610/585 1694/607/584 1703/621/592 1704/613/593
f 1702/611/591 1701/608/590 1710/622/599 1711/616/600
f 1699/602/588 1698/609/514 1707/623/596 1708/617/597
f 1711/616/600 1710/622/599 1721/624/610 1722/625/611
f 1708/617/597 1707/623/596 1718/626/607 1719/627/608
f 1705/614/594 1704/613/593 1715/628/604 1716/629/605
f 1712/630/601 1711/616/600 1722/625/611
f 1709/618/598 1708/617/597 1719/627/608 1720/631/609
f 1706/619/595 1705/614/594 1716/629/605 1717/632/606
f 1703/621/592 1713/633/602 1714/634/603
f 1710/622/599 1709/618/598 1720/631/609 1721/624/610
f 1707/623/596 1706/619/595 1717/632/606 1718/626/607
f 1704/613/593 1703/621/592 1714/634/603 1715/628/604
f 1718/635/607 1717/636/606 1726/637/615 1727/638/616
f 1715/639/604 1714/640/603 1723/641/612 1724/642/613
f 1722/643/611 1721/644/610 1730/645/619 1731/646/620
f 1719/647/608 1718/635/607 1727/638/616 1728/648/617
f 1716/649/605 1715/639/604 1724/642/613 1725/650/614
f 1712/651/601 1722/643/611 1731/646/620
f 1720/652/609 1719/647/608 1728/648/617 1729/653/618
f 1717/636/606 1716/649/605 1725/650/614 1726/637/615
f 1714/640/603 1713/654/602 1723/641/612
f 1721/644/610 1720/652/609 1729/653/618 1730/645/619
f 1723/641/612 1713/655/602 1732/560/621
f 1730/645/619 1729/653/618 1738/564/626 1739/563/627
f 1727/638/616 1726/637/615 1735/568/624 1736/567/552
f 1724/642/613 1723/641/612 1732/560/621 1733/571/622
f 1731/646/620 1730/645/619 1739/563/627 1740/573/628
f 1728/648/617 1727/638/616 1736/567/552 1737/575/625
f 1725/650/614 1724/642/613 1733/571/622 1734/577/623
f 1712/656/601 1731/646/620 1740/573/628
f 1729/653/618 1728/648/617 1737/575/625 1738/564/626
f 1726/637/615 1725/650/614 1734/577/623 1735/568/624
f 1806/560/621 1787/561/602 1741/562/557
f 1813/563/627 1812/564/626 1747/565/563 1748/566/564
f 1810/567/552 1809/568/624 1744/569/560 1745/570/561
f 1807/571/622 1806/560/621 1741/562/557 1742/572/558
f 1814/573/628 1813/563/627 1748/566/564 1749/574/565
f 1811/575/625 1810/567/552 1745/570/561 1746/576/562
f 1808/577/623 1807/571/622 1742/572/558 1743/578/559
f 1786/579/601 1814/573/628 1749/574/565
f 1812/564/626 1811/575/625 1746/576/562 1747/565/563
f 1809/568/624 1808/577/623 1743/578/559 1744/569/560
f 1748/566/564 1747/565/563 1756/580/572 1757/581/573
f 1745/570/561 1744/569/560 1753/582/569 1754/583/570
f 1742/572/558 1741/562/557 1750/584/566 1751/585/567
f 1749/574/565 1748/566/564 1757/581/573 1758/586/574
f 1746/576/562 1745/570/561 1754/583/570 1755/587/571
f 1743/578/559 1742/572/558 1751/585/567 1752/588/568
f 1786/589/601 1749/574/565 1758/586/574
f 1747/565/563 1746/576/562 1755/587/571 1756/580/572
f 1744/569/560 1743/578/559 1752/588/568 1753/582/569
f 1741/562/557 1787/590/602 1750/584/566
f 1753/582/569 1752/588/568 1761/591/577 1762/592/578
f 1750/584/566 1787/593/602 1759/594/575
f 1757/581/573 1756/580/572 1765/595/581 1766/596/582
f 1754/583/570 1753/582/569 1762/592/578 1763/597/579
f 1751/585/567 1750/584/566 1759/594/575 1760/598/576
f 1758/586/574 1757/581/573 1766/596/582 1767/599/583
f 1755/587/571 1754/583/570 1763/597/579 1764/600/580
f 1752/588/568 1751/585/567 1760/598/576 1761/591/577
f 1786/601/601 1758/586/574 1767/599/583
f 1756/580/572 1755/587/571 1764/600/580 1765/595/581
f 1765/595/581 1764/600/580 1773/602/588 1774/603/589
f 1762/592/578 1761/591/577 1770/604/586 1771/605/587
f 1759/594/575 1787/606/602 1768/607/584
f 1766/596/582 1765/595/581 1774/603/589 1775/608/590
f 1763/597/579 1762/592/578 1771/605/587 1772/609/514
f 1760/598/576 1759/594/575 1768/607/584 1769/610/585
f 1767/599/583 1766/596/582 1775/608/590 1776/611/591
f 1764/600/580 1763/597/579 1772/609/514 1773/602/588
f 1761/591/577 1760/598/576 1769/610/585 1770/604/586
f 1786/612/601 1767/599/583 1776/611/591
f 1770/604/586 1769/610/585 1778/613/593 1779/614/594
f 1786/615/601 1776/611/591 1785/616/600
f 1774/603/589 1773/602/588 1782/617/597 1783/618/598
f 1771/605/587 1770/604/586 1779/614/594 1780/619/595
f 1768/607/584 1787/620/602 1777/621/592
f 1775/608/590 1774/603/589 1783/618/598 1784/622/599
f 1772/609/514 1771/605/587 1780/619/595 1781/623/596
f 1769/610/585 1768/607/584 1777/621/592 1778/613/593
f 1776/611/591 1775/608/590 1784/622/599 1785/616/600
f 1773/602/588 1772/609/514 1781/623/596 1782/617/597
f 1785/616/600 1784/622/599 1795/624/610 1796/625/611
f 1782/617/597 1781/623/596 1792/626/607 1793/627/608
f 1779/614/594 1778/613/593 1789/628/604 1790/629/605
f 1786/630/601 1785/616/600 1796/625/611
f 1783/618/598 1782/617/597 1793/627/608 1794/631/609
f 1780/619/595 1779/614/594 1790/629/605 1791/632/606
f 1777/621/592 1787/633/602 1788/634/603
f 1784/622/599 1783/618/598 1794/631/609 1795/624/610
f 1781/623/596 1780/619/595 1791/632/606 1792/626/607
f 1778/613/593 1777/621/592 1788/634/603 1789/628/604
f 1792/635/607 1791/636/606 1800/637/615 1801/638/616
f 1789/639/604 1788/640/603 1797/641/612 1798/642/613
f 1796/643/611 1795/644/610 1804/645/619 1805/646/620
f 1793/647/608 1792/635/607 1801/638/616 1802/648/617
f 1790/649/605 1789/639/604 1798/642/613 1799/650/614
f 1786/651/601 1796/643/611 1805/646/620
f 1794/652/609 1793/647/608 1802/648/617 1803/653/618
f 1791/636/606 1790/649/605 1799/650/614 1800/637/615
f 1788/640/603 1787/654/602 1797/641/612
f 1795/644/610 1794/652/609 1803/653/618 1804/645/619
f 1797/641/612 1787/655/602 1806/560/621
f 1804/645/619 1803/653/618 1812/564/626 1813/563/627
f 1801/638/616 1800/637/615 1809/568/624 1810/567/552
f 1798/642/613 1797/641/612 1806/560/621 1807/571/622
f 1805/646/620 1804/645/619 1813/563/627 1814/573/628
f 1802/648/617 1801/638/616 1810/567/552 1811/575/625
f 1799/650/614 1798/642/613 1807/571/622 1808/577/623
f 1786/656/601 1805/646/620 1814/573/628
f 1803/653/618 1802/648/617 1811/575/625 1812/564/626
f 1800/637/615 1799/650/614 1808/577/623 1809/568/624
f 1880/560/621 1861/561/602 1815/562/557
f 1887/563/627 1886/564/626 1821/565/563 1822/566/564
f 1884/567/552 1883/568/624 1818/569/560 1819/570/561
f 1881/571/622 1880/560/621 1815/562/557 1816/572/558
f 1888/573/628 1887/563/627 1822/566/564 1823/574/565
f 1885/575/625 1884/567/552 1819/570/561 1820/576/562
f 1882/577/623 1881/571/622 1816/572/558 1817/578/559
f 1860/579/601 1888/573/628 1823/574/565
f 1886/564/626 1885/575/625 1820/576/562 1821/565/563
f 1883/568/624 1882/577/623 1817/578/559 1818/569/560
f 1822/566/564 1821/565/563 1830/580/572 1831/581/573
f 1819/570/561 1818/569/560 1827/582/569 1828/583/570
f 1816/572/558 1815/562/557 1824/584/566 1825/585/567
f 1823/574/565 1822/566/564 1831/581/573 1832/586/574
f 1820/576/562 1819/570/561 1828/583/570 1829/587/571
f 1817/578/559 1816/572/558 1825/585/567 1826/588/568
f 1860/589/601 1823/574/565 1832/586/574
f 1821/565/563 1820/576/562 1829/587/571 1830/580/572
f 1818/569/560 1817/578/559 1826/588/568 1827/582/569
f 1815/562/557 1861/590/602 1824/584/566
f 1827/582/569 1826/588/568 1835/591/577 1836/592/578
f 1824/584/566 1861/593/602 1833/594/575
f 1831/581/573 1830/580/572 1839/595/581 1840/596/582
f 1828/583/570 1827/582/569 1836/592/578 1837/597/579
f 1825/585/567 1824/584/566 1833/594/575 1834/598/576
f 1832/586/574 1831/581/573 1840/596/582 1841/599/583
f 1829/587/571 1828/583/570 1837/597/579 1838/600/580
f 1826/588/568 1825/585/567 1834/598/576 1835/591/577
f 1860/601/601 1832/586/574 1841/599/583
f 1830/580/572 1829/587/571 1838/600/580 1839/595/581
f 1839/595/581 1838/600/580 1847/602/588 1848/603/589
f 1836/592/578 1835/591/577 1844/604/586 1845/605/587
f 1833/594/575 1861/606/602 1842/607/584
f 1840/596/582 1839/595/581 1848/603/589 1849/608/590
f 1837/597/579 1836/592/578 1845/605/587 1846/609/514
f 1834/598/576 1833/594/575 1842/607/584 1843/610/585
f 1841/599/583 1840/596/582 1849/608/590 1850/611/591
f 1838/600/580 1837/597/579 1846/609/514 1847/602/588
f 1835/591/577 1834/598/576 1843/610/585 1844/604/586
f 1860/612/601 1841/599/583 1850/611/591
f 1844/604/586 1843/610/585 1852/613/593 1853/614/594
f 1860/615/601 1850/611/591 1859/616/600
f 1848/603/589 1847/602/588 1856/617/597 1857/618/598
f 1845/605/587 1844/604/586 1853/614/594 1854/619/595
f 1842/607/584 1861/620/602 1851/621/592
f 1849/608/590 1848/603/589 1857/618/598 1858/622/599
f 1846/609/514 1845/605/587 1854/619/595 1855/623/596
f 1843/610/585 1842/607/584 1851/621/592 1852/613/593
f 1850/611/591 1849/608/590 1858/622/599 1859/616/600
f 1847/602/588 1846/609/514 1855/623/596 1856/617/597
f 1859/616/600 1858/622/599 1869/624/610 1870/625/611
f 1856/617/597 1855/623/596 1866/626/607 1867/627/608
f 1853/614/594 1852/613/593 1863/628/604 1864/629/605
f 1860/630/601 1859/616/600 1870/625/611
f 1857/618/598 1856/617/597 1867/627/608 1868/631/609
f 1854/619/595 1853/614/594 1864/629/605 1865/632/606
f 1851/621/592 1861/633/602 1862/634/603
f 1858/622/599 1857/618/598 1868/631/609 1869/624/610
f 1855/623/596 1854/619/595 1865/632/606 1866/626/607
f 1852/613/593 1851/621/592 1862/634/603 1863/628/604
f 1866/635/607 1865/636/606 1874/637/615 1875/638/616
f 1863/639/604 1862/640/603 1871/641/612 1872/642/613
f 1870/643/611 1869/644/610 1878/645/619 1879/646/620
f 1867/647/608 1866/635/607 1875/638/616 1876/648/617
f 1864/649/605 1863/639/604 1872/642/613 1873/650/614
f 1860/651/601 1870/643/611 1879/646/620
f 1868/652/609 1867/647/608 1876/648/617 1877/653/618
f 1865/636/606 1864/649/605 1873/650/614 1874/637/615
f 1862/640/603 1861/654/602 1871/641/612
f 1869/644/610 1868/652/609 1877/653/618 1878/645/619
f 1871/641/612 1861/655/602 1880/560/621
f 1878/645/619 1877/653/618 1886/564/626 1887/563/627
f 1875/638/616 1874/637/615 1883/568/624 1884/567/552
f 1872/642/613 1871/641/612 1880/560/621 1881/571/622
f 1879/646/620 1878/645/619 1887/563/627 1888/573/628
f 1876/648/617 1875/638/616 1884/567/552 1885/575/625
f 1873/650/614 1872/642/613 1881/571/622 1882/577/623
f 1860/656/601 1879/646/620 1888/573/628
f 1877/653/618 1876/648/617 1885/575/625 1886/564/626
f 1874/637/615 1873/650/614 1882/577/623 1883/568/624
f 1954/560/621 1935/561/602 1889/562/557
f 1961/563/627 1960/564/626 1895/565/563 1896/566/564
f 1958/567/552 1957/568/624 1892/569/560 1893/570/561
f 1955/571/622 1954/560/621 1889/562/557 1890/572/558
f 1962/573/628 1961/563/627 1896/566/564 1897/574/565
f 1959/575/625 1958/567/552 1893/570/561 1894/576/562
f 1956/577/623 1955/571/622 1890/572/558 1891/578/559
f 1934/579/601 1962/573/628 1897/574/565
f 1960/564/626 1959/575/625 1894/576/562 1895/565/563
f 1957/568/624 1956/577/623 1891/578/559 1892/569/560
f 1896/566/564 1895/565/563 1904/580/572 1905/581/573
f 1893/570/561 1892/569/560 1901/582/569 1902/583/570
f 1890/572/558 1889/562/557 1898/584/566 1899/585/567
f 1897/574/565 1896/566/564 1905/581/573 1906/586/574
f 1894/576/562 1893/570/561 1902/583/570 1903/587/571
f 1891/578/559 1890/572/558 1899/585/567 1900/588/568
f 1934/589/601 1897/574/565 1906/586/574
f 1895/565/563 1894/576/562 1903/587/571 1904/580/572
f 1892/569/560 1891/578/559 1900/588/568 1901/582/569
f 1889/562/557 1935/590/602 1898/584/566
f 1901/582/569 1900/588/568 1909/591/577 1910/592/578
f 1898/584/566 1935/593/602 1907/594/575
f 1905/581/573 1904/580/572 1913/595/581 1914/596/582
f 1902/583/570 1901/582/569 1910/592/578 1911/597/579
f 1899/585/567 1898/584/566 1907/594/575 1908/598/576
f 1906/586/574 1905/581/573 1914/596/582 1915/599/583
f 1903/587/571 1902/583/570 1911/597/579 1912/600/580
f 1900/588/568 1899/585/567 1908/598/576 1909/591/577
f 1934/601/601 1906/586/574 1915/599/583
f 1904/580/572 1903/587/571 1912/600/580 1913/595/581
f 1913/595/581 1912/600/580 1921/602/588 1922/603/589
f 1910/592/578 1909/591/577 1918/604/586 1919/605/587
f 1907/594/575 1935/606/602 1916/607/584
f 1914/596/582 1913/595/581 1922/603/589 1923/608/590
f 1911/597/579 1910/592/578 1919/605/587 1920/609/514
f 1908/598/576 1907/594/575 1916/607/584 1917/610/585
f 1915/599/583 1914/596/582 1923/608/590 1924/611/591
f 1912/600/580 1911/597/579 1920/609/514 1921/602/588
f 1909/591/577 1908/598/576 1917/610/585 1918/604/586
f 1934/612/601 1915/599/583 1924/611/591
f 1918/604/586 1917/610/585 1926/613/593 1927/614/594
f 1934/615/601 1924/611/591 1933/616/600
f 1922/603/589 1921/602/588 1930/617/597 1931/618/598
f 1919/605/587 1918/604/586 1927/614/594 1928/619/595
f 1916/607/584 1935/620/602 1925/621/592
f 1923/608/590 1922/603/589 1931/618/598 1932/622/599
f 1920/609/514 1919/605/587 1928/619/595 1929/623/596
f 1917/610/585 1916/607/584 1925/621/592 1926/613/593
f 1924/611/591 1923/608/590 1932/622/599 1933/616/600
f 1921/602/588 1920/609/514 1929/623/596 1930/617/597
f 1933/616/600 1932/622/599 1943/624/610 1944/625/611
f 1930/617/597 1929/623/596 1940/626/607 1941/627/608
f 1927/614/594 1926/613/593 1937/628/604 1938/629/605
f 1934/630/601 1933/616/600 1944/625/611
f 1931/618/598 1930/617/597 1941/627/608 1942/631/609
f 1928/619/595 1927/614/594 1938/629/605 1939/632/606
f 1925/621/592 1935/633/602 1936/634/603
f 1932/622/599 1931/618/598 1942/631/609 1943/624/610
f 1929/623/596 1928/619/595 1939/632/606 1940/626/607
f 1926/613/593 1925/621/592 1936/634/603 1937/628/604
f 1940/635/607 1939/636/606 1948/637/615 1949/638/616
f 1937/639/604 1936/640/603 1945/641/612 1946/642/613
f 1944/643/611 1943/644/610 1952/645/619 1953/646/620
f 1941/647/608 1940/635/607 1949/638/616 1950/648/617
f 1938/649/605 1937/639/604 1946/642/613 1947/650/614
f 1934/651/601 1944/643/611 1953/646/620
f 1942/652/609 1941/647/608 1950/648/617 1951/653/618
f 1939/636/606 1938/649/605 1947/650/614 1948/637/615
f 1936/640/603 1935/654/602 1945/641/612
f 1943/644/610 1942/652/609 1951/653/618 1952/645/619
f 1945/641/612 1935/655/602 1954/560/621
f 1952/645/619 1951/653/618 1960/564/626 1961/563/627
f 1949/638/616 1948/637/615 1957/568/624 1958/567/552
f 1946/642/613 1945/641/612 1954/560/621 1955/571/622
f 1953/646/620 1952/645/619 1961/563/627 1962/573/628
f 1950/648/617 1949/638/616 1958/567/552 1959/575/625
f 1947/650/614 1946/642/613 1955/571/622 1956/577/623
f 1934/656/601 1953/646/620 1962/573/628
f 1951/653/618 1950/648/617 1959/575/625 1960/564/626
f 1948/637/615 1947/650/614 1956/577/623 1957/568/624
f 2028/560/693 2009/561/674 1963/562/629
f 2035/563/699 2034/564/698 1969/565/635 1970/566/636
f 2032/567/552 2031/568/696 1966/569/632 1967/570/633
f 2029/571/694 2028/560/693 1963/562/629 1964/572/630
f 2036/573/700 2035/563/699 1970/566/636 1971/574/637
f 2033/575/697 2032/567/552 1967/570/633 1968/576/634
f 2030/577/695 2029/571/694 1964/572/630 1965/578/631
f 2008/579/673 2036/573/700 1971/574/637
f 2034/564/698 2033/575/697 1968/576/634 1969/565/635
f 2031/568/696 2030/577/695 1965/578/631 1966/569/632
f 1970/566/636 1969/565/635 1978/580/644 1979/581/645
f 1967/570/633 1966/569/632 1975/582/641 1976/583/642
f 1964/572/630 1963/562/629 1972/584/638 1973/585/639
f 1971/574/637 1970/566/636 1979/581/645 1980/586/646
f 1968/576/634 1967/570/633 1976/583/642 1977/587/643
f 1965/578/631 1964/572/630 1973/585/639 1974/588/640
f 2008/589/673 1971/574/637 1980/586/646
f 1969/565/635 1968/576/634 1977/587/643 1978/580/644
f 1966/569/632 1965/578/631 1974/588/640 1975/582/641
f 1963/562/629 2009/590/674 1972/584/638
f 1975/582/641 1974/588/640 1983/591/649 1984/592/650
f 1972/584/638 2009/593/674 1981/594/647
f 1979/581/645 1978/580/644 1987/595/653 1988/596/654
f 1976/583/642 1975/582/641 1984/592/650 1985/597/651
f 1973/585/639 1972/584/638 1981/594/647 1982/598/648
f 1980/586/646 1979/581/645 1988/596/654 1989/599/655
f 1977/587/643 1976/583/642 1985/597/651 1986/600/652
f 1974/588/640 1973/585/639 1982/598/648 1983/591/649
f 2008/601/673 1980/586/646 1989/599/655
f 1978/580/644 1977/587/643 1986/600/652 1987/595/653
f 1987/595/653 1986/600/652 1995/602/660 1996/603/661
f 1984/592/650 1983/591/649 1992/604/658 1993/605/659
f 1981/594/647 2009/606/674 1990/607/656
f 1988/596/654 1987/595/653 1996/603/661 1997/608/662
f 1985/597/651 1984/592/650 1993/605/659 1994/609/514
f 1982/598/648 1981/594/647 1990/607/656 1991/610/657
f 1989/599/655 1988/596/654 1997/608/662 1998/611/663
f 1986/600/652 1985/597/651 1994/609/514 1995/602/660
f 1983/591/649 1982/598/648 1991/610/657 1992/604/658
f 2008/612/673 1989/599/655 1998/611/663
f 1992/604/658 1991/610/657 2000/613/665 2001/614/666
f 2008/615/673 1998/611/663 2007/616/672
f 1996/603/661 1995/602/660 2004/617/669 2005/618/670
f 1993/605/659 1992/604/658 2001/614/666 2002/619/667
f 1990/607/656 2009/620/674 1999/621/664
f 1997/608/662 1996/603/661 2005/618/670 2006/622/671
f 1994/609/514 1993/605/659 2002/619/667 2003/623/668
f 1991/610/657 1990/607/656 1999/621/664 2000/613/665
f 1998/611/663 1997/608/662 2006/622/671 2007/616/672
f 1995/602/660 1994/609/514 2003/623/668 2004/617/669
f 2007/616/672 2006/622/671 2017/624/682 2018/625/683
f 2004/617/669 2003/623/668 2014/626/679 2015/627/680
f 2001/614/666 2000/613/665 2011/628/676 2012/629/677
f 2008/630/673 2007/616/672 2018/625/683
f 2005/618/670 2004/617/669 2015/627/680 2016/631/681
f 2002/619/667 2001/614/666 2012/629/677 2013/632/678
f 1999/621/664 2009/633/674 2010/634/675
f 2006/622/671 2005/618/670 2016/631/681 2017/624/682
f 2003/623/668 2002/619/667 2013/632/678 2014/626/679
f 2000/613/665 1999/621/664 2010/634/675 2011/628/676
f 2014/635/679 2013/636/678 2022/637/687 2023/638/688
f 2011/639/676 2010/640/675 2019/641/684 2020/642/685
f 2018/643/683 2017/644/682 2026/645/691 2027/646/692
f 2015/647/680 2014/635/679 2023/638/688 2024/648/689
f 2012/649/677 2011/639/676 2020/642/685 2021/650/686
f 2008/651/673 2018/643/683 2027/646/692
f 2016/652/681 2015/647/680 2024/648/689 2025/653/690
f 2013/636/678 2012/649/677 2021/650/686 2022/637/687
f 2010/640/675 2009/654/674 2019/641/684
f 2017/644/682 2016/652/681 2025/653/690 2026/645/691
f 2019/641/684 2009/655/674 2028/560/693
f 2026/645/691 2025/653/690 2034/564/698 2035/563/699
f 2023/638/688 2022/637/687 2031/568/696 2032/567/552
f 2020/642/685 2019/641/684 2028/560/693 2029/571/694
f 2027/646/692 2026/645/691 2035/563/699 2036/573/700
f 2024/648/689 2023/638/688 2032/567/552 2033/575/697
f 2021/650/686 2020/642/685 2029/571/694 2030/577/695
f 2008/656/673 2027/646/692 2036/573/700
f 2025/653/690 2024/648/689 2033/575/697 2034/564/698
f 2022/637/687 2021/650/686 2030/577/695 2031/568/696
f 2102/560/693 2083/561/674 2037/562/629
f 2109/563/699 2108/564/698 2043/565/635 2044/566/636
f 2106/567/552 2105/568/696 2040/569/632 2041/570/633
f 2103/571/694 2102/560/693 2037/562/629 2038/572/630
f 2110/573/700 2109/563/699 2044/566/636 2045/574/637
f 2107/575/697 2106/567/552 2041/570/633 2042/576/634
f 2104/577/695 2103/571/694 2038/572/630 2039/578/631
f 2082/579/673 2110/573/700 2045/574/637
f 2108/564/698 2107/575/697 2042/576/634 2043/565/635
f 2105/568/696 2104/577/695 2039/578/631 2040/569/632
f 2044/566/636 2043/565/635 2052/580/644 2053/581/645
f 2041/570/633 2040/569/632 2049/582/641 2050/583/642
f 2038/572/630 2037/562/629 2046/584/638 2047/585/639
f 2045/574/637 2044/566/636 2053/581/645 2054/586/646
f 2042/576/634 2041/570/633 2050/583/642 2051/587/643
f 2039/578/631 2038/572/630 2047/585/639 2048/588/640
f 2082/589/673 2045/574/637 2054/586/646
f 2043/565/635 2042/576/634 2051/587/643 2052/580/644
f 2040/569/632 2039/578/631 2048/588/640 2049/582/641
f 2037/562/629 2083/590/674 2046/584/638
f 2049/582/641 2048/588/640 2057/591/649 2058/592/650
f 2046/584/638 2083/593/674 2055/594/647
f 2053/581/645 2052/580/644 2061/595/653 2062/596/654
f 2050/583/642 2049/582/641 2058/592/650 2059/597/651
f 2047/585/639 2046/584/638 2055/594/647 2056/598/648
f 2054/586/646 2053/581/645 2062/596/654 2063/599/655
f 2051/587/643 2050/583/642 2059/597/651 2060/600/652
f 2048/588/640 2047/585/639 2056/598/648 2057/591/649
f 2082/601/673 2054/586/646 2063/599/655
f 2052/580/644 2051/587/643 2060/600/652 2061/595/653
f 2061/595/653 2060/600/652 2069/602/660 2070/603/661
f 2058/592/650 2057/591/649 2066/604/658 2067/605/659
f 2055/594/647 2083/606/674 2064/607/656
f 2062/596/654 2061/595/653 2070/603/661 2071/608/662
f 2059/597/651 2058/592/650 2067/605/659 2068/609/514
f 2056/598/648 2055/594/647 2064/607/656 2065/610/657
f 2063/599/655 2062/596/654 2071/608/662 2072/611/663
f 2060/600/652 2059/597/651 2068/609/514 2069/602/660
f 2057/591/649 2056/598/648 2065/610/657 2066/604/658
f 2082/612/673 2063/599/655 2072/611/663
f 2066/604/658 2065/610/657 2074/613/665 2075/614/666
f 2082/615/673 2072/611/663 2081/616/672
f 2070/603/661 2069/602/660 2078/617/669 2079/618/670
f 2067/605/659 2066/604/658 2075/614/666 2076/619/667
f 2064/607/656 2083/620/674 2073/621/664
f 2071/608/662 2070/603/661 2079/618/670 2080/622/671
f 2068/609/514 2067/605/659 2076/619/667 2077/623/668
f 2065/610/657 2064/607/656 2073/621/664 2074/613/665
f 2072/611/663 2071/608/662 2080/622/671 2081/616/672
f 2069/602/660 2068/609/514 2077/623/668 2078/617/669
f 2081/616/672 2080/622/671 2091/624/682 2092/625/683
f 2078/617/669 2077/623/668 2088/626/679 2089/627/680
f 2075/614/666 2074/613/665 2085/628/676 2086/629/677
f 2082/630/673 2081/616/672 2092/625/683
f 2079/618/670 2078/617/669 2089/627/680 2090/631/681
f 2076/619/667 2075/614/666 2086/629/677 2087/632/678
f 2073/621/664 2083/633/674 2084/634/675
f 2080/622/671 2079/618/670 2090/631/681 2091/624/682
f 2077/623/668 2076/619/667 2087/632/678 2088/626/679
f 2074/613/665 2073/621/664 2084/634/675 2085/628/676
f 2088/635/679 2087/636/678 2096/637/687 2097/638/688
f 2085/639/676 2084/640/675 2093/641/684 2094/642/685
f 2092/643/683 2091/644/682 2100/645/691 2101/646/692
f 2089/647/680 2088/635/679 2097/638/688 2098/648/689
f 2086/649/677 2085/639/676 2094/642/685 2095/650/686
f 2082/651/673 2092/643/683 2101/646/692
f 2090/652/681 2089/647/680 2098/648/689 2099/653/690
f 2087/636/678 2086/649/677 2095/650/686 2096/637/687
f 2084/640/675 2083/654/674 2093/641/684
f 2091/644/682 2090/652/681 2099/653/690 2100/645/691
f 2093/641/684 2083/655/674 2102/560/693
f 2100/645/691 2099/653/690 2108/564/698 2109/563/699
f 2097/638/688 2096/637/687 2105/568/696 2106/567/552
f 2094/642/685 2093/641/684 2102/560/693 2103/571/694
f 2101/646/692 2100/645/691 2109/563/699 2110/573/700
f 2098/648/689 2097/638/688 2106/567/552 2107/575/697
f 2095/650/686 2094/642/685 2103/571/694 2104/577/695
f 2082/656/673 2101/646/692 2110/573/700
f 2099/653/690 2098/648/689 2107/575/697 2108/564/698
f 2096/637/687 2095/650/686 2104/577/695 2105/568/696
f 2176/560/693 2157/561/674 2111/562/629
f 2183/563/699 2182/564/698 2117/565/635 2118/566/636
f 2180/567/552 2179/568/696 2114/569/632 2115/570/633
f 2177/571/694 2176/560/693 2111/562/629 2112/572/630
f 2184/573/700 2183/563/699 2118/566/636 2119/574/637
f 2181/575/697 2180/567/552 2115/570/633 2116/576/634
f 2178/577/695 2177/571/694 2112/572/630 2113/578/631
f 2156/579/673 2184/573/700 2119/574/637
f 2182/564/698 2181/575/697 2116/576/634 2117/565/635
f 2179/568/696 2178/577/695 2113/578/631 2114/569/632
f 2118/566/636 2117/565/635 2126/580/644 2127/581/645
f 2115/570/633 2114/569/632 2123/582/641 2124/583/642
f 2112/572/630 2111/562/629 2120/584/638 2121/585/639
f 2119/574/637 2118/566/636 2127/581/645 2128/586/646
f 2116/576/634 2115/570/633 2124/583/642 2125/587/643
f 2113/578/631 2112/572/630 2121/585/639 2122/588/640
f 2156/589/673 2119/574/637 2128/586/646
f 2117/565/635 2116/576/634 2125/587/643 2126/580/644
f 2114/569/632 2113/578/631 2122/588/640 2123/582/641
f 2111/562/629 2157/590/674 2120/584/638
f 2123/582/641 2122/588/640 2131/591/649 2132/592/650
f 2120/584/638 2157/593/674 2129/594/647
f 2127/581/645 2126/580/644 2135/595/653 2136/596/654
f 2124/583/642 2123/582/641 2132/592/650 2133/597/651
f 2121/585/639 2120/584/638 2129/594/647 2130/598/648
f 2128/586/646 2127/581/645 2136/596/654 2137/599/655
f 2125/587/643 2124/583/642 2133/597/651 2134/600/652
f 2122/588/640 2121/585/639 2130/598/648 2131/591/649
f 2156/601/673 2128/586/646 2137/599/655
f 2126/580/644 2125/587/643 2134/600/652 2135/595/653
f 2135/595/653 2134/600/652 2143/602/660 2144/603/661
f 2132/592/650 2131/591/649 2140/604/658 2141/605/659
f 2129/594/647 2157/606/674 2138/607/656
f 2136/596/654 2135/595/653 2144/603/661 2145/608/662
f 2133/597/651 2132/592/650 2141/605/659 2142/609/514
f 2130/598/648 2129/594/647 2138/607/656 2139/610/657
f 2137/599/655 2136/596/654 2145/608/662 2146/611/663
f 2134/600/652 2133/597/651 2142/609/514 2143/602/660
f 2131/591/649 2130/598/648 2139/610/657 2140/604/658
f 2156/612/673 2137/599/655 2146/611/663
f 2140/604/658 2139/610/657 2148/613/665 2149/614/666
f 2156/615/673 2146/611/663 2155/616/672
f 2144/603/661 2143/602/660 2152/617/669 2153/618/670
f 2141/605/659 2140/604/658 2149/614/666 2150/619/667
f 2138/607/656 2157/620/674 2147/621/664
f 2145/608/662 2144/603/661 2153/618/670 2154/622/671
f 2142/609/514 2141/605/659 2150/619/667 2151/623/668
f 2139/610/657 2138/607/656 2147/621/664 2148/613/665
f 2146/611/663 2145/608/662 2154/622/671 2155/616/672
f 2143/602/660 2142/609/514 2151/623/668 2152/617/669
f 2155/616/672 2154/622/671 2165/624/682 2166/625/683
f 2152/617/669 2151/623/668 2162/626/679 2163/627/680
f 2149/614/666 2148/613/665 2159/628/676 2160/629/677
f 2156/630/673 2155/616/672 2166/625/683
f 2153/618/670 2152/617/669 2163/627/680 2164/631/681
f 2150/619/667 2149/614/666 2160/629/677 2161/632/678
f 2147/621/664 2157/633/674 2158/634/675
f 2154/622/671 2153/618/670 2164/631/681 2165/624/682
f 2151/623/668 2150/619/667 2161/632/678 2162/626/679
f 2148/613/665 2147/621/664 2158/634/675 2159/628/676
f 2162/635/679 2161/636/678 2170/637/687 2171/638/688
f 2159/639/676 2158/640/675 2167/641/684 2168/642/685
f 2166/643/683 2165/644/682 2174/645/691 2175/646/692
f 2163/647/680 2162/635/679 2171/638/688 2172/648/689
f 2160/649/677 2159/639/676 2168/642/685 2169/650/686
f 2156/651/673 2166/643/683 2175/646/692
f 2164/652/681 2163/647/680 2172/648/689 2173/653/690
f 2161/636/678 2160/649/677 2169/650/686 2170/637/687
f 2158/640/675 2157/654/674 2167/641/684
f 2165/644/682 2164/652/681 2173/653/690 2174/645/691
f 2167/641/684 2157/655/674 2176/560/693
f 2174/645/691 2173/653/690 2182/564/698 2183/563/699
f 2171/638/688 2170/637/687 2179/568/696 2180/567/552
f 2168/642/685 2167/641/684 2176/560/693 2177/571/694
f 2175/646/692 2174/645/691 2183/563/699 2184/573/700
f 2172/648/689 2171/638/688 2180/567/552 2181/575/697
f 2169/650/686 2168/642/685 2177/571/694 2178/577/695
f 2156/656/673 2175/646/692 2184/573/700
f 2173/653/690 2172/648/689 2181/575/697 2182/564/698
f 2170/637/687 2169/650/686 2178/577/695 2179/568/696
f 2250/560/693 2231/561/674 2185/562/629
f 2257/563/699 2256/564/698 2191/565/635 2192/566/636
f 2254/567/552 2253/568/696 2188/569/632 2189/570/633
f 2251/571/694 2250/560/693 2185/562/629 2186/572/630
f 2258/573/700 2257/563/699 2192/566/636 2193/574/637
f 2255/575/697 2254/567/552 2189/570/633 2190/576/634
f 2252/577/695 2251/571/694 2186/572/630 2187/578/631
f 2230/579/673 2258/573/700 2193/574/637
f 2256/564/698 2255/575/697 2190/576/634 2191/565/635
f 2253/568/696 2252/577/695 2187/578/631 2188/569/632
f 2192/566/636 2191/565/635 2200/580/644 2201/581/645
f 2189/570/633 2188/569/632 2197/582/641 2198/583/642
f 2186/572/630 2185/562/629 2194/584/638 2195/585/639
f 2193/574/637 2192/566/636 2201/581/645 2202/586/646
f 2190/576/634 2189/570/633 2198/583/642 2199/587/643
f 2187/578/631 2186/572/630 2195/585/639 2196/588/640
f 2230/589/673 2193/574/637 2202/586/646
f 2191/565/635 2190/576/634 2199/587/643 2200/580/644
f 2188/569/632 2187/578/631 2196/588/640 2197/582/641
f 2185/562/629 2231/590/674 2194/584/638
f 2197/582/641 2196/588/640 2205/591/649 2206/592/650
f 2194/584/638 2231/593/674 2203/594/647
f 2201/581/645 2200/580/644 2209/595/653 2210/596/654
f 2198/583/642 2197/582/641 2206/592/650 2207/597/651
f 2195/585/639 2194/584/638 2203/594/647 2204/598/648
f 2202/586/646 2201/581/645 2210/596/654 2211/599/655
f 2199/587/643 2198/583/642 2207/597/651 2208/600/652
f 2196/588/640 2195/585/639 2204/598/648 2205/591/649
f 2230/601/673 2202/586/646 2211/599/655
f 2200/580/644 2199/587/643 2208/600/652 2209/595/653
f 2209/595/653 2208/600/652 2217/602/660 2218/603/661
f 2206/592/650 2205/591/649 2214/604/658 2215/605/659
f 2203/594/647 2231/606/674 2212/607/656
f 2210/596/654 2209/595/653 2218/603/661 2219/608/662
f 2207/597/651 2206/592/650 2215/605/659 2216/609/514
f 2204/598/648 2203/594/647 2212/607/656 2213/610/657
f 2211/599/655 2210/596/654 2219/608/662 2220/611/663
f 2208/600/652 2207/597/651 2216/609/514 2217/602/660
f 2205/591/649 2204/598/648 2213/610/657 2214/604/658
f 2230/612/673 2211/599/655 2220/611/663
f 2214/604/658 2213/610/657 2222/613/665 2223/614/666
f 2230/615/673 2220/611/663 2229/616/672
f 2218/603/661 2217/602/660 2226/617/669 2227/618/670
f 2215/605/659 2214/604/658 2223/614/666 2224/619/667
f 2212/607/656 2231/620/674 2221/621/664
f 2219/608/662 2218/603/661 2227/618/670 2228/622/671
f 2216/609/514 2215/605/659 2224/619/667 2225/623/668
f 2213/610/657 2212/607/656 2221/621/664 2222/613/665
f 2220/611/663 2219/608/662 2228/622/671 2229/616/672
f 2217/602/660 2216/609/514 2225/623/668 2226/617/669
f 2229/616/672 2228/622/671 2239/624/682 2240/625/683
f 2226/617/669 2225/623/668 2236/626/679 2237/627/680
f 2223/614/666 2222/613/665 2233/628/676 2234/629/677
f 2230/630/673 2229/616/672 2240/625/683
f 2227/618/670 2226/617/669 2237/627/680 2238/631/681
f 2224/619/667 2223/614/666 2234/629/677 2235/632/678
f 2221/621/664 2231/633/674 2232/634/675
f 2228/622/671 2227/618/670 2238/631/681 2239/624/682
f 2225/623/668 2224/619/667 2235/632/678 2236/626/679
f 2222/613/665 2221/621/664 2232/634/675 2233/628/676
f 2236/635/679 2235/636/678 2244/637/687 2245/638/688
f 2233/639/676 2232/640/675 2241/641/684 2242/642/685
f 2240/643/683 2239/644/682 2248/645/691 2249/646/692
f 2237/647/680 2236/635/679 2245/638/688 2246/648/689
f 2234/649/677 2233/639/676 2242/642/685 2243/650/686
f 2230/651/673 2240/643/683 2249/646/692
f 2238/652/681 2237/647/680 2246/648/689 2247/653/690
f 2235/636/678 2234/649/677 2243/650/686 2244/637/687
f 2232/640/675 2231/654/674 2241/641/684
f 2239/644/682 2238/652/681 2247/653/690 2248/645/691
f 2241/641/684 2231/655/674 2250/560/693
f 2248/645/691 2247/653/690 2256/564/698 2257/563/699
f 2245/638/688 2244/637/687 2253/568/696 2254/567/552
f 2242/642/685 2241/641/684 2250/560/693 2251/571/694
f 2249/646/692 2248/645/691 2257/563/699 2258/573/700
f 2246/648/689 2245/638/688 2254/567/552 2255/575/697
f 2243/650/686 2242/642/685 2251/571/694 2252/577/695
f 2230/656/673 2249/646/692 2258/573/700
f 2247/653/690 2246/648/689 2255/575/697 2256/564/698
f 2244/637/687 2243/650/686 2252/577/695 2253/568/696
f 2324/560/693 2305/561/674 2259/562/629
f 2331/563/699 2330/564/698 2265/565/635 2266/566/636
f 2328/567/552 2327/568/696 2262/569/632 2263/570/633
f 2325/571/694 2324/560/693 2259/562/629 2260/572/630
f 2332/573/700 2331/563/699 2266/566/636 2267/574/637
f 2329/575/697 2328/567/552 2263/570/633 2264/576/634
f 2326/577/695 2325/571/694 2260/572/630 2261/578/631
f 2304/579/673 2332/573/700 2267/574/637
f 2330/564/698 2329/575/697 2264/576/634 2265/565/635
f 2327/568/696 2326/577/695 2261/578/631 2262/569/632
f 2266/566/636 2265/565/635 2274/580/644 2275/581/645
f 2263/570/633 2262/569/632 2271/582/641 2272/583/642
f 2260/572/630 2259/562/629 2268/584/638 2269/585/639
f 2267/574/637 2266/566/636 2275/581/645 2276/586/646
f 2264/576/634 2263/570/633 2272/583/642 2273/587/643
f 2261/578/631 2260/572/630 2269/585/639 2270/588/640
f 2304/589/673 2267/574/637 2276/586/646
f 2265/565/635 2264/576/634 2273/587/643 2274/580/644
f 2262/569/632 2261/578/631 2270/588/640 2271/582/641
f 2259/562/629 2305/590/674 2268/584/638
f 2271/582/641 2270/588/640 2279/591/649 2280/592/650
f 2268/584/638 2305/593/674 2277/594/647
f 2275/581/645 2274/580/644 2283/595/653 2284/596/654
f 2272/583/642 2271/582/641 2280/592/650 2281/597/651
f 2269/585/639 2268/584/638 2277/594/647 2278/598/648
f 2276/586/646 2275/581/645 2284/596/654 2285/599/655
f 2273/587/643 2272/583/642 2281/597/651 2282/600/652
f 2270/588/640 2269/585/639 2278/598/648 2279/591/649
f 2304/601/673 2276/586/646 2285/599/655
f 2274/580/644 2273/587/643 2282/600/652 2283/595/653
f 2283/595/653 2282/600/652 2291/602/660 2292/603/661
f 2280/592/650 2279/591/649 2288/604/658 2289/605/659
f 2277/594/647 2305/606/674 2286/607/656
f 2284/596/654 2283/595/653 2292/603/661 2293/608/662
f 2281/597/651 2280/592/650 2289/605/659 2290/609/514
f 2278/598/648 2277/594/647 2286/607/656 2287/610/657
f 2285/599/655 2284/596/654 2293/608/662 2294/611/663
f 2282/600/652 2281/597/651 2290/609/514 2291/602/660
f 2279/591/649 2278/598/648 2287/610/657 2288/604/658
f 2304/612/673 2285/599/655 2294/611/663
f 2288/604/658 2287/610/657 2296/613/665 2297/614/666
f 2304/615/673 2294/611/663 2303/616/672
f 2292/603/661 2291/602/660 2300/617/669 2301/618/670
f 2289/605/659 2288/604/658 2297/614/666 2298/619/667
f 2286/607/656 2305/620/674 2295/621/664
f 2293/608/662 2292/603/661 2301/618/670 2302/622/671
f 2290/609/514 2289/605/659 2298/619/667 2299/623/668
f 2287/610/657 2286/607/656 2295/621/664 2296/613/665
f 2294/611/663 2293/608/662 2302/622/671 2303/616/672
f 2291/602/660 2290/609/514 2299/623/668 2300/617/669
f 2303/616/672 2302/622/671 2313/624/682 2314/625/683
f 2300/617/669 2299/623/668 2310/626/679 2311/627/680
f 2297/614/666 2296/613/665 2307/628/676 2308/629/677
f 2304/630/673 2303/616/672 2314/625/683
f 2301/618/670 2300/617/669 2311/627/680 2312/631/681
f 2298/619/667 2297/614/666 2308/629/677 2309/632/678
f 2295/621/664 2305/633/674 2306/634/675
f 2302/622/671 2301/618/670 2312/631/681 2313/624/682
f 2299/623/668 2298/619/667 2309/632/678 2310/626/679
f 2296/613/665 2295/621/664 2306/634/675 2307/628/676
f 2310/635/679 2309/636/678 2318/637/687 2319/638/688
f 2307/639/676 2306/640/675 2315/641/684 2316/642/685
f 2314/643/683 2313/644/682 2322/645/691 2323/646/692
f 2311/647/680 2310/635/679 2319/638/688 2320/648/689
f 2308/649/677 2307/639/676 2316/642/685 2317/650/686
f 2304/651/673 2314/643/683 2323/646/692
f 2312/652/681 2311/647/680 2320/648/689 2321/653/690
f 2309/636/678 2308/649/677 2317/650/686 2318/637/687
f 2306/640/675 2305/654/674 2315/641/684
f 2313/644/682 2312/652/681 2321/653/690 2322/645/691
f 2315/641/684 2305/655/674 2324/560/693
f 2322/645/691 2321/653/690 2330/564/698 2331/563/699
f 2319/638/688 2318/637/687 2327/568/696 2328/567/552
f 2316/642/685 2315/641/684 2324/560/693 2325/571/694
f 2323/646/692 2322/645/691 2331/563/699 2332/573/700
f 2320/648/689 2319/638/688 2328/567/552 2329/575/697
f 2317/650/686 2316/642/685 2325/571/694 2326/577/695
f 2304/656/673 2323/646/692 2332/573/700
f 2321/653/690 2320/648/689 2329/575/697 2330/564/698
f 2318/637/687 2317/650/686 2326/577/695 2327/568/696
f 2398/560/693 2379/561/674 2333/562/629
f 2405/563/699 2404/564/698 2339/565/635 2340/566/636
f 2402/567/552 2401/568/696 2336/569/632 2337/570/633
f 2399/571/694 2398/560/693 2333/562/629 2334/572/630
f 2406/573/700 2405/563/699 2340/566/636 2341/574/637
f 2403/575/697 2402/567/552 2337/570/633 2338/576/634
f 2400/577/695 2399/571/694 2334/572/630 2335/578/631
f 2378/579/673 2406/573/700 2341/574/637
f 2404/564/698 2403/575/697 2338/576/634 2339/565/635
f 2401/568/696 2400/577/695 2335/578/631 2336/569/632
f 2340/566/636 2339/565/635 2348/580/644 2349/581/645
f 2337/570/633 2336/569/632 2345/582/641 2346/583/642
f 2334/572/630 2333/562/629 2342/584/638 2343/585/639
f 2341/574/637 2340/566/636 2349/581/645 2350/586/646
f 2338/576/634 2337/570/633 2346/583/642 2347/587/643
f 2335/578/631 2334/572/630 2343/585/639 2344/588/640
f 2378/589/673 2341/574/637 2350/586/646
f 2339/565/635 2338/576/634 2347/587/643 2348/580/644
f 2336/569/632 2335/578/631 2344/588/640 2345/582/641
f 2333/562/629 2379/590/674 2342/584/638
f 2345/582/641 2344/588/640 2353/591/649 2354/592/650
f 2342/584/638 2379/593/674 2351/594/647
f 2349/581/645 2348/580/644 2357/595/653 2358/596/654
f 2346/583/642 2345/582/641 2354/592/650 2355/597/651
f 2343/585/639 2342/584/638 2351/594/647 2352/598/648
f 2350/586/646 2349/581/645 2358/596/654 2359/599/655
f 2347/587/643 2346/583/642 2355/597/651 2356/600/652
f 2344/588/640 2343/585/639 2352/598/648 2353/591/649
f 2378/601/673 2350/586/646 2359/599/655
f 2348/580/644 2347/587/643 2356/600/652 2357/595/653
f 2357/595/653 2356/600/652 2365/602/660 2366/603/661
f 2354/592/650 2353/591/649 2362/604/658 2363/605/659
f 2351/594/647 2379/606/674 2360/607/656
f 2358/596/654 2357/595/653 2366/603/661 2367/608/662
f 2355/597/651 2354/592/650 2363/605/659 2364/609/514
f 2352/598/648 2351/594/647 2360/607/656 2361/610/657
f 2359/599/655 2358/596/654 2367/608/662 2368/611/663
f 2356/600/652 2355/597/651 2364/609/514 2365/602/660
f 2353/591/649 2352/598/648 2361/610/657 2362/604/658
f 2378/612/673 2359/599/655 2368/611/663
f 2362/604/658 2361/610/657 2370/613/665 2371/614/666
f 2378/615/673 2368/611/663 2377/616/672
f 2366/603/661 2365/602/660 2374/617/669 2375/618/670
f 2363/605/659 2362/604/658 2371/614/666 2372/619/667
f 2360/607/656 2379/620/674 2369/621/664
f 2367/608/662 2366/603/661 2375/618/670 2376/622/671
f 2364/609/514 2363/605/659 2372/619/667 2373/623/668
f 2361/610/657 2360/607/656 2369/621/664 2370/613/665
f 2368/611/663 2367/608/662 2376/622/671 2377/616/672
f 2365/602/660 2364/609/514 2373/623/668 2374/617/669
f 2377/616/672 2376/622/671 2387/624/682 2388/625/683
f 2374/617/669 2373/623/668 2384/626/679 2385/627/680
f 2371/614/666 2370/613/665 2381/628/676 2382/629/677
f 2378/630/673 2377/616/672 2388/625/683
f 2375/618/670 2374/617/669 2385/627/680 2386/631/681
f 2372/619/667 2371/614/666 2382/629/677 2383/632/678
f 2369/621/664 2379/633/674 2380/634/675
f 2376/622/671 2375/618/670 2386/631/681 2387/624/682
f 2373/623/668 2372/619/667 2383/632/678 2384/626/679
f 2370/613/665 2369/621/664 2380/634/675 2381/628/676
f 2384/635/679 2383/636/678 2392/637/687 2393/638/688
f 2381/639/676 2380/640/675 2389/641/684 2390/642/685
f 2388/643/683 2387/644/682 2396/645/691 2397/646/692
f 2385/647/680 2384/635/679 2393/638/688 2394/648/689
f 2382/649/677 2381/639/676 2390/642/685 2391/650/686
f 2378/651/673 2388/643/683 2397/646/692
f 2386/652/681 2385/647/680 2394/648/689 2395/653/690
f 2383/636/678 2382/649/677 2391/650/686 2392/637/687
f 2380/640/675 2379/654/674 2389/641/684
f 2387/644/682 2386/652/681 2395/653/690 2396/645/691
f 2389/641/684 2379/655/674 2398/560/693
f 2396/645/691 2395/653/690 2404/564/698 2405/563/699
f 2393/638/688 2392/637/687 2401/568/696 2402/567/552
f 2390/642/685 2389/641/684 2398/560/693 2399/571/694
f 2397/646/692 2396/645/691 2405/563/699 2406/573/700
f 2394/648/689 2393/638/688 2402/567/552 2403/575/697
f 2391/650/686 2390/642/685 2399/571/694 2400/577/695
f 2378/656/673 2397/646/692 2406/573/700
f 2395/653/690 2394/648/689 2403/575/697 2404/564/698
f 2392/637/687 2391/650/686 2400/577/695 2401/568/696
f 2472/560/693 2453/561/674 2407/562/629
f 2479/563/699 2478/564/698 2413/565/635 2414/566/636
f 2476/567/552 2475/568/696 2410/569/632 2411/570/633
f 2473/571/694 2472/560/693 2407/562/629 2408/572/630
f 2480/573/700 2479/563/699 2414/566/636 2415/574/637
f 2477/575/697 2476/567/552 2411/570/633 2412/576/634
f 2474/577/695 2473/571/694 2408/572/630 2409/578/631
f 2452/579/673 2480/573/700 2415/574/637
f 2478/564/698 2477/575/697 2412/576/634 2413/565/635
f 2475/568/696 2474/577/695 2409/578/631 2410/569/632
f 2414/566/636 2413/565/635 2422/580/644 2423/581/645
f 2411/570/633 2410/569/632 2419/582/641 2420/583/642
f 2408/572/630 2407/562/629 2416/584/638 2417/585/639
f 2415/574/637 2414/566/636 2423/581/645 2424/586/646
f 2412/576/634 2411/570/633 2420/583/642 2421/587/643
f 2409/578/631 2408/572/630 2417/585/639 2418/588/640
f 2452/589/673 2415/574/637 2424/586/646
f 2413/565/635 2412/576/634 2421/587/643 2422/580/644
f 2410/569/632 2409/578/631 2418/588/640 2419/582/641
f 2407/562/629 2453/590/674 2416/584/638
f 2419/582/641 2418/588/640 2427/591/649 2428/592/650
f 2416/584/638 2453/593/674 2425/594/647
f 2423/581/645 2422/580/644 2431/595/653 2432/596/654
f 2420/583/642 2419/582/641 2428/592/650 2429/597/651
f 2417/585/639 2416/584/638 2425/594/647 2426/598/648
f 2424/586/646 2423/581/645 2432/596/654 2433/599/655
f 2421/587/643 2420/583/642 2429/597/651 2430/600/652
f 2418/588/640 2417/585/639 2426/598/648 2427/591/649
f 2452/601/673 2424/586/646 2433/599/655
f 2422/580/644 2421/587/643 2430/600/652 2431/595/653
f 2431/595/653 2430/600/652 2439/602/660 2440/603/661
f 2428/592/650 2427/591/649 2436/604/658 2437/605/659
f 2425/594/647 2453/606/674 2434/607/656
f 2432/596/654 2431/595/653 2440/603/661 2441/608/662
f 2429/597/651 2428/592/650 2437/605/659 2438/609/514
f 2426/598/648 2425/594/647 2434/607/656 2435/610/657
f 2433/599/655 2432/596/654 2441/608/662 2442/611/663
f 2430/600/652 2429/597/651 2438/609/514 2439/602/660
f 2427/591/649 2426/598/648 2435/610/657 2436/604/658
f 2452/612/673 2433/599/655 2442/611/663
f 2436/604/658 2435/610/657 2444/613/665 2445/614/666
f 2452/615/673 2442/611/663 2451/616/672
f 2440/603/661 2439/602/660 2448/617/669 2449/618/670
f 2437/605/659 2436/604/658 2445/614/666 2446/619/667
f 2434/607/656 2453/620/674 2443/621/664
f 2441/608/662 2440/603/661 2449/618/670 2450/622/671
f 2438/609/514 2437/605/659 2446/619/667 2447/623/668
f 2435/610/657 2434/607/656 2443/621/664 2444/613/665
f 2442/611/663 2441/608/662 2450/622/671 2451/616/672
f 2439/602/660 2438/609/514 2447/623/668 2448/617/669
f 2451/616/672 2450/622/671 2461/624/682 2462/625/683
f 2448/617/669 2447/623/668 2458/626/679 2459/627/680
f 2445/614/666 2444/613/665 2455/628/676 2456/629/677
f 2452/630/673 2451/616/672 2462/625/683
f 2449/618/670 2448/617/669 2459/627/680 2460/631/681
f 2446/619/667 2445/614/666 2456/629/677 2457/632/678
f 2443/621/664 2453/633/674 2454/634/675
f 2450/622/671 2449/618/670 2460/631/681 2461/624/682
f 2447/623/668 2446/619/667 2457/632/678 2458/626/679
f 2444/613/665 2443/621/664 2454/634/675 2455/628/676
f 2458/635/679 2457/636/678 2466/637/687 2467/638/688
f 2455/639/676 2454/640/675 2463/641/684 2464/642/685
f 2462/643/683 2461/644/682 2470/645/691 2471/646/692
f 2459/647/680 2458/635/679 2467/638/688 2468/648/689
f 2456/649/677 2455/639/676 2464/642/685 2465/650/686
f 2452/651/673 2462/643/683 2471/646/692
f 2460/652/681 2459/647/680 2468/648/689 2469/653/690
f 2457/636/678 2456/649/677 2465/650/686 2466/637/687
f 2454/640/675 2453/654/674 2463/641/684
f 2461/644/682 2460/652/681 2469/653/690 2470/645/691
f 2463/641/684 2453/655/674 2472/560/693
f 2470/645/691 2469/653/690 2478/564/698 2479/563/699
f 2467/638/688 2466/637/687 2475/568/696 2476/567/552
f 2464/642/685 2463/641/684 2472/560/693 2473/571/694
f 2471/646/692 2470/645/691 2479/563/699 2480/573/700
f 2468/648/689 2467/638/688 2476/567/552 2477/575/697
f 2465/650/686 2464/642/685 2473/571/694 2474/577/695
f 2452/656/673 2471/646/692 2480/573/700
f 2469/653/690 2468/648/689 2477/575/697 2478/564/698
f 2466/637/687 2465/650/686 2474/577/695 2475/568/696
f 2546/560/693 2527/561/674 2481/562/629
f 2553/563/699 2552/564/698 2487/565/635 2488/566/636
f 2550/567/552 2549/568/696 2484/569/632 2485/570/633
f 2547/571/694 2546/560/693 2481/562/629 2482/572/630
f 2554/573/700 2553/563/699 2488/566/636 2489/574/637
f 2551/575/697 2550/567/552 2485/570/633 2486/576/634
f 2548/577/695 2547/571/694 2482/572/630 2483/578/631
f 2526/579/673 2554/573/700 2489/574/637
f 2552/564/698 2551/575/697 2486/576/634 2487/565/635
f 2549/568/696 2548/577/695 2483/578/631 2484/569/632
f 2488/566/636 2487/565/635 2496/580/644 2497/581/645
f 2485/570/633 2484/569/632 2493/582/641 2494/583/642
f 2482/572/630 2481/562/629 2490/584/638 2491/585/639
f 2489/574/637 2488/566/636 2497/581/645 2498/586/646
f 2486/576/634 2485/570/633 2494/583/642 2495/587/643
f 2483/578/631 2482/572/630 2491/585/639 2492/588/640
f 2526/589/673 2489/574/637 2498/586/646
f 2487/565/635 2486/576/634 2495/587/643 2496/580/644
f 2484/569/632 2483/578/631 2492/588/640 2493/582/641
f 2481/562/629 2527/590/674 2490/584/638
f 2493/582/641 2492/588/640 2501/591/649 2502/592/650
f 2490/584/638 2527/593/674 2499/594/647
f 2497/581/645 2496/580/644 2505/595/653 2506/596/654
f 2494/583/642 2493/582/641 2502/592/650 2503/597/651
f 2491/585/639 2490/584/638 2499/594/647 2500/598/648
f 2498/586/646 2497/581/645 2506/596/654 2507/599/655
f 2495/587/643 2494/583/642 2503/597/651 2504/600/652
f 2492/588/640 2491/585/639 2500/598/648 2501/591/649
f 2526/601/673 2498/586/646 2507/599/655
f 2496/580/644 2495/587/643 2504/600/652 2505/595/653
f 2505/595/653 2504/600/652 2513/602/660 2514/603/661
f 2502/592/650 2501/591/649 2510/604/658 2511/605/659
f 2499/594/647 2527/606/674 2508/607/656
f 2506/596/654 2505/595/653 2514/603/661 2515/608/662
f 2503/597/651 2502/592/650 2511/605/659 2512/609/514
f 2500/598/648 2499/594/647 2508/607/656 2509/610/657
f 2507/599/655 2506/596/654 2515/608/662 2516/611/663
f 2504/600/652 2503/597/651 2512/609/514 2513/602/660
f 2501/591/649 2500/598/648 2509/610/657 2510/604/658
f 2526/612/673 2507/599/655 2516/611/663
f 2510/604/658 2509/610/657 2518/613/665 2519/614/666
f 2526/615/673 2516/611/663 2525/616/672
f 2514/603/661 2513/602/660 2522/617/669 2523/618/670
f 2511/605/659 2510/604/658 2519/614/666 2520/619/667
f 2508/607/656 2527/620/674 2517/621/664
f 2515/608/662 2514/603/661 2523/618/670 2524/622/671
f 2512/609/514 2511/605/659 2520/619/667 2521/623/668
f 2509/610/657 2508/607/656 2517/621/664 2518/613/665
f 2516/611/663 2515/608/662 2524/622/671 2525/616/672
f 2513/602/660 2512/609/514 2521/623/668 2522/617/669
f 2525/616/672 2524/622/671 2535/624/682 2536/625/683
f 2522/617/669 2521/623/668 2532/626/679 2533/627/680
f 2519/614/666 2518/613/665 2529/628/676 2530/629/677
f 2526/630/673 2525/616/672 2536/625/683
f 2523/618/670 2522/617/669 2533/627/680 2534/631/681
f 2520/619/667 2519/614/666 2530/629/677 2531/632/678
f 2517/621/664 2527/633/674 2528/634/675
f 2524/622/671 2523/618/670 2534/631/681 2535/624/682
f 2521/623/668 2520/619/667 2531/632/678 2532/626/679
f 2518/613/665 2517/621/664 2528/634/675 2529/628/676
f 2532/635/679 2531/636/678 2540/637/687 2541/638/688
f 2529/639/676 2528/640/675 2537/641/684 2538/642/685
f 2536/643/683 2535/644/682 2544/645/691 2545/646/692
f 2533/647/680 2532/635/679 2541/638/688 2542/648/689
f 2530/649/677 2529/639/676 2538/642/685 2539/650/686
f 2526/651/673 2536/643/683 2545/646/692
f 2534/652/681 2533/647/680 2542/648/689 2543/653/690
f 2531/636/678 2530/649/677 2539/650/686 2540/637/687
f 2528/640/675 2527/654/674 2537/641/684
f 2535/644/682 2534/652/681 2543/653/690 2544/645/691
f 2537/641/684 2527/655/674 2546/560/693
f 2544/645/691 2543/653/690 2552/564/698 2553/563/699
f 2541/638/688 2540/637/687 2549/568/696 2550/567/552
f 2538/642/685 2537/641/684 2546/560/693 2547/571/694
f 2545/646/692 2544/645/691 2553/563/699 2554/573/700
f 2542/648/689 2541/638/688 2550/567/552 2551/575/697
f 2539/650/686 2538/642/685 2547/571/694 2548/577/695
f 2526/656/673 2545/646/692 2554/573/700
f 2543/653/690 2542/648/689 2551/575/697 2552/564/698
f 2540/637/687 2539/650/686 2548/577/695 2549/568/696
f 2620/560/693 2601/561/674 2555/562/629
f 2627/563/699 2626/564/698 2561/565/635 2562/566/636
f 2624/567/552 2623/568/696 2558/569/632 2559/570/633
f 2621/571/694 2620/560/693 2555/562/629 2556/572/630
f 2628/573/700 2627/563/699 2562/566/636 2563/574/637
f 2625/575/697 2624/567/552 2559/570/633 2560/576/634
f 2622/577/695 2621/571/694 2556/572/630 2557/578/631
f 2600/579/673 2628/573/700 2563/574/637
f 2626/564/698 2625/575/697 2560/576/634 2561/565/635
f 2623/568/696 2622/577/695 2557/578/631 2558/569/632
f 2562/566/636 2561/565/635 2570/580/644 2571/581/645
f 2559/570/633 2558/569/632 2567/582/641 2568/583/642
f 2556/572/630 2555/562/629 2564/584/638 2565/585/639
f 2563/574/637 2562/566/636 2571/581/645 2572/586/646
f 2560/576/634 2559/570/633 2568/583/642 2569/587/643
f 2557/578/631 2556/572/630 2565/585/639 2566/588/640
f 2600/589/673 2563/574/637 2572/586/646
f 2561/565/635 2560/576/634 2569/587/643 2570/580/644
f 2558/569/632 2557/578/631 2566/588/640 2567/582/641
f 2555/562/629 2601/590/674 2564/584/638
f 2567/582/641 2566/588/640 2575/591/649 2576/592/650
f 2564/584/638 2601/593/674 2573/594/647
f 2571/581/645 2570/580/644 2579/595/653 2580/596/654
f 2568/583/642 2567/582/641 2576/592/650 2577/597/651
f 2565/585/639 2564/584/638 2573/594/647 2574/598/648
f 2572/586/646 2571/581/645 2580/596/654 2581/599/655
f 2569/587/643 2568/583/642 2577/597/651 2578/600/652
f 2566/588/640 2565/585/639 2574/598/648 2575/591/649
f 2600/601/673 2572/586/646 2581/599/655
f 2570/580/644 2569/587/643 2578/600/652 2579/595/653
f 2579/595/653 2578/600/652 2587/602/660 2588/603/661
f 2576/592/650 2575/591/649 2584/604/658 2585/605/659
f 2573/594/647 2601/606/674 2582/607/656
f 2580/596/654 2579/595/653 2588/603/661 2589/608/662
f 2577/597/651 2576/592/650 2585/605/659 2586/609/514
f 2574/598/648 2573/594/647 2582/607/656 2583/610/657
f 2581/599/655 2580/596/654 2589/608/662 2590/611/663
f 2578/600/652 2577/597/651 2586/609/514 2587/602/660
f 2575/591/649 2574/598/648 2583/610/657 2584/604/658
f 2600/612/673 2581/599/655 2590/611/663
f 2584/604/658 2583/610/657 2592/613/665 2593/614/666
f 2600/615/673 2590/611/663 2599/616/672
f 2588/603/661 2587/602/660 2596/617/669 2597/618/670
f 2585/605/659 2584/604/658 2593/614/666 2594/619/667
f 2582/607/656 2601/620/674 2591/621/664
f 2589/608/662 2588/603/661 2597/618/670 2598/622/671
f 2586/609/514 2585/605/659 2594/619/667 2595/623/668
f 2583/610/657 2582/607/656 2591/621/664 2592/613/665
f 2590/611/663 2589/608/662 2598/622/671 2599/616/672
f 2587/602/660 2586/609/514 2595/623/668 2596/617/669
f 2599/616/672 2598/622/671 2609/624/682 2610/625/683
f 2596/617/669 2595/623/668 2606/626/679 2607/627/680
f 2593/614/666 2592/613/665 2603/628/676 2604/629/677
f 2600/630/673 2599/616/672 2610/625/683
f 2597/618/670 2596/617/669 2607/627/680 2608/631/681
f 2594/619/667 2593/614/666 2604/629/677 2605/632/678
f 2591/621/664 2601/633/674 2602/634/675
f 2598/622/671 2597/618/670 2608/631/681 2609/624/682
f 2595/623/668 2594/619/667 2605/632/678 2606/626/679
f 2592/613/665 2591/621/664 2602/634/675 2603/628/676
f 2606/635/679 2605/636/678 2614/637/687 2615/638/688
f 2603/639/676 2602/640/675 2611/641/684 2612/642/685
f 2610/643/683 2609/644/682 2618/645/691 2619/646/692
f 2607/647/680 2606/635/679 2615/638/688 2616/648/689
f 2604/649/677 2603/639/676 2612/642/685 2613/650/686
f 2600/651/673 2610/643/683 2619/646/692
f 2608/652/681 2607/647/680 2616/648/689 2617/653/690
f 2605/636/678 2604/649/677 2613/650/686 2614/637/687
f 2602/640/675 2601/654/674 2611/641/684
f 2609/644/682 2608/652/681 2617/653/690 2618/645/691
f 2611/641/684 2601/655/674 2620/560/693
f 2618/645/691 2617/653/690 2626/564/698 2627/563/699
f 2615/638/688 2614/637/687 2623/568/696 2624/567/552
f 2612/642/685 2611/641/684 2620/560/693 2621/571/694
f 2619/646/692 2618/645/691 2627/563/699 2628/573/700
f 2616/648/689 2615/638/688 2624/567/552 2625/575/697
f 2613/650/686 2612/642/685 2621/571/694 2622/577/695
f 2600/656/673 2619/646/692 2628/573/700
f 2617/653/690 2616/648/689 2625/575/697 2626/564/698
f 2614/637/687 2613/650/686 2622/577/695 2623/568/696
f 2694/560/693 2675/561/674 2629/562/629
f 2701/563/699 2700/564/698 2635/565/635 2636/566/636
f 2698/567/552 2697/568/696 2632/569/632 2633/570/633
f 2695/571/694 2694/560/693 2629/562/629 2630/572/630
f 2702/573/700 2701/563/699 2636/566/636 2637/574/637
f 2699/575/697 2698/567/552 2633/570/633 2634/576/634
f 2696/577/695 2695/571/694 2630/572/630 2631/578/631
f 2674/579/673 2702/573/700 2637/574/637
f 2700/564/698 2699/575/697 2634/576/634 2635/565/635
f 2697/568/696 2696/577/695 2631/578/631 2632/569/632
f 2636/566/636 2635/565/635 2644/580/644 2645/581/645
f 2633/570/633 2632/569/632 2641/582/641 2642/583/642
f 2630/572/630 2629/562/629 2638/584/638 2639/585/639
f 2637/574/637 2636/566/636 2645/581/645 2646/586/646
f 2634/576/634 2633/570/633 2642/583/642 2643/587/643
f 2631/578/631 2630/572/630 2639/585/639 2640/588/640
f 2674/589/673 2637/574/637 2646/586/646
f 2635/565/635 2634/576/634 2643/587/643 2644/580/644
f 2632/569/632 2631/578/631 2640/588/640 2641/582/641
f 2629/562/629 2675/590/674 2638/584/638
f 2641/582/641 2640/588/640 2649/591/649 2650/592/650
f 2638/584/638 2675/593/674 2647/594/647
f 2645/581/645 2644/580/644 2653/595/653 2654/596/654
f 2642/583/642 2641/582/641 2650/592/650 2651/597/651
f 2639/585/639 2638/584/638 2647/594/647 2648/598/648
f 2646/586/646 2645/581/645 2654/596/654 2655/599/655
f 2643/587/643 2642/583/642 2651/597/651 2652/600/652
f 2640/588/640 2639/585/639 2648/598/648 2649/591/649
f 2674/601/673 2646/586/646 2655/599/655
f 2644/580/644 2643/587/643 2652/600/652 2653/595/653
f 2653/595/653 2652/600/652 2661/602/660 2662/603/661
f 2650/592/650 2649/591/649 2658/604/658 2659/605/659
f 2647/594/647 2675/606/674 2656/607/656
f 2654/596/654 2653/595/653 2662/603/661 2663/608/662
f 2651/597/651 2650/592/650 2659/605/659 2660/609/514
f 2648/598/648 2647/594/647 2656/607/656 2657/610/657
f 2655/599/655 2654/596/654 2663/608/662 2664/611/663
f 2652/600/652 2651/597/651 2660/609/514 2661/602/660
f 2649/591/649 2648/598/648 2657/610/657 2658/604/658
f 2674/612/673 2655/599/655 2664/611/663
f 2658/604/658 2657/610/657 2666/613/665 2667/614/666
f 2674/615/673 2664/611/663 2673/616/672
f 2662/603/661 2661/602/660 2670/617/669 2671/618/670
f 2659/605/659 2658/604/658 2667/614/666 2668/619/667
f 2656/607/656 2675/620/674 2665/621/664
f 2663/608/662 2662/603/661 2671/618/670 2672/622/671
f 2660/609/514 2659/605/659 2668/619/667 2669/623/668
f 2657/610/657 2656/607/656 2665/621/664 2666/613/665
f 2664/611/663 2663/608/662 2672/622/671 2673/616/672
f 2661/602/660 2660/609/514 2669/623/668 2670/617/669
f 2673/616/672 2672/622/671 2683/624/682 2684/625/683
f 2670/617/669 2669/623/668 2680/626/679 2681/627/680
f 2667/614/666 2666/613/665 2677/628/676 2678/629/677
f 2674/630/673 2673/616/672 2684/625/683
f 2671/618/670 2670/617/669 2681/627/680 2682/631/681
f 2668/619/667 2667/614/666 2678/629/677 2679/632/678
f 2665/621/664 2675/633/674 2676/634/675
f 2672/622/671 2671/618/670 2682/631/681 2683/624/682
f 2669/623/668 2668/619/667 2679/632/678 2680/626/679
f 2666/613/665 2665/621/664 2676/634/675 2677/628/676
f 2680/635/679 2679/636/678 2688/637/687 2689/638/688
f 2677/639/676 2676/640/675 2685/641/684 2686/642/685
f 2684/643/683 2683/644/682 2692/645/691 2693/646/692
f 2681/647/680 2680/635/679 2689/638/688 2690/648/689
f 2678/649/677 2677/639/676 2686/642/685 2687/650/686
f 2674/651/673 2684/643/683 2693/646/692
f 2682/652/681 2681/647/680 2690/648/689 2691/653/690
f 2679/636/678 2678/649/677 2687/650/686 2688/637/687
f 2676/640/675 2675/654/674 2685/641/684
f 2683/644/682 2682/652/681 2691/653/690 2692/645/691
f 2685/641/684 2675/655/674 2694/560/693
f 2692/645/691 2691/653/690 2700/564/698 2701/563/699
f 2689/638/688 2688/637/687 2697/568/696 2698/567/552
f 2686/642/685 2685/641/684 2694/560/693 2695/571/694
f 2693/646/692 2692/645/691 2701/563/699 2702/573/700
f 2690/648/689 2689/638/688 2698/567/552 2699/575/697
f 2687/650/686 2686/642/685 2695/571/694 2696/577/695
f 2674/656/673 2693/646/692 2702/573/700
f 2691/653/690 2690/648/689 2699/575/697 2700/564/698
f 2688/637/687 2687/650/686 2696/577/695 2697/568/696
f 2768/560/693 2749/561/674 2703/562/629
f 2775/563/699 2774/564/698 2709/565/635 2710/566/636
f 2772/567/552 2771/568/696 2706/569/632 2707/570/633
f 2769/571/694 2768/560/693 2703/562/629 2704/572/630
f 2776/573/700 2775/563/699 2710/566/636 2711/574/637
f 2773/575/697 2772/567/552 2707/570/633 2708/576/634
f 2770/577/695 2769/571/694 2704/572/630 2705/578/631
f 2748/579/673 2776/573/700 2711/574/637
f 2774/564/698 2773/575/697 2708/576/634 2709/565/635
f 2771/568/696 2770/577/695 2705/578/631 2706/569/632
f 2710/566/636 2709/565/635 2718/580/644 2719/581/645
f 2707/570/633 2706/569/632 2715/582/641 2716/583/642
f 2704/572/630 2703/562/629 2712/584/638 2713/585/639
f 2711/574/637 2710/566/636 2719/581/645 2720/586/646
f 2708/576/634 2707/570/633 2716/583/642 2717/587/643
f 2705/578/631 2704/572/630 2713/585/639 2714/588/640
f 2748/589/673 2711/574/637 2720/586/646
f 2709/565/635 2708/576/634 2717/587/643 2718/580/644
f 2706/569/632 2705/578/631 2714/588/640 2715/582/641
f 2703/562/629 2749/590/674 2712/584/638
f 2715/582/641 2714/588/640 2723/591/649 2724/592/650
f 2712/584/638 2749/593/674 2721/594/647
f 2719/581/645 2718/580/644 2727/595/653 2728/596/654
f 2716/583/642 2715/582/641 2724/592/650 2725/597/651
f 2713/585/639 2712/584/638 2721/594/647 2722/598/648
f 2720/586/646 2719/581/645 2728/596/654 2729/599/655
f 2717/587/643 2716/583/642 2725/597/651 2726/600/652
f 2714/588/640 2713/585/639 2722/598/648 2723/591/649
f 2748/601/673 2720/586/646 2729/599/655
f 2718/580/644 2717/587/643 2726/600/652 2727/595/653
f 2727/595/653 2726/600/652 2735/602/660 2736/603/661
f 2724/592/650 2723/591/649 2732/604/658 2733/605/659
f 2721/594/647 2749/606/674 2730/607/656
f 2728/596/654 2727/595/653 2736/603/661 2737/608/662
f 2725/597/651 2724/592/650 2733/605/659 2734/609/514
f 2722/598/648 2721/594/647 2730/607/656 2731/610/657
f 2729/599/655 2728/596/654 2737/608/662 2738/611/663
f 2726/600/652 2725/597/651 2734/609/514 2735/602/660
f 2723/591/649 2722/598/648 2731/610/657 2732/604/658
f 2748/612/673 2729/599/655 2738/611/663
f 2732/604/658 2731/610/657 2740/613/665 2741/614/666
f 2748/615/673 2738/611/663 2747/616/672
f 2736/603/661 2735/602/660 2744/617/669 2745/618/670
f 2733/605/659 2732/604/658 2741/614/666 2742/619/667
f 2730/607/656 2749/620/674 2739/621/664
f 2737/608/662 2736/603/661 2745/618/670 2746/622/671
f 2734/609/514 2733/605/659 2742/619/667 2743/623/668
f 2731/610/657 2730/607/656 2739/621/664 2740/613/665
f 2738/611/663 2737/608/662 2746/622/671 2747/616/672
f 2735/602/660 2734/609/514 2743/623/668 2744/617/669
f 2747/616/672 2746/622/671 2757/624/682 2758/625/683
f 2744/617/669 2743/623/668 2754/626/679 2755/627/680
f 2741/614/666 2740/613/665 2751/628/676 2752/629/677
f 2748/630/673 2747/616/672 2758/625/683
f 2745/618/670 2744/617/669 2755/627/680 2756/631/681
f 2742/619/667 2741/614/666 2752/629/677 2753/632/678
f 2739/621/664 2749/633/674 2750/634/675
f 2746/622/671 2745/618/670 2756/631/681 2757/624/682
f 2743/623/668 2742/619/667 2753/632/678 2754/626/679
f 2740/613/665 2739/621/664 2750/634/675 2751/628/676
f 2754/635/679 2753/636/678 2762/637/687 2763/638/688
f 2751/639/676 2750/640/675 2759/641/684 2760/642/685
f 2758/643/683 2757/644/682 2766/645/691 2767/646/692
f 2755/647/680 2754/635/679 2763/638/688 2764/648/689
f 2752/649/677 2751/639/676 2760/642/685 2761/650/686
f 2748/651/673 2758/643/683 2767/646/692
f 2756/652/681 2755/647/680 2764/648/689 2765/653/690
f 2753/636/678 2752/649/677 2761/650/686 2762/637/687
f 2750/640/675 2749/654/674 2759/641/684
f 2757/644/682 2756/652/681 2765/653/690 2766/645/691
f 2759/641/684 2749/655/674 2768/560/693
f 2766/645/691 2765/653/690 2774/564/698 2775/563/699
f 2763/638/688 2762/637/687 2771/568/696 2772/567/552
f 2760/642/685 2759/641/684 2768/560/693 2769/571/694
f 2767/646/692 2766/645/691 2775/563/699 2776/573/700
f 2764/648/689 2763/638/688 2772/567/552 2773/575/697
f 2761/650/686 2760/642/685 2769/571/694 2770/577/695
f 2748/656/673 2767/646/692 2776/573/700
f 2765/653/690 2764/648/689 2773/575/697 2774/564/698
f 2762/637/687 2761/650/686 2770/577/695 2771/568/696
f 2842/560/693 2823/561/674 2777/562/629
f 2849/563/699 2848/564/698 2783/565/635 2784/566/636
f 2846/567/552 2845/568/696 2780/569/632 2781/570/633
f 2843/571/694 2842/560/693 2777/562/629 2778/572/630
f 2850/573/700 2849/563/699 2784/566/636 2785/574/637
f 2847/575/697 2846/567/552 2781/570/633 2782/576/634
f 2844/577/695 2843/571/694 2778/572/630 2779/578/631
f 2822/579/673 2850/573/700 2785/574/637
f 2848/564/698 2847/575/697 2782/576/634 2783/565/635
f 2845/568/696 2844/577/695 2779/578/631 2780/569/632
f 2784/566/636 2783/565/635 2792/580/644 2793/581/645
f 2781/570/633 2780/569/632 2789/582/641 2790/583/642
f 2778/572/630 2777/562/629 2786/584/638 2787/585/639
f 2785/574/637 2784/566/636 2793/581/645 2794/586/646
f 2782/576/634 2781/570/633 2790/583/642 2791/587/643
f 2779/578/631 2778/572/630 2787/585/639 2788/588/640
f 2822/589/673 2785/574/637 2794/586/646
f 2783/565/635 2782/576/634 2791/587/643 2792/580/644
f 2780/569/632 2779/578/631 2788/588/640 2789/582/641
f 2777/562/629 2823/590/674 2786/584/638
f 2789/582/641 2788/588/640 2797/591/649 2798/592/650
f 2786/584/638 2823/593/674 2795/594/647
f 2793/581/645 2792/580/644 2801/595/653 2802/596/654
f 2790/583/642 2789/582/641 2798/592/650 2799/597/651
f 2787/585/639 2786/584/638 2795/594/647 2796/598/648
f 2794/586/646 2793/581/645 2802/596/654 2803/599/655
f 2791/587/643 2790/583/642 2799/597/651 2800/600/652
f 2788/588/640 2787/585/639 2796/598/648 2797/591/649
f 2822/601/673 2794/586/646 2803/599/655
f 2792/580/644 2791/587/643 2800/600/652 2801/595/653
f 2801/595/653 2800/600/652 2809/602/660 2810/603/661
f 2798/592/650 2797/591/649 2806/604/658 2807/605/659
f 2795/594/647 2823/606/674 2804/607/656
f 2802/596/654 2801/595/653 2810/603/661 2811/608/662
f 2799/597/651 2798/592/650 2807/605/659 2808/609/514
f 2796/598/648 2795/594/647 2804/607/656 2805/610/657
f 2803/599/655 2802/596/654 2811/608/662 2812/611/663
f 2800/600/652 2799/597/651 2808/609/514 2809/602/660
f 2797/591/649 2796/598/648 2805/610/657 2806/604/658
f 2822/612/673 2803/599/655 2812/611/663
f 2806/604/658 2805/610/657 2814/613/665 2815/614/666
f 2822/615/673 2812/611/663 2821/616/672
f 2810/603/661 2809/602/660 2818/617/669 2819/618/670
f 2807/605/659 2806/604/658 2815/614/666 2816/619/667
f 2804/607/656 2823/620/674 2813/621/664
f 2811/608/662 2810/603/661 2819/618/670 2820/622/671
f 2808/609/514 2807/605/659 2816/619/667 2817/623/668
f 2805/610/657 2804/607/656 2813/621/664 2814/613/665
f 2812/611/663 2811/608/662 2820/622/671 2821/616/672
f 2809/602/660 2808/609/514 2817/623/668 2818/617/669
f 2821/616/672 2820/622/671 2831/624/682 2832/625/683
f 2818/617/669 2817/623/668 2828/626/679 2829/627/680
f 2815/614/666 2814/613/665 2825/628/676 2826/629/677
f 2822/630/673 2821/616/672 2832/625/683
f 2819/618/670 2818/617/669 2829/627/680 2830/631/681
f 2816/619/667 2815/614/666 2826/629/677 2827/632/678
f 2813/621/664 2823/633/674 2824/634/675
f 2820/622/671 2819/618/670 2830/631/681 2831/624/682
f 2817/623/668 2816/619/667 2827/632/678 2828/626/679
f 2814/613/665 2813/621/664 2824/634/675 2825/628/676
f 2828/635/679 2827/636/678 2836/637/687 2837/638/688
f 2825/639/676 2824/640/675 2833/641/684 2834/642/685
f 2832/643/683 2831/644/682 2840/645/691 2841/646/692
f 2829/647/680 2828/635/679 2837/638/688 2838/648/689
f 2826/649/677 2825/639/676 2834/642/685 2835/650/686
f 2822/651/673 2832/643/683 2841/646/692
f 2830/652/681 2829/647/680 2838/648/689 2839/653/690
f 2827/636/678 2826/649/677 2835/650/686 2836/637/687
f 2824/640/675 2823/654/674 2833/641/684
f 2831/644/682 2830/652/681 2839/653/690 2840/645/691
f 2833/641/684 2823/655/674 2842/560/693
f 2840/645/691 2839/653/690 2848/564/698 2849/563/699
f 2837/638/688 2836/637/687 2845/568/696 2846/567/552
f 2834/642/685 2833/641/684 2842/560/693 2843/571/694
f 2841/646/692 2840/645/691 2849/563/699 2850/573/700
f 2838/648/689 2837/638/688 2846/567/552 2847/575/697
f 2835/650/686 2834/642/685 2843/571/694 2844/577/695
f 2822/656/673 2841/646/692 2850/573/700
f 2839/653/690 2838/648/689 2847/575/697 2848/564/698
f 2836/637/687 2835/650/686 2844/577/695 2845/568/696
f 2916/560/693 2897/561/674 2851/562/629
f 2923/563/699 2922/564/698 2857/565/635 2858/566/636
f 2920/567/552 2919/568/696 2854/569/632 2855/570/633
f 2917/571/694 2916/560/693 2851/562/629 2852/572/630
f 2924/573/700 2923/563/699 2858/566/636 2859/574/637
f 2921/575/697 2920/567/552 2855/570/633 2856/576/634
f 2918/577/695 2917/571/694 2852/572/630 2853/578/631
f 2896/579/673 2924/573/700 2859/574/637
f 2922/564/698 2921/575/697 2856/576/634 2857/565/635
f 2919/568/696 2918/577/695 2853/578/631 2854/569/632
f 2858/566/636 2857/565/635 2866/580/644 2867/581/645
f 2855/570/633 2854/569/632 2863/582/641 2864/583/642
f 2852/572/630 2851/562/629 2860/584/638 2861/585/639
f 2859/574/637 2858/566/636 2867/581/645 2868/586/646
f 2856/576/634 2855/570/633 2864/583/642 2865/587/643
f 2853/578/631 2852/572/630 2861/585/639 2862/588/640
f 2896/589/673 2859/574/637 2868/586/646
f 2857/565/635 2856/576/634 2865/587/643 2866/580/644
f 2854/569/632 2853/578/631 2862/588/640 2863/582/641
f 2851/562/629 2897/590/674 2860/584/638
f 2863/582/641 2862/588/640 2871/591/649 2872/592/650
f 2860/584/638 2897/593/674 2869/594/647
f 2867/581/645 2866/580/644 2875/595/653 2876/596/654
f 2864/583/642 2863/582/641 2872/592/650 2873/597/651
f 2861/585/639 2860/584/638 2869/594/647 2870/598/648
f 2868/586/646 2867/581/645 2876/596/654 2877/599/655
f 2865/587/643 2864/583/642 2873/597/651 2874/600/652
f 2862/588/640 2861/585/639 2870/598/648 2871/591/649
f 2896/601/673 2868/586/646 2877/599/655
f 2866/580/644 2865/587/643 2874/600/652 2875/595/653
f 2875/595/653 2874/600/652 2883/602/660 2884/603/661
f 2872/592/650 2871/591/649 2880/604/658 2881/605/659
f 2869/594/647 2897/606/674 2878/607/656
f 2876/596/654 2875/595/653 2884/603/661 2885/608/662
f 2873/597/651 2872/592/650 2881/605/659 2882/609/514
f 2870/598/648 2869/594/647 2878/607/656 2879/610/657
f 2877/599/655 2876/596/654 2885/608/662 2886/611/663
f 2874/600/652 2873/597/651 2882/609/514 2883/602/660
f 2871/591/649 2870/598/648 2879/610/657 2880/604/658
f 2896/612/673 2877/599/655 2886/611/663
f 2880/604/658 2879/610/657 2888/613/665 2889/614/666
f 2896/615/673 2886/611/663 2895/616/672
f 2884/603/661 2883/602/660 2892/617/669 2893/618/670
f 2881/605/659 2880/604/658 2889/614/666 2890/619/667
f 2878/607/656 2897/620/674 2887/621/664
f 2885/608/662 2884/603/661 2893/618/670 2894/622/671
f 2882/609/514 2881/605/659 2890/619/667 2891/623/668
f 2879/610/657 2878/607/656 2887/621/664 2888/613/665
f 2886/611/663 2885/608/662 2894/622/671 2895/616/672
f 2883/602/660 2882/609/514 2891/623/668 2892/617/669
f 2895/616/672 2894/622/671 2905/624/682 2906/625/683
f 2892/617/669 2891/623/668 2902/626/679 2903/627/680
f 2889/614/666 2888/613/665 2899/628/676 2900/629/677
f 2896/630/673 2895/616/672 2906/625/683
f 2893/618/670 2892/617/669 2903/627/680 2904/631/681
f 2890/619/667 2889/614/666 2900/629/677 2901/632/678
f 2887/621/664 2897/633/674 2898/634/675
f 2894/622/671 2893/618/670 2904/631/681 2905/624/682
f 2891/623/668 2890/619/667 2901/632/678 2902/626/679
f 2888/613/665 2887/621/664 2898/634/675 2899/628/676
f 2902/635/679 2901/636/678 2910/637/687 2911/638/688
f 2899/639/676 2898/640/675 2907/641/684 2908/642/685
f 2906/643/683 2905/644/682 2914/645/691 2915/646/692
f 2903/647/680 2902/635/679 2911/638/688 2912/648/689
f 2900/649/677 2899/639/676 2908/642/685 2909/650/686
f 2896/651/673 2906/643/683 2915/646/692
f 2904/652/681 2903/647/680 2912/648/689 2913/653/690
f 2901/636/678 2900/649/677 2909/650/686 2910/637/687
f 2898/640/675 2897/654/674 2907/641/684
f 2905/644/682 2904/652/681 2913/653/690 2914/645/691
f 2907/641/684 2897/655/674 2916/560/693
f 2914/645/691 2913/653/690 2922/564/698 2923/563/699
f 2911/638/688 2910/637/687 2919/568/696 2920/567/552
f 2908/642/685 2907/641/684 2916/560/693 2917/571/694
f 2915/646/692 2914/645/691 2923/563/699 2924/573/700
f 2912/648/689 2911/638/688 2920/567/552 2921/575/697
f 2909/650/686 2908/642/685 2917/571/694 2918/577/695
f 2896/656/673 2915/646/692 2924/573/700
f 2913/653/690 2912/648/689 2921/575/697 2922/564/698
f 2910/637/687 2909/650/686 2918/577/695 2919/568/696
f 2990/560/693 2971/561/674 2925/562/629
f 2997/563/699 2996/564/698 2931/565/635 2932/566/636
f 2994/567/552 2993/568/696 2928/569/632 2929/570/633
f 2991/571/694 2990/560/693 2925/562/629 2926/572/630
f 2998/573/700 2997/563/699 2932/566/636 2933/574/637
f 2995/575/697 2994/567/552 2929/570/633 2930/576/634
f 2992/577/695 2991/571/694 2926/572/630 2927/578/631
f 2970/579/673 2998/573/700 2933/574/637
f 2996/564/698 2995/575/697 2930/576/634 2931/565/635
f 2993/568/696 2992/577/695 2927/578/631 2928/569/632
f 2932/566/636 2931/565/635 2940/580/644 2941/581/645
f 2929/570/633 2928/569/632 2937/582/641 2938/583/642
f 2926/572/630 2925/562/629 2934/584/638 2935/585/639
f 2933/574/637 2932/566/636 2941/581/645 2942/586/646
f 2930/576/634 2929/570/633 2938/583/642 2939/587/643
f 2927/578/631 2926/572/630 2935/585/639 2936/588/640
f 2970/589/673 2933/574/637 2942/586/646
f 2931/565/635 2930/576/634 2939/587/643 2940/580/644
f 2928/569/632 2927/578/631 2936/588/640 2937/582/641
f 2925/562/629 2971/590/674 2934/584/638
f 2937/582/641 2936/588/640 2945/591/649 2946/592/650
f 2934/584/638 2971/593/674 2943/594/647
f 2941/581/645 2940/580/644 2949/595/653 2950/596/654
f 2938/583/642 2937/582/641 2946/592/650 2947/597/651
f 2935/585/639 2934/584/638 2943/594/647 2944/598/648
f 2942/586/646 2941/581/645 2950/596/654 2951/599/655
f 2939/587/643 2938/583/642 2947/597/651 2948/600/652
f 2936/588/640 2935/585/639 2944/598/648 2945/591/649
f 2970/601/673 2942/586/646 2951/599/655
f 2940/580/644 2939/587/643 2948/600/652 2949/595/653
f 2949/595/653 2948/600/652 2957/602/660 2958/603/661
f 2946/592/650 2945/591/649 2954/604/658 2955/605/659
f 2943/594/647 2971/606/674 2952/607/656
f 2950/596/654 2949/595/653 2958/603/661 2959/608/662
f 2947/597/651 2946/592/650 2955/605/659 2956/609/514
f 2944/598/648 2943/594/647 2952/607/656 2953/610/657
f 2951/599/655 2950/596/654 2959/608/662 2960/611/663
f 2948/600/652 2947/597/651 2956/609/514 2957/602/660
f 2945/591/649 2944/598/648 2953/610/657 2954/604/658
f 2970/612/673 2951/599/655 2960/611/663
f 2954/604/658 2953/610/657 2962/613/665 2963/614/666
f 2970/615/673 2960/611/663 2969/616/672
f 2958/603/661 2957/602/660 2966/617/669 2967/618/670
f 2955/605/659 2954/604/658 2963/614/666 2964/619/667
f 2952/607/656 2971/620/674 2961/621/664
f 2959/608/662 2958/603/661 2967/618/670 2968/622/671
f 2956/609/514 2955/605/659 2964/619/667 2965/623/668
f 2953/610/657 2952/607/656 2961/621/664 2962/613/665
f 2960/611/663 2959/608/662 2968/622/671 2969/616/672
f 2957/602/660 2956/609/514 2965/623/668 2966/617/669
f 2969/616/672 2968/622/671 2979/624/682 2980/625/683
f 2966/617/669 2965/623/668 2976/626/679 2977/627/680
f 2963/614/666 2962/613/665 2973/628/676 2974/629/677
f 2970/630/673 2969/616/672 2980/625/683
f 2967/618/670 2966/617/669 2977/627/680 2978/631/681
f 2964/619/667 2963/614/666 2974/629/677 2975/632/678
f 2961/621/664 2971/633/674 2972/634/675
f 2968/622/671 2967/618/670 2978/631/681 2979/624/682
f 2965/623/668 2964/619/667 2975/632/678 2976/626/679
f 2962/613/665 2961/621/664 2972/634/675 2973/628/676
f 2976/635/679 2975/636/678 2984/637/687 2985/638/688
f 2973/639/676 2972/640/675 2981/641/684 2982/642/685
f 2980/643/683 2979/644/682 2988/645/691 2989/646/692
f 2977/647/680 2976/635/679 2985/638/688 2986/648/689
f 2974/649/677 2973/639/676 2982/642/685 2983/650/686
f 2970/651/673 2980/643/683 2989/646/692
f 2978/652/681 2977/647/680 2986/648/689 2987/653/690
f 2975/636/678 2974/649/677 2983/650/686 2984/637/687
f 2972/640/675 2971/654/674 2981/641/684
f 2979/644/682 2978/652/681 2987/653/690 2988/645/691
f 2981/641/684 2971/655/674 2990/560/693
f 2988/645/691 2987/653/690 2996/564/698 2997/563/699
f 2985/638/688 2984/637/687 2993/568/696 2994/567/552
f 2982/642/685 2981/641/684 2990/560/693 2991/571/694
f 2989/646/692 2988/645/691 2997/563/699 2998/573/700
f 2986/648/689 2985/638/688 2994/567/552 2995/575/697
f 2983/650/686 2982/642/685 2991/571/694 2992/577/695
f 2970/656/673 2989/646/692 2998/573/700
f 2987/653/690 2986/648/689 2995/575/697 2996/564/698
f 2984/637/687 2983/650/686 2992/577/695 2993/568/696
f 3064/560/693 3045/561/674 2999/562/629
f 3071/563/699 3070/564/698 3005/565/635 3006/566/636
f 3068/567/552 3067/568/696 3002/569/632 3003/570/633
f 3065/571/694 3064/560/693 2999/562/629 3000/572/630
f 3072/573/700 3071/563/699 3006/566/636 3007/574/637
f 3069/575/697 3068/567/552 3003/570/633 3004/576/634
f 3066/577/695 3065/571/694 3000/572/630 3001/578/631
f 3044/579/673 3072/573/700 3007/574/637
f 3070/564/698 3069/575/697 3004/576/634 3005/565/635
f 3067/568/696 3066/577/695 3001/578/631 3002/569/632
f 3006/566/636 3005/565/635 3014/580/644 3015/581/645
f 3003/570/633 3002/569/632 3011/582/641 3012/583/642
f 3000/572/630 2999/562/629 3008/584/638 3009/585/639
f 3007/574/637 3006/566/636 3015/581/645 3016/586/646
f 3004/576/634 3003/570/633 3012/583/642 3013/587/643
f 3001/578/631 3000/572/630 3009/585/639 3010/588/640
f 3044/589/673 3007/574/637 3016/586/646
f 3005/565/635 3004/576/634 3013/587/643 3014/580/644
f 3002/569/632 3001/578/631 3010/588/640 3011/582/641
f 2999/562/629 3045/590/674 3008/584/638
f 3011/582/641 3010/588/640 3019/591/649 3020/592/650
f 3008/584/638 3045/593/674 3017/594/647
f 3015/581/645 3014/580/644 3023/595/653 3024/596/654
f 3012/583/642 3011/582/641 3020/592/650 3021/597/651
f 3009/585/639 3008/584/638 3017/594/647 3018/598/648
f 3016/586/646 3015/581/645 3024/596/654 3025/599/655
f 3013/587/643 3012/583/642 3021/597/651 3022/600/652
f 3010/588/640 3009/585/639 3018/598/648 3019/591/649
f 3044/601/673 3016/586/646 3025/599/655
f 3014/580/644 3013/587/643 3022/600/652 3023/595/653
f 3023/595/653 3022/600/652 3031/602/660 3032/603/661
f 3020/592/650 3019/591/649 3028/604/658 3029/605/659
f 3017/594/647 3045/606/674 3026/607/656
f 3024/596/654 3023/595/653 3032/603/661 3033/608/662
f 3021/597/651 3020/592/650 3029/605/659 3030/609/514
f 3018/598/648 3017/594/647 3026/607/656 3027/610/657
f 3025/599/655 3024/596/654 3033/608/662 3034/611/663
f 3022/600/652 3021/597/651 3030/609/514 3031/602/660
f 3019/591/649 3018/598/648 3027/610/657 3028/604/658
f 3044/612/673 3025/599/655 3034/611/663
f 3028/604/658 3027/610/657 3036/613/665 3037/614/666
f 3044/615/673 3034/611/663 3043/616/672
f 3032/603/661 3031/602/660 3040/617/669 3041/618/670
f 3029/605/659 3028/604/658 3037/614/666 3038/619/667
f 3026/607/656 3045/620/674 3035/621/664
f 3033/608/662 3032/603/661 3041/618/670 3042/622/671
f 3030/609/514 3029/605/659 3038/619/667 3039/623/668
f 3027/610/657 3026/607/656 3035/621/664 3036/613/665
f 3034/611/663 3033/608/662 3042/622/671 3043/616/672
f 3031/602/660 3030/609/514 3039/623/668 3040/617/669
f 3043/616/672 3042/622/671 3053/624/682 3054/625/683
f 3040/617/669 3039/623/668 3050/626/679 3051/627/680
f 3037/614/666 3036/613/665 3047/628/676 3048/629/677
f 3044/630/673 3043/616/672 3054/625/683
f 3041/618/670 3040/617/669 3051/627/680 3052/631/681
f 3038/619/667 3037/614/666 3048/629/677 3049/632/678
f 3035/621/664 3045/633/674 3046/634/675
f 3042/622/671 3041/618/670 3052/631/681 3053/624/682
f 3039/623/668 3038/619/667 3049/632/678 3050/626/679
f 3036/613/665 3035/621/664 3046/634/675 3047/628/676
f 3050/635/679 3049/636/678 3058/637/687 3059/638/688
f 3047/639/676 3046/640/675 3055/641/684 3056/642/685
f 3054/643/683 3053/644/682 3062/645/691 3063/646/692
f 3051/647/680 3050/635/679 3059/638/688 3060/648/689
f 3048/649/677 3047/639/676 3056/642/685 3057/650/686
f 3044/651/673 3054/643/683 3063/646/692
f 3052/652/681 3051/647/680 3060/648/689 3061/653/690
f 3049/636/678 3048/649/677 3057/650/686 3058/637/687
f 3046/640/675 3045/654/674 3055/641/684
f 3053/644/682 3052/652/681 3061/653/690 3062/645/691
f 3055/641/684 3045/655/674 3064/560/693
f 3062/645/691 3061/653/690 3070/564/698 3071/563/699
f 3059/638/688 3058/637/687 3067/568/696 3068/567/552
f 3056/642/685 3055/641/684 3064/560/693 3065/571/694
f 3063/646/692 3062/645/691 3071/563/699 3072/573/700
f 3060/648/689 3059/638/688 3068/567/552 3069/575/697
f 3057/650/686 3056/642/685 3065/571/694 3066/577/695
f 3044/656/673 3063/646/692 3072/573/700
f 3061/653/690 3060/648/689 3069/575/697 3070/564/698
f 3058/637/687 3057/650/686 3066/577/695 3067/568/696
f 3138/560/693 3119/561/674 3073/562/629
f 3145/563/699 3144/564/698 3079/565/635 3080/566/636
f 3142/567/552 3141/568/696 3076/569/632 3077/570/633
f 3139/571/694 3138/560/693 3073/562/629 3074/572/630
f 3146/573/700 3145/563/699 3080/566/636 3081/574/637
f 3143/575/697 3142/567/552 3077/570/633 3078/576/634
f 3140/577/695 3139/571/694 3074/572/630 3075/578/631
f 3118/579/673 3146/573/700 3081/574/637
f 3144/564/698 3143/575/697 3078/576/634 3079/565/635
f 3141/568/696 3140/577/695 3075/578/631 3076/569/632
f 3080/566/636 3079/565/635 3088/580/644 3089/581/645
f 3077/570/633 3076/569/632 3085/582/641 3086/583/642
f 3074/572/630 3073/562/629 3082/584/638 3083/585/639
f 3081/574/637 3080/566/636 3089/581/645 3090/586/646
f 3078/576/634 3077/570/633 3086/583/642 3087/587/643
f 3075/578/631 3074/572/630 3083/585/639 3084/588/640
f 3118/589/673 3081/574/637 3090/586/646
f 3079/565/635 3078/576/634 3087/587/643 3088/580/644
f 3076/569/632 3075/578/631 3084/588/640 3085/582/641
f 3073/562/629 3119/590/674 3082/584/638
f 3085/582/641 3084/588/640 3093/591/649 3094/592/650
f 3082/584/638 3119/593/674 3091/594/647
f 3089/581/645 3088/580/644 3097/595/653 3098/596/654
f 3086/583/642 3085/582/641 3094/592/650 3095/597/651
f 3083/585/639 3082/584/638 3091/594/647 3092/598/648
f 3090/586/646 3089/581/645 3098/596/654 3099/599/655
f 3087/587/643 3086/583/642 3095/597/651 3096/600/652
f 3084/588/640 3083/585/639 3092/598/648 3093/591/649
f 3118/601/673 3090/586/646 3099/599/655
f 3088/580/644 3087/587/643 3096/600/652 3097/595/653
f 3097/595/653 3096/600/652 3105/602/660 3106/603/661
f 3094/592/650 3093/591/649 3102/604/658 3103/605/659
f 3091/594/647 3119/606/674 3100/607/656
f 3098/596/654 3097/595/653 3106/603/661 3107/608/662
f 3095/597/651 3094/592/650 3103/605/659 3104/609/514
f 3092/598/648 3091/594/647 3100/607/656 3101/610/657
f 3099/599/655 3098/596/654 3107/608/662 3108/611/663
f 3096/600/652 3095/597/651 3104/609/514 3105/602/660
f 3093/591/649 3092/598/648 3101/610/657 3102/604/658
f 3118/612/673 3099/599/655 3108/611/663
f 3102/604/658 3101/610/657 3110/613/665 3111/614/666
f 3118/615/673 3108/611/663 3117/616/672
f 3106/603/661 3105/602/660 3114/617/669 3115/618/670
f 3103/605/659 3102/604/658 3111/614/666 3112/619/667
f 3100/607/656 3119/620/674 3109/621/664
f 3107/608/662 3106/603/661 3115/618/670 3116/622/671
f 3104/609/514 3103/605/659 3112/619/667 3113/623/668
f 3101/610/657 3100/607/656 3109/621/664 3110/613/665
f 3108/611/663 3107/608/662 3116/622/671 3117/616/672
f 3105/602/660 3104/609/514 3113/623/668 3114/617/669
f 3117/616/672 3116/622/671 3127/624/682 3128/625/683
f 3114/617/669 3113/623/668 3124/626/679 3125/627/680
f 3111/614/666 3110/613/665 3121/628/676 3122/629/677
f 3118/630/673 3117/616/672 3128/625/683
f 3115/618/670 3114/617/669 3125/627/680 3126/631/681
f 3112/619/667 3111/614/666 3122/629/677 3123/632/678
f 3109/621/664 3119/633/674 3120/634/675
f 3116/622/671 3115/618/670 3126/631/681 3127/624/682
f 3113/623/668 3112/619/667 3123/632/678 3124/626/679
f 3110/613/665 3109/621/664 3120/634/675 3121/628/676
f 3124/635/679 3123/636/678 3132/637/687 3133/638/688
f 3121/639/676 3120/640/675 3129/641/684 3130/642/685
f 3128/643/683 3127/644/682 3136/645/691 3137/646/692
f 3125/647/680 3124/635/679 3133/638/688 3134/648/689
f 3122/649/677 3121/639/676 3130/642/685 3131/650/686
f 3118/651/673 3128/643/683 3137/646/692
f 3126/652/681 3125/647/680 3134/648/689 3135/653/690
f 3123/636/678 3122/649/677 3131/650/686 3132/637/687
f 3120/640/675 3119/654/674 3129/641/684
f 3127/644/682 3126/652/681 3135/653/690 3136/645/691
f 3129/641/684 3119/655/674 3138/560/693
f 3136/645/691 3135/653/690 3144/564/698 3145/563/699
f 3133/638/688 3132/637/687 3141/568/696 3142/567/552
f 3130/642/685 3129/641/684 3138/560/693 3139/571/694
f 3137/646/692 3136/645/691 3145/563/699 3146/573/700
f 3134/648/689 3133/638/688 3142/567/552 3143/575/697
f 3131/650/686 3130/642/685 3139/571/694 3140/577/695
f 3118/656/673 3137/646/692 3146/573/700
f 3135/653/690 3134/648/689 3143/575/697 3144/564/698
f 3132/637/687 3131/650/686 3140/577/695 3141/568/696
f 3212/560/693 3193/561/674 3147/562/629
f 3219/563/699 3218/564/698 3153/565/635 3154/566/636
f 3216/567/552 3215/568/696 3150/569/632 3151/570/633
f 3213/571/694 3212/560/693 3147/562/629 3148/572/630
f 3220/573/700 3219/563/699 3154/566/636 3155/574/637
f 3217/575/697 3216/567/552 3151/570/633 3152/576/634
f 3214/577/695 3213/571/694 3148/572/630 3149/578/631
f 3192/579/673 3220/573/700 3155/574/637
f 3218/564/698 3217/575/697 3152/576/634 3153/565/635
f 3215/568/696 3214/577/695 3149/578/631 3150/569/632
f 3154/566/636 3153/565/635 3162/580/644 3163/581/645
f 3151/570/633 3150/569/632 3159/582/641 3160/583/642
f 3148/572/630 3147/562/629 3156/584/638 3157/585/639
f 3155/574/637 3154/566/636 3163/581/645 3164/586/646
f 3152/576/634 3151/570/633 3160/583/642 3161/587/643
f 3149/578/631 3148/572/630 3157/585/639 3158/588/640
f 3192/589/673 3155/574/637 3164/586/646
f 3153/565/635 3152/576/634 3161/587/643 3162/580/644
f 3150/569/632 3149/578/631 3158/588/640 3159/582/641
f 3147/562/629 3193/590/674 3156/584/638
f 3159/582/641 3158/588/640 3167/591/649 3168/592/650
f 3156/584/638 3193/593/674 3165/594/647
f 3163/581/645 3162/580/644 3171/595/653 3172/596/654
f 3160/583/642 3159/582/641 3168/592/650 3169/597/651
f 3157/585/639 3156/584/638 3165/594/647 3166/598/648
f 3164/586/646 3163/581/645 3172/596/654 3173/599/655
f 3161/587/643 3160/583/642 3169/597/651 3170/600/652
f 3158/588/640 3157/585/639 3166/598/648 3167/591/649
f 3192/601/673 3164/586/646 3173/599/655
f 3162/580/644 3161/587/643 3170/600/652 3171/595/653
f 3171/595/653 3170/600/652 3179/602/660 3180/603/661
f 3168/592/650 3167/591/649 3176/604/658 3177/605/659
f 3165/594/647 3193/606/674 3174/607/656
f 3172/596/654 3171/595/653 3180/603/661 3181/608/662
f 3169/597/651 3168/592/650 3177/605/659 3178/609/514
f 3166/598/648 3165/594/647 3174/607/656 3175/610/657
f 3173/599/655 3172/596/654 3181/608/662 3182/611/663
f 3170/600/652 3169/597/651 3178/609/514 3179/602/660
f 3167/591/649 3166/598/648 3175/610/657 3176/604/658
f 3192/612/673 3173/599/655 3182/611/663
f 3176/604/658 3175/610/657 3184/613/665 3185/614/666
f 3192/615/673 3182/611/663 3191/616/672
f 3180/603/661 3179/602/660 3188/617/669 3189/618/670
f 3177/605/659 3176/604/658 3185/614/666 3186/619/667
f 3174/607/656 3193/620/674 3183/621/664
f 3181/608/662 3180/603/661 3189/618/670 3190/622/671
f 3178/609/514 3177/605/659 3186/619/667 3187/623/668
f 3175/610/657 3174/607/656 3183/621/664 3184/613/665
f 3182/611/663 3181/608/662 3190/622/671 3191/616/672
f 3179/602/660 3178/609/514 3187/623/668 3188/617/669
f 3191/616/672 3190/622/671 3201/624/682 3202/625/683
f 3188/617/669 3187/623/668 3198/626/679 3199/627/680
f 3185/614/666 3184/613/665 3195/628/676 3196/629/677
f 3192/630/673 3191/616/672 3202/625/683
f 3189/618/670 3188/617/669 3199/627/680 3200/631/681
f 3186/619/667 3185/614/666 3196/629/677 3197/632/678
f 3183/621/664 3193/633/674 3194/634/675
f 3190/622/671 3189/618/670 3200/631/681 3201/624/682
f 3187/623/668 3186/619/667 3197/632/678 3198/626/679
f 3184/613/665 3183/621/664 3194/634/675 3195/628/676
f 3198/635/679 3197/636/678 3206/637/687 3207/638/688
f 3195/639/676 3194/640/675 3203/641/684 3204/642/685
f 3202/643/683 3201/644/682 3210/645/691 3211/646/692
f 3199/647/680 3198/635/679 3207/638/688 3208/648/689
f 3196/649/677 3195/639/676 3204/642/685 3205/650/686
f 3192/651/673 3202/643/683 3211/646/692
f 3200/652/681 3199/647/680 3208/648/689 3209/653/690
f 3197/636/678 3196/649/677 3205/650/686 3206/637/687
f 3194/640/675 3193/654/674 3203/641/684
f 3201/644/682 3200/652/681 3209/653/690 3210/645/691
f 3203/641/684 3193/655/674 3212/560/693
f 3210/645/691 3209/653/690 3218/564/698 3219/563/699
f 3207/638/688 3206/637/687 3215/568/696 3216/567/552
f 3204/642/685 3203/641/684 3212/560/693 3213/571/694
f 3211/646/692 3210/645/691 3219/563/699 3220/573/700
f 3208/648/689 3207/638/688 3216/567/552 3217/575/697
f 3205/650/686 3204/642/685 3213/571/694 3214/577/695
f 3192/656/673 3211/646/692 3220/573/700
f 3209/653/690 3208/648/689 3217/575/697 3218/564/698
f 3206/637/687 3205/650/686 3214/577/695 3215/568/696
f 3286/560/693 3267/561/674 3221/562/629
f 3293/563/699 3292/564/698 3227/565/635 3228/566/636
f 3290/567/552 3289/568/696 3224/569/632 3225/570/633
f 3287/571/694 3286/560/693 3221/562/629 3222/572/630
f 3294/573/700 3293/563/699 3228/566/636 3229/574/637
f 3291/575/697 3290/567/552 3225/570/633 3226/576/634
f 3288/577/695 3287/571/694 3222/572/630 3223/578/631
f 3266/579/673 3294/573/700 3229/574/637
f 3292/564/698 3291/575/697 3226/576/634 3227/565/635
f 3289/568/696 3288/577/695 3223/578/631 3224/569/632
f 3228/566/636 3227/565/635 3236/580/644 3237/581/645
f 3225/570/633 3224/569/632 3233/582/641 3234/583/642
f 3222/572/630 3221/562/629 3230/584/638 3231/585/639
f 3229/574/637 3228/566/636 3237/581/645 3238/586/646
f 3226/576/634 3225/570/633 3234/583/642 3235/587/643
f 3223/578/631 3222/572/630 3231/585/639 3232/588/640
f 3266/589/673 3229/574/637 3238/586/646
f 3227/565/635 3226/576/634 3235/587/643 3236/580/644
f 3224/569/632 3223/578/631 3232/588/640 3233/582/641
f 3221/562/629 3267/590/674 3230/584/638
f 3233/582/641 3232/588/640 3241/591/649 3242/592/650
f 3230/584/638 3267/593/674 3239/594/647
f 3237/581/645 3236/580/644 3245/595/653 3246/596/654
f 3234/583/642 3233/582/641 3242/592/650 3243/597/651
f 3231/585/639 3230/584/638 3239/594/647 3240/598/648
f 3238/586/646 3237/581/645 3246/596/654 3247/599/655
f 3235/587/643 3234/583/642 3243/597/651 3244/600/652
f 3232/588/640 3231/585/639 3240/598/648 3241/591/649
f 3266/601/673 3238/586/646 3247/599/655
f 3236/580/644 3235/587/643 3244/600/652 3245/595/653
f 3245/595/653 3244/600/652 3253/602/660 3254/603/661
f 3242/592/650 3241/591/649 3250/604/658 3251/605/659
f 3239/594/647 3267/606/674 3248/607/656
f 3246/596/654 3245/595/653 3254/603/661 3255/608/662
f 3243/597/651 3242/592/650 3251/605/659 3252/609/514
f 3240/598/648 3239/594/647 3248/607/656 3249/610/657
f 3247/599/655 3246/596/654 3255/608/662 3256/611/663
f 3244/600/652 3243/597/651 3252/609/514 3253/602/660
f 3241/591/649 3240/598/648 3249/610/657 3250/604/658
f 3266/612/673 3247/599/655 3256/611/663
f 3250/604/658 3249/610/657 3258/613/665 3259/614/666
f 3266/615/673 3256/611/663 3265/616/672
f 3254/603/661 3253/602/660 3262/617/669 3263/618/670
f 3251/605/659 3250/604/658 3259/614/666 3260/619/667
f 3248/607/656 3267/620/674 3257/621/664
f 3255/608/662 3254/603/661 3263/618/670 3264/622/671
f 3252/609/514 3251/605/659 3260/619/667 3261/623/668
f 3249/610/657 3248/607/656 3257/621/664 3258/613/665
f 3256/611/663 3255/608/662 3264/622/671 3265/616/672
f 3253/602/660 3252/609/514 3261/623/668 3262/617/669
f 3265/616/672 3264/622/671 3275/624/682 3276/625/683
f 3262/617/669 3261/623/668 3272/626/679 3273/627/680
f 3259/614/666 3258/613/665 3269/628/676 3270/629/677
f 3266/630/673 3265/616/672 3276/625/683
f 3263/618/670 3262/617/669 3273/627/680 3274/631/681
f 3260/619/667 3259/614/666 3270/629/677 3271/632/678
f 3257/621/664 3267/633/674 3268/634/675
f 3264/622/671 3263/618/670 3274/631/681 3275/624/682
f 3261/623/668 3260/619/667 3271/632/678 3272/626/679
f 3258/613/665 3257/621/664 3268/634/675 3269/628/676
f 3272/635/679 3271/636/678 3280/637/687 3281/638/688
f 3269/639/676 3268/640/675 3277/641/684 3278/642/685
f 3276/643/683 3275/644/682 3284/645/691 3285/646/692
f 3273/647/680 3272/635/679 3281/638/688 3282/648/689
f 3270/649/677 3269/639/676 3278/642/685 3279/650/686
f 3266/651/673 3276/643/683 3285/646/692
f 3274/652/681 3273/647/680 3282/648/689 3283/653/690
f 3271/636/678 3270/649/677 3279/650/686 3280/637/687
f 3268/640/675 3267/654/674 3277/641/684
f 3275/644/682 3274/652/681 3283/653/690 3284/645/691
f 3277/641/684 3267/655/674 3286/560/693
f 3284/645/691 3283/653/690 3292/564/698 3293/563/699
f 3281/638/688 3280/637/687 3289/568/696 3290/567/552
f 3278/642/685 3277/641/684 3286/560/693 3287/571/694
f 3285/646/692 3284/645/691 3293/563/699 3294/573/700
f 3282/648/689 3281/638/688 3290/567/552 3291/575/697
f 3279/650/686 3278/642/685 3287/571/694 3288/577/695
f 3266/656/673 3285/646/692 3294/573/700
f 3283/653/690 3282/648/689 3291/575/697 3292/564/698
f 3280/637/687 3279/650/686 3288/577/695 3289/568/696
f 3360/560/693 3341/561/674 3295/562/629
f 3367/563/699 3366/564/698 3301/565/635 3302/566/636
f 3364/567/552 3363/568/696 3298/569/632 3299/570/633
f 3361/571/694 3360/560/693 3295/562/629 3296/572/630
f 3368/573/700 3367/563/699 3302/566/636 3303/574/637
f 3365/575/697 3364/567/552 3299/570/633 3300/576/634
f 3362/577/695 3361/571/694 3296/572/630 3297/578/631
f 3340/579/673 3368/573/700 3303/574/637
f 3366/564/698 3365/575/697 3300/576/634 3301/565/635
f 3363/568/696 3362/577/695 3297/578/631 3298/569/632
f 3302/566/636 3301/565/635 3310/580/644 3311/581/645
f 3299/570/633 3298/569/632 3307/582/641 3308/583/642
f 3296/572/630 3295/562/629 3304/584/638 3305/585/639
f 3303/574/637 3302/566/636 3311/581/645 3312/586/646
f 3300/576/634 3299/570/633 3308/583/642 3309/587/643
f 3297/578/631 3296/572/630 3305/585/639 3306/588/640
f 3340/589/673 3303/574/637 3312/586/646
f 3301/565/635 3300/576/634 3309/587/643 3310/580/644
f 3298/569/632 3297/578/631 3306/588/640 3307/582/641
f 3295/562/629 3341/590/674 3304/584/638
f 3307/582/641 3306/588/640 3315/591/649 3316/592/650
f 3304/584/638 3341/593/674 3313/594/647
f 3311/581/645 3310/580/644 3319/595/653 3320/596/654
f 3308/583/642 3307/582/641 3316/592/650 3317/597/651
f 3305/585/639 3304/584/638 3313/594/647 3314/598/648
f 3312/586/646 3311/581/645 3320/596/654 3321/599/655
f 3309/587/643 3308/583/642 3317/597/651 3318/600/652
f 3306/588/640 3305/585/639 3314/598/648 3315/591/649
f 3340/601/673 3312/586/646 3321/599/655
f 3310/580/644 3309/587/643 3318/600/652 3319/595/653
f 3319/595/653 3318/600/652 3327/602/660 3328/603/661
f 3316/592/650 3315/591/649 3324/604/658 3325/605/659
f 3313/594/647 3341/606/674 3322/607/656
f 3320/596/654 3319/595/653 3328/603/661 3329/608/662
f 3317/597/651 3316/592/650 3325/605/659 3326/609/514
f 3314/598/648 3313/594/647 3322/607/656 3323/610/657
f 3321/599/655 3320/596/654 3329/608/662 3330/611/663
f 3318/600/652 3317/597/651 3326/609/514 3327/602/660
f 3315/591/649 3314/598/648 3323/610/657 3324/604/658
f 3340/612/673 3321/599/655 3330/611/663
f 3324/604/658 3323/610/657 3332/613/665 3333/614/666
f 3340/615/673 3330/611/663 3339/616/672
f 3328/603/661 3327/602/660 3336/617/669 3337/618/670
f 3325/605/659 3324/604/658 3333/614/666 3334/619/667
f 3322/607/656 3341/620/674 3331/621/664
f 3329/608/662 3328/603/661 3337/618/670 3338/622/671
f 3326/609/514 3325/605/659 3334/619/667 3335/623/668
f 3323/610/657 3322/607/656 3331/621/664 3332/613/665
f 3330/611/663 3329/608/662 3338/622/671 3339/616/672
f 3327/602/660 3326/609/514 3335/623/668 3336/617/669
f 3339/616/672 3338/622/671 3349/624/682 3350/625/683
f 3336/617/669 3335/623/668 3346/626/679 3347/627/680
f 3333/614/666 3332/613/665 3343/628/676 3344/629/677
f 3340/630/673 3339/616/672 3350/625/683
f 3337/618/670 3336/617/669 3347/627/680 3348/631/681
f 3334/619/667 3333/614/666 3344/629/677 3345/632/678
f 3331/621/664 3341/633/674 3342/634/675
f 3338/622/671 3337/618/670 3348/631/681 3349/624/682
f 3335/623/668 3334/619/667 3345/632/678 3346/626/679
f 3332/613/665 3331/621/664 3342/634/675 3343/628/676
f 3346/635/679 3345/636/678 3354/637/687 3355/638/688
f 3343/639/676 3342/640/675 3351/641/684 3352/642/685
f 3350/643/683 3349/644/682 3358/645/691 3359/646/692
f 3347/647/680 3346/635/679 3355/638/688 3356/648/689
f 3344/649/677 3343/639/676 3352/642/685 3353/650/686
f 3340/651/673 3350/643/683 3359/646/692
f 3348/652/681 3347/647/680 3356/648/689 3357/653/690
f 3345/636/678 3344/649/677 3353/650/686 3354/637/687
f 3342/640/675 3341/654/674 3351/641/684
f 3349/644/682 3348/652/681 3357/653/690 3358/645/691
f 3351/641/684 3341/655/674 3360/560/693
f 3358/645/691 3357/653/690 3366/564/698 3367/563/699
f 3355/638/688 3354/637/687 3363/568/696 3364/567/552
f 3352/642/685 3351/641/684 3360/560/693 3361/571/694
f 3359/646/692 3358/645/691 3367/563/699 3368/573/700
f 3356/648/689 3355/638/688 3364/567/552 3365/575/697
f 3353/650/686 3352/642/685 3361/571/694 3362/577/695
f 3340/656/673 3359/646/692 3368/573/700
f 3357/653/690 3356/648/689 3365/575/697 3366/564/698
f 3354/637/687 3353/650/686 3362/577/695 3363/568/696
f 3434/560/693 3415/561/674 3369/562/629
f 3441/563/699 3440/564/698 3375/565/635 3376/566/636
f 3438/567/552 3437/568/696 3372/569/632 3373/570/633
f 3435/571/694 3434/560/693 3369/562/629 3370/572/630
f 3442/573/700 3441/563/699 3376/566/636 3377/574/637
f 3439/575/697 3438/567/552 3373/570/633 3374/576/634
f 3436/577/695 3435/571/694 3370/572/630 3371/578/631
f 3414/579/673 3442/573/700 3377/574/637
f 3440/564/698 3439/575/697 3374/576/634 3375/565/635
f 3437/568/696 3436/577/695 3371/578/631 3372/569/632
f 3376/566/636 3375/565/635 3384/580/644 3385/581/645
f 3373/570/633 3372/569/632 3381/582/641 3382/583/642
f 3370/572/630 3369/562/629 3378/584/638 3379/585/639
f 3377/574/637 3376/566/636 3385/581/645 3386/586/646
f 3374/576/634 3373/570/633 3382/583/642 3383/587/643
f 3371/578/631 3370/572/630 3379/585/639 3380/588/640
f 3414/589/673 3377/574/637 3386/586/646
f 3375/565/635 3374/576/634 3383/587/643 3384/580/644
f 3372/569/632 3371/578/631 3380/588/640 3381/582/641
f 3369/562/629 3415/590/674 3378/584/638
f 3381/582/641 3380/588/640 3389/591/649 3390/592/650
f 3378/584/638 3415/593/674 3387/594/647
f 3385/581/645 3384/580/644 3393/595/653 3394/596/654
f 3382/583/642 3381/582/641 3390/592/650 3391/597/651
f 3379/585/639 3378/584/638 3387/594/647 3388/598/648
f 3386/586/646 3385/581/645 3394/596/654 3395/599/655
f 3383/587/643 3382/583/642 3391/597/651 3392/600/652
f 3380/588/640 3379/585/639 3388/598/648 3389/591/649
f 3414/601/673 3386/586/646 3395/599/655
f 3384/580/644 3383/587/643 3392/600/652 3393/595/653
f 3393/595/653 3392/600/652 3401/602/660 3402/603/661
f 3390/592/650 3389/591/649 3398/604/658 3399/605/659
f 3387/594/647 3415/606/674 3396/607/656
f 3394/596/654 3393/595/653 3402/603/661 3403/608/662
f 3391/597/651 3390/592/650 3399/605/659 3400/609/514
f 3388/598/648 3387/594/647 3396/607/656 3397/610/657
f 3395/599/655 3394/596/654 3403/608/662 3404/611/663
f 3392/600/652 3391/597/651 3400/609/514 3401/602/660
f 3389/591/649 3388/598/648 3397/610/657 3398/604/658
f 3414/612/673 3395/599/655 3404/611/663
f 3398/604/658 3397/610/657 3406/613/665 3407/614/666
f 3414/615/673 3404/611/663 3413/616/672
f 3402/603/661 3401/602/660 3410/617/669 3411/618/670
f 3399/605/659 3398/604/658 3407/614/666 3408/619/667
f 3396/607/656 3415/620/674 3405/621/664
f 3403/608/662 3402/603/661 3411/618/670 3412/622/671
f 3400/609/514 3399/605/659 3408/619/667 3409/623/668
f 3397/610/657 3396/607/656 3405/621/664 3406/613/665
f 3404/611/663 3403/608/662 3412/622/671 3413/616/672
f 3401/602/660 3400/609/514 3409/623/668 3410/617/669
f 3413/616/672 3412/622/671 3423/624/682 3424/625/683
f 3410/617/669 3409/623/668 3420/626/679 3421/627/680
f 3407/614/666 3406/613/665 3417/628/676 3418/629/677
f 3414/630/673 3413/616/672 3424/625/683
f 3411/618/670 3410/617/669 3421/627/680 3422/631/681
f 3408/619/667 3407/614/666 3418/629/677 3419/632/678
f 3405/621/664 3415/633/674 3416/634/675
f 3412/622/671 3411/618/670 3422/631/681 3423/624/682
f 3409/623/668 3408/619/667 3419/632/678 3420/626/679
f 3406/613/665 3405/621/664 3416/634/675 3417/628/676
f 3420/635/679 3419/636/678 3428/637/687 3429/638/688
f 3417/639/676 3416/640/675 3425/641/684 3426/642/685
f 3424/643/683 3423/644/682 3432/645/691 3433/646/692
f 3421/647/680 3420/635/679 3429/638/688 3430/648/689
f 3418/649/677 3417/639/676 3426/642/685 3427/650/686
f 3414/651/673 3424/643/683 3433/646/692
f 3422/652/681 3421/647/680 3430/648/689 3431/653/690
f 3419/636/678 3418/649/677 3427/650/686 3428/637/687
f 3416/640/675 3415/654/674 3425/641/684
f 3423/644/682 3422/652/681 3431/653/690 3432/645/691
f 3425/641/684 3415/655/674 3434/560/693
f 3432/645/691 3431/653/690 3440/564/698 3441/563/699
f 3429/638/688 3428/637/687 3437/568/696 3438/567/552
f 3426/642/685 3425/641/684 3434/560/693 3435/571/694
f 3433/646/692 3432/645/691 3441/563/699 3442/573/700
f 3430/648/689 3429/638/688 3438/567/552 3439/575/697
f 3427/650/686 3426/642/685 3435/571/694 3436/577/695
f 3414/656/673 3433/646/692 3442/573/700
f 3431/653/690 3430/648/689 3439/575/697 3440/564/698
f 3428/637/687 3427/650/686 3436/577/695 3437/568/696
f 3508/560/621 3489/561/602 3443/562/557
f 3515/563/627 3514/564/626 3449/565/563 3450/566/564
f 3512/567/552 3511/568/624 3446/569/560 3447/570/561
f 3509/571/622 3508/560/621 3443/562/557 3444/572/558
f 3516/573/628 3515/563/627 3450/566/564 3451/574/565
f 3513/575/625 3512/567/552 3447/570/561 3448/576/562
f 3510/577/623 3509/571/622 3444/572/558 3445/578/559
f 3488/579/601 3516/573/628 3451/574/565
f 3514/564/626 3513/575/625 3448/576/562 3449/565/563
f 3511/568/624 3510/577/623 3445/578/559 3446/569/560
f 3450/566/564 3449/565/563 3458/580/572 3459/581/573
f 3447/570/561 3446/569/560 3455/582/569 3456/583/570
f 3444/572/558 3443/562/557 3452/584/566 3453/585/567
f 3451/574/565 3450/566/564 3459/581/573 3460/586/574
f 3448/576/562 3447/570/561 3456/583/570 3457/587/571
f 3445/578/559 3444/572/558 3453/585/567 3454/588/568
f 3488/589/601 3451/574/565 3460/586/574
f 3449/565/563 3448/576/562 3457/587/571 3458/580/572
f 3446/569/560 3445/578/559 3454/588/568 3455/582/569
f 3443/562/557 3489/590/602 3452/584/566
f 3455/582/569 3454/588/568 3463/591/577 3464/592/578
f 3452/584/566 3489/593/602 3461/594/575
f 3459/581/573 3458/580/572 3467/595/581 3468/596/582
f 3456/583/570 3455/582/569 3464/592/578 3465/597/579
f 3453/585/567 3452/584/566 3461/594/575 3462/598/576
f 3460/586/574 3459/581/573 3468/596/582 3469/599/583
f 3457/587/571 3456/583/570 3465/597/579 3466/600/580
f 3454/588/568 3453/585/567 3462/598/576 3463/591/577
f 3488/601/601 3460/586/574 3469/599/583
f 3458/580/572 3457/587/571 3466/600/580 3467/595/581
f 3467/595/581 3466/600/580 3475/602/588 3476/603/589
f 3464/592/578 3463/591/577 3472/604/586 3473/605/587
f 3461/594/575 3489/606/602 3470/607/584
f 3468/596/582 3467/595/581 3476/603/589 3477/608/590
f 3465/597/579 3464/592/578 3473/605/587 3474/609/514
f 3462/598/576 3461/594/575 3470/607/584 3471/610/585
f 3469/599/583 3468/596/582 3477/608/590 3478/611/591
f 3466/600/580 3465/597/579 3474/609/514 3475/602/588
f 3463/591/577 3462/598/576 3471/610/585 3472/604/586
f 3488/612/601 3469/599/583 3478/611/591
f 3472/604/586 3471/610/585 3480/613/593 3481/614/594
f 3488/615/601 3478/611/591 3487/616/600
f 3476/603/589 3475/602/588 3484/617/597 3485/618/598
f 3473/605/587 3472/604/586 3481/614/594 3482/619/595
f 3470/607/584 3489/620/602 3479/621/592
f 3477/608/590 3476/603/589 3485/618/598 3486/622/599
f 3474/609/514 3473/605/587 3482/619/595 3483/623/596
f 3471/610/585 3470/607/584 3479/621/592 3480/613/593
f 3478/611/591 3477/608/590 3486/622/599 3487/616/600
f 3475/602/588 3474/609/514 3483/623/596 3484/617/597
f 3487/616/600 3486/622/599 3497/624/610 3498/625/611
f 3484/617/597 3483/623/596 3494/626/607 3495/627/608
f 3481/614/594 3480/613/593 3491/628/604 3492/629/605
f 3488/630/601 3487/616/600 3498/625/611
f 3485/618/598 3484/617/597 3495/627/608 3496/631/609
f 3482/619/595 3481/614/594 3492/629/605 3493/632/606
f 3479/621/592 3489/633/602 3490/634/603
f 3486/622/599 3485/618/598 3496/631/609 3497/624/610
f 3483/623/596 3482/619/595 3493/632/606 3494/626/607
f 3480/613/593 3479/621/592 3490/634/603 3491/628/604
f 3494/635/607 3493/636/606 3502/637/615 3503/638/616
f 3491/639/604 3490/640/603 3499/641/612 3500/642/613
f 3498/643/611 3497/644/610 3506/645/619 3507/646/620
f 3495/647/608 3494/635/607 3503/638/616 3504/648/617
f 3492/649/605 3491/639/604 3500/642/613 3501/650/614
f 3488/651/601 3498/643/611 3507/646/620
f 3496/652/609 3495/647/608 3504/648/617 3505/653/618
f 3493/636/606 3492/649/605 3501/650/614 3502/637/615
f 3490/640/603 3489/654/602 3499/641/612
f 3497/644/610 3496/652/609 3505/653/618 3506/645/619
f 3499/641/612 3489/655/602 3508/560/621
f 3506/645/619 3505/653/618 3514/564/626 3515/563/627
f 3503/638/616 3502/637/615 3511/568/624 3512/567/552
f 3500/642/613 3499/641/612 3508/560/621 3509/571/622
f 3507/646/620 3506/645/619 3515/563/627 3516/573/628
f 3504/648/617 3503/638/616 3512/567/552 3513/575/625
f 3501/650/614 3500/642/613 3509/571/622 3510/577/623
f 3488/656/601 3507/646/620 3516/573/628
f 3505/653/618 3504/648/617 3513/575/625 3514/564/626
f 3502/637/615 3501/650/614 3510/577/623 3511/568/624
o WoolOnTheBack
v -0.075870 0.007170 -1.394611
v -0.013878 -0.037500 -1.456604
v 0.035320 -0.107076 -1.505801
v 0.066907 -0.194746 -1.537388
v 0.077791 -0.291930 -1.548272
v 0.066907 -0.389114 -1.537388
v 0.035320 -0.476784 -1.505801
v -0.013878 -0.546360 -1.456604
v -0.075870 -0.591031 -1.394611
v -0.047406 0.007170 -1.325892
v 0.040265 -0.037500 -1.325892
v 0.109841 -0.107076 -1.325892
v 0.154511 -0.194746 -1.325892
v 0.169904 -0.291930 -1.325892
v 0.154511 -0.389114 -1.325892
v 0.109841 -0.476784 -1.325892
v 0.040265 -0.546360 -1.325892
v -0.047406 -0.591031 -1.325892
v -0.075870 0.007170 -1.257173
v -0.013878 -0.037500 -1.195181
v 0.035320 -0.107076 -1.145983
v 0.066907 -0.194746 -1.114396
v 0.077791 -0.291930 -1.103512
v 0.066907 -0.389114 -1.114396
v 0.035320 -0.476784 -1.145983
v -0.013878 -0.546360 -1.195181
v -0.075870 -0.591031 -1.257173
v -0.144589 0.007170 -1.228709
v -0.144589 -0.037500 -1.141038
v -0.144589 -0.107076 -1.071462
v -0.144589 -0.194746 -1.026792
v -0.144589 -0.291930 -1.011399
v -0.144589 -0.389114 -1.026792
v -0.144589 -0.476784 -1.071462
v -0.144589 -0.546360 -1.141038
v -0.144589 -0.591031 -1.228709
v -0.213308 0.007170 -1.257173
v -0.275301 -0.037500 -1.195181
v -0.324499 -0.107076 -1.145983
v -0.356085 -0.194746 -1.114396
v -0.366969 -0.291930 -1.103512
v -0.356085 -0.389114 -1.114396
v -0.324499 -0.476784 -1.145983
v -0.275301 -0.546360 -1.195181
v -0.213308 -0.591031 -1.257173
v -0.144589 -0.606423 -1.325892
v -0.144589 0.022563 -1.325892
v -0.241773 0.007170 -1.325892
v -0.329444 -0.037500 -1.325892
v -0.399019 -0.107076 -1.325892
v -0.443690 -0.194746 -1.325892
v -0.459082 -0.291930 -1.325892
v -0.443690 -0.389114 -1.325892
v -0.399019 -0.476784 -1.325892
v -0.329444 -0.546360 -1.325892
v -0.241773 -0.591031 -1.325892
v -0.213308 0.007170 -1.394611
v -0.275301 -0.037500 -1.456604
v -0.324499 -0.107076 -1.505801
v -0.356085 -0.194746 -1.537388
v -0.366969 -0.291930 -1.548272
v -0.356085 -0.389114 -1.537388
v -0.324499 -0.476784 -1.505801
v -0.275301 -0.546360 -1.456604
v -0.213308 -0.591031 -1.394611
v -0.144589 0.007170 -1.423076
v -0.144589 -0.037500 -1.510746
v -0.144589 -0.107076 -1.580322
v -0.144589 -0.194746 -1.624993
v -0.144589 -0.291930 -1.640385
v -0.144589 -0.389114 -1.624993
v -0.144589 -0.476784 -1.580322
v -0.144589 -0.546360 -1.510746
v -0.144589 -0.591031 -1.423076
v 0.337127 0.109459 -1.394611
v 0.399120 0.064789 -1.456604
v 0.448317 -0.004787 -1.505801
v 0.479904 -0.092457 -1.537388
v 0.490788 -0.189641 -1.548272
v 0.479904 -0.286825 -1.537388
v 0.448317 -0.374495 -1.505801
v 0.399120 -0.444071 -1.456604
v 0.337127 -0.488742 -1.394611
v 0.365592 0.109459 -1.325892
v 0.453262 0.064789 -1.325892
v 0.522838 -0.004787 -1.325892
v 0.567508 -0.092457 -1.325892
v 0.582901 -0.189641 -1.325892
v 0.567508 -0.286825 -1.325892
v 0.522838 -0.374495 -1.325892
v 0.453262 -0.444071 -1.325892
v 0.365592 -0.488742 -1.325892
v 0.337127 0.109459 -1.257173
v 0.399120 0.064789 -1.195181
v 0.448317 -0.004787 -1.145983
v 0.479904 -0.092457 -1.114396
v 0.490788 -0.189641 -1.103512
v 0.479904 -0.286825 -1.114396
v 0.448317 -0.374495 -1.145983
v 0.399120 -0.444071 -1.195181
v 0.337127 -0.488742 -1.257173
v 0.268408 0.109459 -1.228709
v 0.268408 0.064789 -1.141038
v 0.268408 -0.004787 -1.071462
v 0.268408 -0.092457 -1.026792
v 0.268408 -0.189641 -1.011399
v 0.268408 -0.286825 -1.026792
v 0.268408 -0.374495 -1.071462
v 0.268408 -0.444071 -1.141038
v 0.268408 -0.488742 -1.228709
v 0.199689 0.109459 -1.257173
v 0.137696 0.064789 -1.195181
v 0.088499 -0.004787 -1.145983
v 0.056912 -0.092457 -1.114396
v 0.046028 -0.189641 -1.103512
v 0.056912 -0.286825 -1.114396
v 0.088499 -0.374495 -1.145983
v 0.137696 -0.444071 -1.195181
v 0.199689 -0.488742 -1.257173
v 0.268408 -0.504134 -1.325892
v 0.268408 0.124852 -1.325892
v 0.171224 0.109459 -1.325892
v 0.083554 0.064789 -1.325892
v 0.013978 -0.004787 -1.325892
v -0.030693 -0.092457 -1.325892
v -0.046085 -0.189641 -1.325892
v -0.030693 -0.286825 -1.325892
v 0.013978 -0.374495 -1.325892
v 0.083554 -0.444071 -1.325892
v 0.171224 -0.488742 -1.325892
v 0.199689 0.109459 -1.394611
v 0.137696 0.064789 -1.456604
v 0.088499 -0.004787 -1.505801
v 0.056912 -0.092457 -1.537388
v 0.046028 -0.189641 -1.548272
v 0.056912 -0.286825 -1.537388
v 0.088499 -0.374495 -1.505801
v 0.137696 -0.444071 -1.456604
v 0.199689 -0.488742 -1.394611
v 0.268408 0.109459 -1.423076
v 0.268408 0.064789 -1.510746
v 0.268408 -0.004787 -1.580322
v 0.268408 -0.092457 -1.624993
v 0.268408 -0.189641 -1.640385
v 0.268408 -0.286825 -1.624993
v 0.268408 -0.374495 -1.580322
v 0.268408 -0.444071 -1.510746
v 0.268408 -0.488742 -1.423076
v 0.442445 0.408357 -1.394611
v 0.504438 0.363686 -1.456604
v 0.553635 0.294111 -1.505801
v 0.585222 0.206440 -1.537388
v 0.596106 0.109256 -1.548272
v 0.585222 0.012073 -1.537388
v 0.553635 -0.075598 -1.505801
v 0.504438 -0.145174 -1.456604
v 0.442445 -0.189844 -1.394611
v 0.470910 0.408357 -1.325892
v 0.558580 0.363686 -1.325892
v 0.628156 0.294111 -1.325892
v 0.672826 0.206440 -1.325892
v 0.688219 0.109256 -1.325892
v 0.672826 0.012073 -1.325892
v 0.628156 -0.075598 -1.325892
v 0.558580 -0.145174 -1.325892
v 0.470910 -0.189844 -1.325892
v 0.442445 0.408357 -1.257173
v 0.504438 0.363686 -1.195181
v 0.553635 0.294111 -1.145983
v 0.585222 0.206440 -1.114396
v 0.596106 0.109256 -1.103512
v 0.585222 0.012073 -1.114396
v 0.553635 -0.075598 -1.145983
v 0.504438 -0.145174 -1.195181
v 0.442445 -0.189844 -1.257173
v 0.373726 0.408357 -1.228709
v 0.373726 0.363686 -1.141038
v 0.373726 0.294111 -1.071462
v 0.373726 0.206440 -1.026792
v 0.373726 0.109256 -1.011399
v 0.373726 0.012073 -1.026792
v 0.373726 -0.075598 -1.071462
v 0.373726 -0.145174 -1.141038
v 0.373726 -0.189844 -1.228709
v 0.305007 0.408357 -1.257173
v 0.243014 0.363686 -1.195181
v 0.193817 0.294111 -1.145983
v 0.162230 0.206440 -1.114396
v 0.151346 0.109256 -1.103512
v 0.162230 0.012073 -1.114396
v 0.193817 -0.075598 -1.145983
v 0.243014 -0.145174 -1.195181
v 0.305007 -0.189844 -1.257173
v 0.373726 -0.205237 -1.325892
v 0.373726 0.423749 -1.325892
v 0.276542 0.408357 -1.325892
v 0.188872 0.363686 -1.325892
v 0.119296 0.294111 -1.325892
v 0.074625 0.206440 -1.325892
v 0.059233 0.109256 -1.325892
v 0.074625 0.012073 -1.325892
v 0.119296 -0.075598 -1.325892
v 0.188872 -0.145174 -1.325892
v 0.276542 -0.189844 -1.325892
v 0.305007 0.408357 -1.394611
v 0.243014 0.363686 -1.456604
v 0.193817 0.294111 -1.505801
v 0.162230 0.206440 -1.537388
v 0.151346 0.109256 -1.548272
v 0.162230 0.012073 -1.537388
v 0.193817 -0.075598 -1.505801
v 0.243014 -0.145174 -1.456604
v 0.305007 -0.189844 -1.394611
v 0.373726 0.408357 -1.423076
v 0.373726 0.363686 -1.510746
v 0.373726 0.294111 -1.580322
v 0.373726 0.206440 -1.624993
v 0.373726 0.109256 -1.640385
v 0.373726 0.012073 -1.624993
v 0.373726 -0.075598 -1.580322
v 0.373726 -0.145174 -1.510746
v 0.373726 -0.189844 -1.423076
v 0.165266 0.658278 -1.394611
v 0.227259 0.613608 -1.456604
v 0.276456 0.544032 -1.505801
v 0.308043 0.456361 -1.537388
v 0.318927 0.359178 -1.548272
v 0.308043 0.261994 -1.537388
v 0.276456 0.174324 -1.505801
v 0.227259 0.104748 -1.456604
v 0.165266 0.060077 -1.394611
v 0.193731 0.658278 -1.325892
v 0.281401 0.613608 -1.325892
v 0.350977 0.544032 -1.325892
v 0.395648 0.456361 -1.325892
v 0.411040 0.359178 -1.325892
v 0.395648 0.261994 -1.325892
v 0.350977 0.174324 -1.325892
v 0.281401 0.104748 -1.325892
v 0.193731 0.060077 -1.325892
v 0.165266 0.658278 -1.257173
v 0.227259 0.613608 -1.195181
v 0.276456 0.544032 -1.145983
v 0.308043 0.456361 -1.114396
v 0.318927 0.359178 -1.103512
v 0.308043 0.261994 -1.114396
v 0.276456 0.174324 -1.145983
v 0.227259 0.104748 -1.195181
v 0.165266 0.060077 -1.257173
v 0.096547 0.658278 -1.228709
v 0.096547 0.613608 -1.141038
v 0.096547 0.544032 -1.071462
v 0.096547 0.456361 -1.026792
v 0.096547 0.359178 -1.011399
v 0.096547 0.261994 -1.026792
v 0.096547 0.174324 -1.071462
v 0.096547 0.104748 -1.141038
v 0.096547 0.060077 -1.228709
v 0.027828 0.658278 -1.257173
v -0.034165 0.613608 -1.195181
v -0.083362 0.544032 -1.145983
v -0.114949 0.456361 -1.114396
v -0.125833 0.359178 -1.103512
v -0.114949 0.261994 -1.114396
v -0.083362 0.174324 -1.145983
v -0.034165 0.104748 -1.195181
v 0.027828 0.060077 -1.257173
v 0.096547 0.044685 -1.325892
v 0.096547 0.673671 -1.325892
v -0.000637 0.658278 -1.325892
v -0.088307 0.613608 -1.325892
v -0.157883 0.544032 -1.325892
v -0.202553 0.456361 -1.325892
v -0.217946 0.359178 -1.325892
v -0.202553 0.261994 -1.325892
v -0.157883 0.174324 -1.325892
v -0.088307 0.104748 -1.325892
v -0.000637 0.060077 -1.325892
v 0.027828 0.658278 -1.394611
v -0.034165 0.613608 -1.456604
v -0.083362 0.544032 -1.505801
v -0.114949 0.456361 -1.537388
v -0.125833 0.359178 -1.548272
v -0.114949 0.261994 -1.537388
v -0.083362 0.174324 -1.505801
v -0.034165 0.104748 -1.456604
v 0.027828 0.060077 -1.394611
v 0.096547 0.658278 -1.423076
v 0.096547 0.613608 -1.510746
v 0.096547 0.544032 -1.580322
v 0.096547 0.456361 -1.624993
v 0.096547 0.359178 -1.640385
v 0.096547 0.261994 -1.624993
v 0.096547 0.174324 -1.580322
v 0.096547 0.104748 -1.510746
v 0.096547 0.060077 -1.423076
v -0.234100 0.621462 -1.394611
v -0.172107 0.576791 -1.456604
v -0.122910 0.507215 -1.505801
v -0.091323 0.419545 -1.537388
v -0.080439 0.322361 -1.548272
v -0.091323 0.225178 -1.537388
v -0.122910 0.137507 -1.505801
v -0.172107 0.067931 -1.456604
v -0.234100 0.023261 -1.394611
v -0.205635 0.621462 -1.325892
v -0.117965 0.576791 -1.325892
v -0.048389 0.507215 -1.325892
v -0.003718 0.419545 -1.325892
v 0.011674 0.322361 -1.325892
v -0.003718 0.225178 -1.325892
v -0.048389 0.137507 -1.325892
v -0.117965 0.067931 -1.325892
v -0.205635 0.023261 -1.325892
v -0.234100 0.621462 -1.257173
v -0.172107 0.576791 -1.195181
v -0.122910 0.507215 -1.145983
v -0.091323 0.419545 -1.114396
v -0.080439 0.322361 -1.103512
v -0.091323 0.225178 -1.114396
v -0.122910 0.137507 -1.145983
v -0.172107 0.067931 -1.195181
v -0.234100 0.023261 -1.257173
v -0.302819 0.621462 -1.228709
v -0.302819 0.576791 -1.141038
v -0.302819 0.507215 -1.071462
v -0.302819 0.419545 -1.026792
v -0.302819 0.322361 -1.011399
v -0.302819 0.225178 -1.026792
v -0.302819 0.137507 -1.071462
v -0.302819 0.067931 -1.141038
v -0.302819 0.023261 -1.228709
v -0.371538 0.621462 -1.257173
v -0.433531 0.576791 -1.195181
v -0.482728 0.507215 -1.145983
v -0.514315 0.419545 -1.114396
v -0.525199 0.322361 -1.103512
v -0.514315 0.225178 -1.114396
v -0.482728 0.137507 -1.145983
v -0.433531 0.067931 -1.195181
v -0.371538 0.023261 -1.257173
v -0.302819 0.007868 -1.325892
v -0.302819 0.636854 -1.325892
v -0.400003 0.621462 -1.325892
v -0.487673 0.576791 -1.325892
v -0.557249 0.507215 -1.325892
v -0.601920 0.419545 -1.325892
v -0.617312 0.322361 -1.325892
v -0.601920 0.225178 -1.325892
v -0.557249 0.137507 -1.325892
v -0.487673 0.067931 -1.325892
v -0.400003 0.023261 -1.325892
v -0.371538 0.621462 -1.394611
v -0.433531 0.576791 -1.456604
v -0.482728 0.507215 -1.505801
v -0.514315 0.419545 -1.537388
v -0.525199 0.322361 -1.548272
v -0.514315 0.225178 -1.537388
v -0.482728 0.137507 -1.505801
v -0.433531 0.067931 -1.456604
v -0.371538 0.023261 -1.394611
v -0.302819 0.621462 -1.423076
v -0.302819 0.576791 -1.510746
v -0.302819 0.507215 -1.580322
v -0.302819 0.419545 -1.624993
v -0.302819 0.322361 -1.640385
v -0.302819 0.225178 -1.624993
v -0.302819 0.137507 -1.580322
v -0.302819 0.067931 -1.510746
v -0.302819 0.023261 -1.423076
v -0.310330 0.313900 -1.394611
v -0.248337 0.269230 -1.456604
v -0.199140 0.199654 -1.505801
v -0.167553 0.111983 -1.537388
v -0.156669 0.014799 -1.548272
v -0.167553 -0.082384 -1.537388
v -0.199140 -0.170055 -1.505801
v -0.248337 -0.239631 -1.456604
v -0.310330 -0.284301 -1.394611
v -0.281866 0.313900 -1.325892
v -0.194195 0.269230 -1.325892
v -0.124619 0.199654 -1.325892
v -0.079949 0.111983 -1.325892
v -0.064556 0.014799 -1.325892
v -0.079949 -0.082384 -1.325892
v -0.124619 -0.170055 -1.325892
v -0.194195 -0.239631 -1.325892
v -0.281866 -0.284301 -1.325892
v -0.310330 0.313900 -1.257173
v -0.248337 0.269230 -1.195181
v -0.199140 0.199654 -1.145983
v -0.167553 0.111983 -1.114396
v -0.156669 0.014799 -1.103512
v -0.167553 -0.082384 -1.114396
v -0.199140 -0.170055 -1.145983
v -0.248337 -0.239631 -1.195181
v -0.310330 -0.284301 -1.257173
v -0.379049 0.313900 -1.228709
v -0.379049 0.269230 -1.141038
v -0.379049 0.199654 -1.071462
v -0.379049 0.111983 -1.026792
v -0.379049 0.014799 -1.011399
v -0.379049 -0.082384 -1.026792
v -0.379049 -0.170055 -1.071462
v -0.379049 -0.239631 -1.141038
v -0.379049 -0.284301 -1.228709
v -0.447768 0.313900 -1.257173
v -0.509761 0.269230 -1.195181
v -0.558959 0.199654 -1.145983
v -0.590545 0.111983 -1.114396
v -0.601429 0.014799 -1.103512
v -0.590545 -0.082384 -1.114396
v -0.558959 -0.170055 -1.145983
v -0.509761 -0.239631 -1.195181
v -0.447768 -0.284301 -1.257173
v -0.379049 -0.299693 -1.325892
v -0.379049 0.329292 -1.325892
v -0.476233 0.313900 -1.325892
v -0.563904 0.269230 -1.325892
v -0.633479 0.199654 -1.325892
v -0.678150 0.111983 -1.325892
v -0.693542 0.014799 -1.325892
v -0.678150 -0.082384 -1.325892
v -0.633479 -0.170055 -1.325892
v -0.563904 -0.239631 -1.325892
v -0.476233 -0.284301 -1.325892
v -0.447768 0.313900 -1.394611
v -0.509761 0.269230 -1.456604
v -0.558959 0.199654 -1.505801
v -0.590545 0.111983 -1.537388
v -0.601429 0.014799 -1.548272
v -0.590545 -0.082384 -1.537388
v -0.558959 -0.170055 -1.505801
v -0.509761 -0.239631 -1.456604
v -0.447768 -0.284301 -1.394611
v -0.379049 0.313900 -1.423076
v -0.379049 0.269230 -1.510746
v -0.379049 0.199654 -1.580322
v -0.379049 0.111983 -1.624993
v -0.379049 0.014799 -1.640385
v -0.379049 -0.082384 -1.624993
v -0.379049 -0.170055 -1.580322
v -0.379049 -0.239631 -1.510746
v -0.379049 -0.284301 -1.423076
vn 0.2428 0.9392 -0.2428
vn 0.4328 0.7908 -0.4328
vn 0.5809 0.5702 -0.5809
vn 0.6749 0.2983 -0.6749
vn 0.7071 -0.0000 -0.7071
vn 0.6749 -0.2983 -0.6749
vn 0.5809 -0.5702 -0.5809
vn 0.4328 -0.7908 -0.4328
vn 0.2428 -0.9392 -0.2428
vn 0.3434 0.9392 -0.0000
vn 0.6120 0.7908 -0.0000
vn 0.8215 0.5702 -0.0000
vn 0.9545 0.2983 -0.0000
vn 1.0000 -0.0000 -0.0000
vn 0.9545 -0.2983 -0.0000
vn 0.8215 -0.5702 -0.0000
vn 0.6120 -0.7908 -0.0000
vn 0.3434 -0.9392 -0.0000
vn 0.2428 0.9392 0.2428
vn 0.4328 0.7908 0.4328
vn 0.5809 0.5702 0.5809
vn 0.6749 0.2983 0.6749
vn 0.7071 -0.0000 0.7071
vn 0.6749 -0.2983 0.6749
vn 0.5809 -0.5702 0.5809
vn 0.4328 -0.7908 0.4328
vn 0.2428 -0.9392 0.2428
vn -0.0000 0.9392 0.3434
vn -0.0000 0.7908 0.6120
vn -0.0000 0.5702 0.8215
vn -0.0000 0.2983 0.9545
vn -0.0000 -0.0000 1.0000
vn -0.0000 -0.2983 0.9545
vn -0.0000 -0.5702 0.8215
vn -0.0000 -0.7908 0.6120
vn -0.0000 -0.9392 0.3434
vn -0.2428 0.9392 0.2428
vn -0.4328 0.7908 0.4328
vn -0.5809 0.5702 0.5809
vn -0.6749 0.2983 0.6749
vn -0.7071 -0.0000 0.7071
vn -0.6749 -0.2983 0.6749
vn -0.5809 -0.5702 0.5809
vn -0.4328 -0.7908 0.4328
vn -0.2428 -0.9392 0.2428
vn -0.0000 -1.0000 -0.0000
vn -0.0000 1.0000 -0.0000
vn -0.3434 0.9392 -0.0000
vn -0.6120 0.7908 -0.0000
vn -0.8215 0.5702 -0.0000
vn -0.9545 0.2983 -0.0000
vn -1.0000 -0.0000 -0.0000
vn -0.9545 -0.2983 -0.0000
vn -0.8215 -0.5702 -0.0000
vn -0.6120 -0.7908 -0.0000
vn -0.3434 -0.9392 -0.0000
vn -0.2428 0.9392 -0.2428
vn -0.4328 0.7908 -0.4328
vn -0.5809 0.5702 -0.5809
vn -0.6749 0.2983 -0.6749
vn -0.7071 -0.0000 -0.7071
vn -0.6749 -0.2983 -0.6749
vn -0.5809 -0.5702 -0.5809
vn -0.4328 -0.7908 -0.4328
vn -0.2428 -0.9392 -0.2428
vn -0.0000 0.9392 -0.3434
vn -0.0000 0.7908 -0.6120
vn -0.0000 0.5702 -0.8215
vn -0.0000 0.2983 -0.9545
vn -0.0000 -0.0000 -1.0000
vn -0.0000 -0.2983 -0.9545
vn -0.0000 -0.5702 -0.8215
vn -0.0000 -0.7908 -0.6120
vn -0.0000 -0.9392 -0.3434
vt 0.750000 0.900000
vt 0.687500 1.000000
vt 0.625000 0.900000
vt 0.750000 0.200000
vt 0.750000 0.300000
vt 0.625000 0.300000
vt 0.625000 0.200000
vt 0.750000 0.500000
vt 0.750000 0.600000
vt 0.625000 0.600000
vt 0.625000 0.500000
vt 0.750000 0.800000
vt 0.625000 0.800000
vt 0.750000 0.100000
vt 0.625000 0.100000
vt 0.750000 0.400000
vt 0.625000 0.400000
vt 0.750000 0.700000
vt 0.625000 0.700000
vt 0.687500 0.000000
vt 0.500000 0.300000
vt 0.500000 0.200000
vt 0.500000 0.600000
vt 0.500000 0.500000
vt 0.500000 0.900000
vt 0.500000 0.800000
vt 0.500000 0.100000
vt 0.500000 0.400000
vt 0.500000 0.700000
vt 0.562500 0.000000
vt 0.562500 1.000000
vt 0.375000 0.700000
vt 0.375000 0.600000
vt 0.437500 1.000000
vt 0.375000 0.900000
vt 0.375000 0.300000
vt 0.375000 0.200000
vt 0.375000 0.500000
vt 0.375000 0.800000
vt 0.375000 0.100000
vt 0.375000 0.400000
vt 0.437500 0.000000
vt 0.250000 0.400000
vt 0.250000 0.300000
vt 0.250000 0.700000
vt 0.250000 0.600000
vt 0.312500 1.000000
vt 0.250000 0.900000
vt 0.250000 0.200000
vt 0.250000 0.500000
vt 0.250000 0.800000
vt 0.250000 0.100000
vt 0.312500 0.000000
vt 0.125000 0.800000
vt 0.125000 0.700000
vt 0.187500 0.000000
vt 0.125000 0.100000
vt 0.125000 0.400000
vt 0.125000 0.300000
vt 0.125000 0.600000
vt 0.187500 1.000000
vt 0.125000 0.900000
vt 0.125000 0.200000
vt 0.125000 0.500000
vt 0.000000 0.200000
vt 0.000000 0.100000
vt 0.000000 0.500000
vt 0.000000 0.400000
vt 0.000000 0.800000
vt 0.000000 0.700000
vt 0.062500 0.000000
vt 0.000000 0.300000
vt 0.000000 0.600000
vt 0.062500 1.000000
vt 0.000000 0.900000
vt 1.000000 0.500000
vt 1.000000 0.600000
vt 0.875000 0.600000
vt 0.875000 0.500000
vt 1.000000 0.800000
vt 1.000000 0.900000
vt 0.875000 0.900000
vt 0.875000 0.800000
vt 1.000000 0.100000
vt 1.000000 0.200000
vt 0.875000 0.200000
vt 0.875000 0.100000
vt 1.000000 0.400000
vt 0.875000 0.400000
vt 1.000000 0.700000
vt 0.875000 0.700000
vt 0.937500 0.000000
vt 1.000000 0.300000
vt 0.875000 0.300000
vt 0.937500 1.000000
vt 0.812500 1.000000
vt 0.812500 0.000000
s 1
f 3582/657/766 3563/658/747 3517/659/701
f 3589/660/773 3588/661/772 3523/662/707 3524/663/708
f 3586/664/770 3585/665/769 3520/666/704 3521/667/705
f 3583/668/767 3582/657/766 3517/659/701 3518/669/702
f 3590/670/774 3589/660/773 3524/663/708 3525/671/709
f 3587/672/771 3586/664/770 3521/667/705 3522/673/706
f 3584/674/768 3583/668/767 3518/669/702 3519/675/703
f 3562/676/746 3590/670/774 3525/671/709
f 3588/661/772 3587/672/771 3522/673/706 3523/662/707
f 3585/665/769 3584/674/768 3519/675/703 3520/666/704
f 3524/663/708 3523/662/707 3532/677/716 3533/678/717
f 3521/667/705 3520/666/704 3529/679/713 3530/680/714
f 3518/669/702 3517/659/701 3526/681/710 3527/682/711
f 3525/671/709 3524/663/708 3533/678/717 3534/683/718
f 3522/673/706 3521/667/705 3530/680/714 3531/684/715
f 3519/675/703 3518/669/702 3527/682/711 3528/685/712
f 3562/686/746 3525/671/709 3534/683/718
f 3523/662/707 3522/673/706 3531/684/715 3532/677/716
f 3520/666/704 3519/675/703 3528/685/712 3529/679/713
f 3517/659/701 3563/687/747 3526/681/710
f 3529/679/713 3528/685/712 3537/688/721 3538/689/722
f 3526/681/710 3563/690/747 3535/691/719
f 3533/678/717 3532/677/716 3541/692/725 3542/693/726
f 3530/680/714 3529/679/713 3538/689/722 3539/694/723
f 3527/682/711 3526/681/710 3535/691/719 3536/695/720
f 3534/683/718 3533/678/717 3542/693/726 3543/696/727
f 3531/684/715 3530/680/714 3539/694/723 3540/697/724
f 3528/685/712 3527/682/711 3536/695/720 3537/688/721
f 3562/698/746 3534/683/718 3543/696/727
f 3532/677/716 3531/684/715 3540/697/724 3541/692/725
f 3541/692/725 3540/697/724 3549/699/733 3550/700/734
f 3538/689/722 3537/688/721 3546/701/730 3547/702/731
f 3535/691/719 3563/703/747 3544/704/728
f 3542/693/726 3541/692/725 3550/700/734 3551/705/735
f 3539/694/723 3538/689/722 3547/702/731 3548/706/732
f 3536/695/720 3535/691/719 3544/704/728 3545/707/729
f 3543/696/727 3542/693/726 3551/705/735 3552/708/736
f 3540/697/724 3539/694/723 3548/706/732 3549/699/733
f 3537/688/721 3536/695/720 3545/707/729 3546/701/730
f 3562/709/746 3543/696/727 3552/708/736
f 3546/701/730 3545/707/729 3554/710/738 3555/711/739
f 3562/712/746 3552/708/736 3561/713/745
f 3550/700/734 3549/699/733 3558/714/742 3559/715/743
f 3547/702/731 3546/701/730 3555/711/739 3556/716/740
f 3544/704/728 3563/717/747 3553/718/737
f 3551/705/735 3550/700/734 3559/715/743 3560/719/744
f 3548/706/732 3547/702/731 3556/716/740 3557/720/741
f 3545/707/729 3544/704/728 3553/718/737 3554/710/738
f 3552/708/736 3551/705/735 3560/719/744 3561/713/745
f 3549/699/733 3548/706/732 3557/720/741 3558/714/742
f 3561/713/745 3560/719/744 3571/721/755 3572/722/756
f 3558/714/742 3557/720/741 3568/723/752 3569/724/753
f 3555/711/739 3554/710/738 3565/725/749 3566/726/750
f 3562/727/746 3561/713/745 3572/722/756
f 3559/715/743 3558/714/742 3569/724/753 3570/728/754
f 3556/716/740 3555/711/739 3566/726/750 3567/729/751
f 3553/718/737 3563/730/747 3564/731/748
f 3560/719/744 3559/715/743 3570/728/754 3571/721/755
f 3557/720/741 3556/716/740 3567/729/751 3568/723/752
f 3554/710/738 3553/718/737 3564/731/748 3565/725/749
f 3568/732/752 3567/733/751 3576/734/760 3577/735/761
f 3565/736/749 3564/737/748 3573/738/757 3574/739/758
f 3572/740/756 3571/741/755 3580/742/764 3581/743/765
f 3569/744/753 3568/732/752 3577/735/761 3578/745/762
f 3566/746/750 3565/736/749 3574/739/758 3575/747/759
f 3562/748/746 3572/740/756 3581/743/765
f 3570/749/754 3569/744/753 3578/745/762 3579/750/763
f 3567/733/751 3566/746/750 3575/747/759 3576/734/760
f 3564/737/748 3563/751/747 3573/738/757
f 3571/741/755 3570/749/754 3579/750/763 3580/742/764
f 3573/738/757 3563/752/747 3582/657/766
f 3580/742/764 3579/750/763 3588/661/772 3589/660/773
f 3577/735/761 3576/734/760 3585/665/769 3586/664/770
f 3574/739/758 3573/738/757 3582/657/766 3583/668/767
f 3581/743/765 3580/742/764 3589/660/773 3590/670/774
f 3578/745/762 3577/735/761 3586/664/770 3587/672/771
f 3575/747/759 3574/739/758 3583/668/767 3584/674/768
f 3562/753/746 3581/743/765 3590/670/774
f 3579/750/763 3578/745/762 3587/672/771 3588/661/772
f 3576/734/760 3575/747/759 3584/674/768 3585/665/769
f 3656/657/766 3637/658/747 3591/659/701
f 3663/660/773 3662/661/772 3597/662/707 3598/663/708
f 3660/664/770 3659/665/769 3594/666/704 3595/667/705
f 3657/668/767 3656/657/766 3591/659/701 3592/669/702
f 3664/670/774 3663/660/773 3598/663/708 3599/671/709
f 3661/672/771 3660/664/770 3595/667/705 3596/673/706
f 3658/674/768 3657/668/767 3592/669/702 3593/675/703
f 3636/676/746 3664/670/774 3599/671/709
f 3662/661/772 3661/672/771 3596/673/706 3597/662/707
f 3659/665/769 3658/674/768 3593/675/703 3594/666/704
f 3598/663/708 3597/662/707 3606/677/716 3607/678/717
f 3595/667/705 3594/666/704 3603/679/713 3604/680/714
f 3592/669/702 3591/659/701 3600/681/710 3601/682/711
f 3599/671/709 3598/663/708 3607/678/717 3608/683/718
f 3596/673/706 3595/667/705 3604/680/714 3605/684/715
f 3593/675/703 3592/669/702 3601/682/711 3602/685/712
f 3636/686/746 3599/671/709 3608/683/718
f 3597/662/707 3596/673/706 3605/684/715 3606/677/716
f 3594/666/704 3593/675/703 3602/685/712 3603/679/713
f 3591/659/701 3637/687/747 3600/681/710
f 3603/679/713 3602/685/712 3611/688/721 3612/689/722
f 3600/681/710 3637/690/747 3609/691/719
f 3607/678/717 3606/677/716 3615/692/725 3616/693/726
f 3604/680/714 3603/679/713 3612/689/722 3613/694/723
f 3601/682/711 3600/681/710 3609/691/719 3610/695/720
f 3608/683/718 3607/678/717 3616/693/726 3617/696/727
f 3605/684/715 3604/680/714 3613/694/723 3614/697/724
f 3602/685/712 3601/682/711 3610/695/720 3611/688/721
f 3636/698/746 3608/683/718 3617/696/727
f 3606/677/716 3605/684/715 3614/697/724 3615/692/725
f 3615/692/725 3614/697/724 3623/699/733 3624/700/734
f 3612/689/722 3611/688/721 3620/701/730 3621/702/731
f 3609/691/719 3637/703/747 3618/704/728
f 3616/693/726 3615/692/725 3624/700/734 3625/705/735
f 3613/694/723 3612/689/722 3621/702/731 3622/706/732
f 3610/695/720 3609/691/719 3618/704/728 3619/707/729
f 3617/696/727 3616/693/726 3625/705/735 3626/708/736
f 3614/697/724 3613/694/723 3622/706/732 3623/699/733
f 3611/688/721 3610/695/720 3619/707/729 3620/701/730
f 3636/709/746 3617/696/727 3626/708/736
f 3620/701/730 3619/707/729 3628/710/738 3629/711/739
f 3636/712/746 3626/708/736 3635/713/745
f 3624/700/734 3623/699/733 3632/714/742 3633/715/743
f 3621/702/731 3620/701/730 3629/711/739 3630/716/740
f 3618/704/728 3637/717/747 3627/718/737
f 3625/705/735 3624/700/734 3633/715/743 3634/719/744
f 3622/706/732 3621/702/731 3630/716/740 3631/720/741
f 3619/707/729 3618/704/728 3627/718/737 3628/710/738
f 3626/708/736 3625/705/735 3634/719/744 3635/713/745
f 3623/699/733 3622/706/732 3631/720/741 3632/714/742
f 3635/713/745 3634/719/744 3645/721/755 3646/722/756
f 3632/714/742 3631/720/741 3642/723/752 3643/724/753
f 3629/711/739 3628/710/738 3639/725/749 3640/726/750
f 3636/727/746 3635/713/745 3646/722/756
f 3633/715/743 3632/714/742 3643/724/753 3644/728/754
f 3630/716/740 3629/711/739 3640/726/750 3641/729/751
f 3627/718/737 3637/730/747 3638/731/748
f 3634/719/744 3633/715/743 3644/728/754 3645/721/755
f 3631/720/741 3630/716/740 3641/729/751 3642/723/752
f 3628/710/738 3627/718/737 3638/731/748 3639/725/749
f 3642/732/752 3641/733/751 3650/734/760 3651/735/761
f 3639/736/749 3638/737/748 3647/738/757 3648/739/758
f 3646/740/756 3645/741/755 3654/742/764 3655/743/765
f 3643/744/753 3642/732/752 3651/735/761 3652/745/762
f 3640/746/750 3639/736/749 3648/739/758 3649/747/759
f 3636/748/746 3646/740/756 3655/743/765
f 3644/749/754 3643/744/753 3652/745/762 3653/750/763
f 3641/733/751 3640/746/750 3649/747/759 3650/734/760
f 3638/737/748 3637/751/747 3647/738/757
f 3645/741/755 3644/749/754 3653/750/763 3654/742/764
f 3647/738/757 3637/752/747 3656/657/766
f 3654/742/764 3653/750/763 3662/661/772 3663/660/773
f 3651/735/761 3650/734/760 3659/665/769 3660/664/770
f 3648/739/758 3647/738/757 3656/657/766 3657/668/767
f 3655/743/765 3654/742/764 3663/660/773 3664/670/774
f 3652/745/762 3651/735/761 3660/664/770 3661/672/771
f 3649/747/759 3648/739/758 3657/668/767 3658/674/768
f 3636/753/746 3655/743/765 3664/670/774
f 3653/750/763 3652/745/762 3661/672/771 3662/661/772
f 3650/734/760 3649/747/759 3658/674/768 3659/665/769
f 3730/657/766 3711/658/747 3665/659/701
f 3737/660/773 3736/661/772 3671/662/707 3672/663/708
f 3734/664/770 3733/665/769 3668/666/704 3669/667/705
f 3731/668/767 3730/657/766 3665/659/701 3666/669/702
f 3738/670/774 3737/660/773 3672/663/708 3673/671/709
f 3735/672/771 3734/664/770 3669/667/705 3670/673/706
f 3732/674/768 3731/668/767 3666/669/702 3667/675/703
f 3710/676/746 3738/670/774 3673/671/709
f 3736/661/772 3735/672/771 3670/673/706 3671/662/707
f 3733/665/769 3732/674/768 3667/675/703 3668/666/704
f 3672/663/708 3671/662/707 3680/677/716 3681/678/717
f 3669/667/705 3668/666/704 3677/679/713 3678/680/714
f 3666/669/702 3665/659/701 3674/681/710 3675/682/711
f 3673/671/709 3672/663/708 3681/678/717 3682/683/718
f 3670/673/706 3669/667/705 3678/680/714 3679/684/715
f 3667/675/703 3666/669/702 3675/682/711 3676/685/712
f 3710/686/746 3673/671/709 3682/683/718
f 3671/662/707 3670/673/706 3679/684/715 3680/677/716
f 3668/666/704 3667/675/703 3676/685/712 3677/679/713
f 3665/659/701 3711/687/747 3674/681/710
f 3677/679/713 3676/685/712 3685/688/721 3686/689/722
f 3674/681/710 3711/690/747 3683/691/719
f 3681/678/717 3680/677/716 3689/692/725 3690/693/726
f 3678/680/714 3677/679/713 3686/689/722 3687/694/723
f 3675/682/711 3674/681/710 3683/691/719 3684/695/720
f 3682/683/718 3681/678/717 3690/693/726 3691/696/727
f 3679/684/715 3678/680/714 3687/694/723 3688/697/724
f 3676/685/712 3675/682/711 3684/695/720 3685/688/721
f 3710/698/746 3682/683/718 3691/696/727
f 3680/677/716 3679/684/715 3688/697/724 3689/692/725
f 3689/692/725 3688/697/724 3697/699/733 3698/700/734
f 3686/689/722 3685/688/721 3694/701/730 3695/702/731
f 3683/691/719 3711/703/747 3692/704/728
f 3690/693/726 3689/692/725 3698/700/734 3699/705/735
f 3687/694/723 3686/689/722 3695/702/731 3696/706/732
f 3684/695/720 3683/691/719 3692/704/728 3693/707/729
f 3691/696/727 3690/693/726 3699/705/735 3700/708/736
f 3688/697/724 3687/694/723 3696/706/732 3697/699/733
f 3685/688/721 3684/695/720 3693/707/729 3694/701/730
f 3710/709/746 3691/696/727 3700/708/736
f 3694/701/730 3693/707/729 3702/710/738 3703/711/739
f 3710/712/746 3700/708/736 3709/713/745
f 3698/700/734 3697/699/733 3706/714/742 3707/715/743
f 3695/702/731 3694/701/730 3703/711/739 3704/716/740
f 3692/704/728 3711/717/747 3701/718/737
f 3699/705/735 3698/700/734 3707/715/743 3708/719/744
f 3696/706/732 3695/702/731 3704/716/740 3705/720/741
f 3693/707/729 3692/704/728 3701/718/737 3702/710/738
f 3700/708/736 3699/705/735 3708/719/744 3709/713/745
f 3697/699/733 3696/706/732 3705/720/741 3706/714/742
f 3709/713/745 3708/719/744 3719/721/755 3720/722/756
f 3706/714/742 3705/720/741 3716/723/752 3717/724/753
f 3703/711/739 3702/710/738 3713/725/749 3714/726/750
f 3710/727/746 3709/713/745 3720/722/756
f 3707/715/743 3706/714/742 3717/724/753 3718/728/754
f 3704/716/740 3703/711/739 3714/726/750 3715/729/751
f 3701/718/737 3711/730/747 3712/731/748
f 3708/719/744 3707/715/743 3718/728/754 3719/721/755
f 3705/720/741 3704/716/740 3715/729/751 3716/723/752
f 3702/710/738 3701/718/737 3712/731/748 3713/725/749
f 3716/732/752 3715/733/751 3724/734/760 3725/735/761
f 3713/736/749 3712/737/748 3721/738/757 3722/739/758
f 3720/740/756 3719/741/755 3728/742/764 3729/743/765
f 3717/744/753 3716/732/752 3725/735/761 3726/745/762
f 3714/746/750 3713/736/749 3722/739/758 3723/747/759
f 3710/748/746 3720/740/756 3729/743/765
f 3718/749/754 3717/744/753 3726/745/762 3727/750/763
f 3715/733/751 3714/746/750 3723/747/759 3724/734/760
f 3712/737/748 3711/751/747 3721/738/757
f 3719/741/755 3718/749/754 3727/750/763 3728/742/764
f 3721/738/757 3711/752/747 3730/657/766
f 3728/742/764 3727/750/763 3736/661/772 3737/660/773
f 3725/735/761 3724/734/760 3733/665/769 3734/664/770
f 3722/739/758 3721/738/757 3730/657/766 3731/668/767
f 3729/743/765 3728/742/764 3737/660/773 3738/670/774
f 3726/745/762 3725/735/761 3734/664/770 3735/672/771
f 3723/747/759 3722/739/758 3731/668/767 3732/674/768
f 3710/753/746 3729/743/765 3738/670/774
f 3727/750/763 3726/745/762 3735/672/771 3736/661/772
f 3724/734/760 3723/747/759 3732/674/768 3733/665/769
f 3804/657/766 3785/658/747 3739/659/701
f 3811/660/773 3810/661/772 3745/662/707 3746/663/708
f 3808/664/770 3807/665/769 3742/666/704 3743/667/705
f 3805/668/767 3804/657/766 3739/659/701 3740/669/702
f 3812/670/774 3811/660/773 3746/663/708 3747/671/709
f 3809/672/771 3808/664/770 3743/667/705 3744/673/706
f 3806/674/768 3805/668/767 3740/669/702 3741/675/703
f 3784/676/746 3812/670/774 3747/671/709
f 3810/661/772 3809/672/771 3744/673/706 3745/662/707
f 3807/665/769 3806/674/768 3741/675/703 3742/666/704
f 3746/663/708 3745/662/707 3754/677/716 3755/678/717
f 3743/667/705 3742/666/704 3751/679/713 3752/680/714
f 3740/669/702 3739/659/701 3748/681/710 3749/682/711
f 3747/671/709 3746/663/708 3755/678/717 3756/683/718
f 3744/673/706 3743/667/705 3752/680/714 3753/684/715
f 3741/675/703 3740/669/702 3749/682/711 3750/685/712
f 3784/686/746 3747/671/709 3756/683/718
f 3745/662/707 3744/673/706 3753/684/715 3754/677/716
f 3742/666/704 3741/675/703 3750/685/712 3751/679/713
f 3739/659/701 3785/687/747 3748/681/710
f 3751/679/713 3750/685/712 3759/688/721 3760/689/722
f 3748/681/710 3785/690/747 3757/691/719
f 3755/678/717 3754/677/716 3763/692/725 3764/693/726
f 3752/680/714 3751/679/713 3760/689/722 3761/694/723
f 3749/682/711 3748/681/710 3757/691/719 3758/695/720
f 3756/683/718 3755/678/717 3764/693/726 3765/696/727
f 3753/684/715 3752/680/714 3761/694/723 3762/697/724
f 3750/685/712 3749/682/711 3758/695/720 3759/688/721
f 3784/698/746 3756/683/718 3765/696/727
f 3754/677/716 3753/684/715 3762/697/724 3763/692/725
f 3763/692/725 3762/697/724 3771/699/733 3772/700/734
f 3760/689/722 3759/688/721 3768/701/730 3769/702/731
f 3757/691/719 3785/703/747 3766/704/728
f 3764/693/726 3763/692/725 3772/700/734 3773/705/735
f 3761/694/723 3760/689/722 3769/702/731 3770/706/732
f 3758/695/720 3757/691/719 3766/704/728 3767/707/729
f 3765/696/727 3764/693/726 3773/705/735 3774/708/736
f 3762/697/724 3761/694/723 3770/706/732 3771/699/733
f 3759/688/721 3758/695/720 3767/707/729 3768/701/730
f 3784/709/746 3765/696/727 3774/708/736
f 3768/701/730 3767/707/729 3776/710/738 3777/711/739
f 3784/712/746 3774/708/736 3783/713/745
f 3772/700/734 3771/699/733 3780/714/742 3781/715/743
f 3769/702/731 3768/701/730 3777/711/739 3778/716/740
f 3766/704/728 3785/717/747 3775/718/737
f 3773/705/735 3772/700/734 3781/715/743 3782/719/744
f 3770/706/732 3769/702/731 3778/716/740 3779/720/741
f 3767/707/729 3766/704/728 3775/718/737 3776/710/738
f 3774/708/736 3773/705/735 3782/719/744 3783/713/745
f 3771/699/733 3770/706/732 3779/720/741 3780/714/742
f 3783/713/745 3782/719/744 3793/721/755 3794/722/756
f 3780/714/742 3779/720/741 3790/723/752 3791/724/753
f 3777/711/739 3776/710/738 3787/725/749 3788/726/750
f 3784/727/746 3783/713/745 3794/722/756
f 3781/715/743 3780/714/742 3791/724/753 3792/728/754
f 3778/716/740 3777/711/739 3788/726/750 3789/729/751
f 3775/718/737 3785/730/747 3786/731/748
f 3782/719/744 3781/715/743 3792/728/754 3793/721/755
f 3779/720/741 3778/716/740 3789/729/751 3790/723/752
f 3776/710/738 3775/718/737 3786/731/748 3787/725/749
f 3790/732/752 3789/733/751 3798/734/760 3799/735/761
f 3787/736/749 3786/737/748 3795/738/757 3796/739/758
f 3794/740/756 3793/741/755 3802/742/764 3803/743/765
f 3791/744/753 3790/732/752 3799/735/761 3800/745/762
f 3788/746/750 3787/736/749 3796/739/758 3797/747/759
f 3784/748/746 3794/740/756 3803/743/765
f 3792/749/754 3791/744/753 3800/745/762 3801/750/763
f 3789/733/751 3788/746/750 3797/747/759 3798/734/760
f 3786/737/748 3785/751/747 3795/738/757
f 3793/741/755 3792/749/754 3801/750/763 3802/742/764
f 3795/738/757 3785/752/747 3804/657/766
f 3802/742/764 3801/750/763 3810/661/772 3811/660/773
f 3799/735/761 3798/734/760 3807/665/769 3808/664/770
f 3796/739/758 3795/738/757 3804/657/766 3805/668/767
f 3803/743/765 3802/742/764 3811/660/773 3812/670/774
f 3800/745/762 3799/735/761 3808/664/770 3809/672/771
f 3797/747/759 3796/739/758 3805/668/767 3806/674/768
f 3784/753/746 3803/743/765 3812/670/774
f 3801/750/763 3800/745/762 3809/672/771 3810/661/772
f 3798/734/760 3797/747/759 3806/674/768 3807/665/769
f 3878/657/766 3859/658/747 3813/659/701
f 3885/660/773 3884/661/772 3819/662/707 3820/663/708
f 3882/664/770 3881/665/769 3816/666/704 3817/667/705
f 3879/668/767 3878/657/766 3813/659/701 3814/669/702
f 3886/670/774 3885/660/773 3820/663/708 3821/671/709
f 3883/672/771 3882/664/770 3817/667/705 3818/673/706
f 3880/674/768 3879/668/767 3814/669/702 3815/675/703
f 3858/676/746 3886/670/774 3821/671/709
f 3884/661/772 3883/672/771 3818/673/706 3819/662/707
f 3881/665/769 3880/674/768 3815/675/703 3816/666/704
f 3820/663/708 3819/662/707 3828/677/716 3829/678/717
f 3817/667/705 3816/666/704 3825/679/713 3826/680/714
f 3814/669/702 3813/659/701 3822/681/710 3823/682/711
f 3821/671/709 3820/663/708 3829/678/717 3830/683/718
f 3818/673/706 3817/667/705 3826/680/714 3827/684/715
f 3815/675/703 3814/669/702 3823/682/711 3824/685/712
f 3858/686/746 3821/671/709 3830/683/718
f 3819/662/707 3818/673/706 3827/684/715 3828/677/716
f 3816/666/704 3815/675/703 3824/685/712 3825/679/713
f 3813/659/701 3859/687/747 3822/681/710
f 3825/679/713 3824/685/712 3833/688/721 3834/689/722
f 3822/681/710 3859/690/747 3831/691/719
f 3829/678/717 3828/677/716 3837/692/725 3838/693/726
f 3826/680/714 3825/679/713 3834/689/722 3835/694/723
f 3823/682/711 3822/681/710 3831/691/719 3832/695/720
f 3830/683/718 3829/678/717 3838/693/726 3839/696/727
f 3827/684/715 3826/680/714 3835/694/723 3836/697/724
f 3824/685/712 3823/682/711 3832/695/720 3833/688/721
f 3858/698/746 3830/683/718 3839/696/727
f 3828/677/716 3827/684/715 3836/697/724 3837/692/725
f 3837/692/725 3836/697/724 3845/699/733 3846/700/734
f 3834/689/722 3833/688/721 3842/701/730 3843/702/731
f 3831/691/719 3859/703/747 3840/704/728
f 3838/693/726 3837/692/725 3846/700/734 3847/705/735
f 3835/694/723 3834/689/722 3843/702/731 3844/706/732
f 3832/695/720 3831/691/719 3840/704/728 3841/707/729
f 3839/696/727 3838/693/726 3847/705/735 3848/708/736
f 3836/697/724 3835/694/723 3844/706/732 3845/699/733
f 3833/688/721 3832/695/720 3841/707/729 3842/701/730
f 3858/709/746 3839/696/727 3848/708/736
f 3842/701/730 3841/707/729 3850/710/738 3851/711/739
f 3858/712/746 3848/708/736 3857/713/745
f 3846/700/734 3845/699/733 3854/714/742 3855/715/743
f 3843/702/731 3842/701/730 3851/711/739 3852/716/740
f 3840/704/728 3859/717/747 3849/718/737
f 3847/705/735 3846/700/734 3855/715/743 3856/719/744
f 3844/706/732 3843/702/731 3852/716/740 3853/720/741
f 3841/707/729 3840/704/728 3849/718/737 3850/710/738
f 3848/708/736 3847/705/735 3856/719/744 3857/713/745
f 3845/699/733 3844/706/732 3853/720/741 3854/714/742
f 3857/713/745 3856/719/744 3867/721/755 3868/722/756
f 3854/714/742 3853/720/741 3864/723/752 3865/724/753
f 3851/711/739 3850/710/738 3861/725/749 3862/726/750
f 3858/727/746 3857/713/745 3868/722/756
f 3855/715/743 3854/714/742 3865/724/753 3866/728/754
f 3852/716/740 3851/711/739 3862/726/750 3863/729/751
f 3849/718/737 3859/730/747 3860/731/748
f 3856/719/744 3855/715/743 3866/728/754 3867/721/755
f 3853/720/741 3852/716/740 3863/729/751 3864/723/752
f 3850/710/738 3849/718/737 3860/731/748 3861/725/749
f 3864/732/752 3863/733/751 3872/734/760 3873/735/761
f 3861/736/749 3860/737/748 3869/738/757 3870/739/758
f 3868/740/756 3867/741/755 3876/742/764 3877/743/765
f 3865/744/753 3864/732/752 3873/735/761 3874/745/762
f 3862/746/750 3861/736/749 3870/739/758 3871/747/759
f 3858/748/746 3868/740/756 3877/743/765
f 3866/749/754 3865/744/753 3874/745/762 3875/750/763
f 3863/733/751 3862/746/750 3871/747/759 3872/734/760
f 3860/737/748 3859/751/747 3869/738/757
f 3867/741/755 3866/749/754 3875/750/763 3876/742/764
f 3869/738/757 3859/752/747 3878/657/766
f 3876/742/764 3875/750/763 3884/661/772 3885/660/773
f 3873/735/761 3872/734/760 3881/665/769 3882/664/770
f 3870/739/758 3869/738/757 3878/657/766 3879/668/767
f 3877/743/765 3876/742/764 3885/660/773 3886/670/774
f 3874/745/762 3873/735/761 3882/664/770 3883/672/771
f 3871/747/759 3870/739/758 3879/668/767 3880/674/768
f 3858/753/746 3877/743/765 3886/670/774
f 3875/750/763 3874/745/762 3883/672/771 3884/661/772
f 3872/734/760 3871/747/759 3880/674/768 3881/665/769
f 3952/657/766 3933/658/747 3887/659/701
f 3959/660/773 3958/661/772 3893/662/707 3894/663/708
f 3956/664/770 3955/665/769 3890/666/704 3891/667/705
f 3953/668/767 3952/657/766 3887/659/701 3888/669/702
f 3960/670/774 3959/660/773 3894/663/708 3895/671/709
f 3957/672/771 3956/664/770 3891/667/705 3892/673/706
f 3954/674/768 3953/668/767 3888/669/702 3889/675/703
f 3932/676/746 3960/670/774 3895/671/709
f 3958/661/772 3957/672/771 3892/673/706 3893/662/707
f 3955/665/769 3954/674/768 3889/675/703 3890/666/704
f 3894/663/708 3893/662/707 3902/677/716 3903/678/717
f 3891/667/705 3890/666/704 3899/679/713 3900/680/714
f 3888/669/702 3887/659/701 3896/681/710 3897/682/711
f 3895/671/709 3894/663/708 3903/678/717 3904/683/718
f 3892/673/706 3891/667/705 3900/680/714 3901/684/715
f 3889/675/703 3888/669/702 3897/682/711 3898/685/712
f 3932/686/746 3895/671/709 3904/683/718
f 3893/662/707 3892/673/706 3901/684/715 3902/677/716
f 3890/666/704 3889/675/703 3898/685/712 3899/679/713
f 3887/659/701 3933/687/747 3896/681/710
f 3899/679/713 3898/685/712 3907/688/721 3908/689/722
f 3896/681/710 3933/690/747 3905/691/719
f 3903/678/717 3902/677/716 3911/692/725 3912/693/726
f 3900/680/714 3899/679/713 3908/689/722 3909/694/723
f 3897/682/711 3896/681/710 3905/691/719 3906/695/720
f 3904/683/718 3903/678/717 3912/693/726 3913/696/727
f 3901/684/715 3900/680/714 3909/694/723 3910/697/724
f 3898/685/712 3897/682/711 3906/695/720 3907/688/721
f 3932/698/746 3904/683/718 3913/696/727
f 3902/677/716 3901/684/715 3910/697/724 3911/692/725
f 3911/692/725 3910/697/724 3919/699/733 3920/700/734
f 3908/689/722 3907/688/721 3916/701/730 3917/702/731
f 3905/691/719 3933/703/747 3914/704/728
f 3912/693/726 3911/692/725 3920/700/734 3921/705/735
f 3909/694/723 3908/689/722 3917/702/731 3918/706/732
f 3906/695/720 3905/691/719 3914/704/728 3915/707/729
f 3913/696/727 3912/693/726 3921/705/735 3922/708/736
f 3910/697/724 3909/694/723 3918/706/732 3919/699/733
f 3907/688/721 3906/695/720 3915/707/729 3916/701/730
f 3932/709/746 3913/696/727 3922/708/736
f 3916/701/730 3915/707/729 3924/710/738 3925/711/739
f 3932/712/746 3922/708/736 3931/713/745
f 3920/700/734 3919/699/733 3928/714/742 3929/715/743
f 3917/702/731 3916/701/730 3925/711/739 3926/716/740
f 3914/704/728 3933/717/747 3923/718/737
f 3921/705/735 3920/700/734 3929/715/743 3930/719/744
f 3918/706/732 3917/702/731 3926/716/740 3927/720/741
f 3915/707/729 3914/704/728 3923/718/737 3924/710/738
f 3922/708/736 3921/705/735 3930/719/744 3931/713/745
f 3919/699/733 3918/706/732 3927/720/741 3928/714/742
f 3931/713/745 3930/719/744 3941/721/755 3942/722/756
f 3928/714/742 3927/720/741 3938/723/752 3939/724/753
f 3925/711/739 3924/710/738 3935/725/749 3936/726/750
f 3932/727/746 3931/713/745 3942/722/756
f 3929/715/743 3928/714/742 3939/724/753 3940/728/754
f 3926/716/740 3925/711/739 3936/726/750 3937/729/751
f 3923/718/737 3933/730/747 3934/731/748
f 3930/719/744 3929/715/743 3940/728/754 3941/721/755
f 3927/720/741 3926/716/740 3937/729/751 3938/723/752
f 3924/710/738 3923/718/737 3934/731/748 3935/725/749
f 3938/732/752 3937/733/751 3946/734/760 3947/735/761
f 3935/736/749 3934/737/748 3943/738/757 3944/739/758
f 3942/740/756 3941/741/755 3950/742/764 3951/743/765
f 3939/744/753 3938/732/752 3947/735/761 3948/745/762
f 3936/746/750 3935/736/749 3944/739/758 3945/747/759
f 3932/748/746 3942/740/756 3951/743/765
f 3940/749/754 3939/744/753 3948/745/762 3949/750/763
f 3937/733/751 3936/746/750 3945/747/759 3946/734/760
f 3934/737/748 3933/751/747 3943/738/757
f 3941/741/755 3940/749/754 3949/750/763 3950/742/764
f 3943/738/757 3933/752/747 3952/657/766
f 3950/742/764 3949/750/763 3958/661/772 3959/660/773
f 3947/735/761 3946/734/760 3955/665/769 3956/664/770
f 3944/739/758 3943/738/757 3952/657/766 3953/668/767
f 3951/743/765 3950/742/764 3959/660/773 3960/670/774
f 3948/745/762 3947/735/761 3956/664/770 3957/672/771
f 3945/747/759 3944/739/758 3953/668/767 3954/674/768
f 3932/753/746 3951/743/765 3960/670/774
f 3949/750/763 3948/745/762 3957/672/771 3958/661/772
f 3946/734/760 3945/747/759 3954/674/768 3955/665/769
o FR_Leg
v -0.458579 -1.300000 0.358579
v -0.465500 -1.361803 0.365500
v -0.485588 -1.417557 0.385588
v -0.516875 -1.461803 0.416875
v -0.556298 -1.490211 0.456298
v -0.400000 -1.300000 0.500000
v -0.409789 -1.361803 0.500000
v -0.438197 -1.417557 0.500000
v -0.482443 -1.461803 0.500000
v -0.538197 -1.490211 0.500000
v -0.458579 -1.300000 0.641421
v -0.465500 -1.361803 0.634500
v -0.485588 -1.417557 0.614412
v -0.516875 -1.461803 0.583125
v -0.556298 -1.490211 0.543702
v -0.600000 -1.300000 0.700000
v -0.600000 -1.361803 0.690211
v -0.600000 -1.417557 0.661803
v -0.600000 -1.461803 0.617557
v -0.600000 -1.490211 0.561803
v -0.741421 -1.300000 0.641421
v -0.734500 -1.361803 0.634500
v -0.714412 -1.417557 0.614412
v -0.683125 -1.461803 0.583125
v -0.643702 -1.490211 0.543702
v -0.600000 -1.500000 0.500000
v -0.800000 -1.300000 0.500000
v -0.790211 -1.361803 0.500000
v -0.761803 -1.417557 0.500000
v -0.717557 -1.461803 0.500000
v -0.661803 -1.490211 0.500000
v -0.600000 -0.221472 0.300000
v -0.741421 -0.221472 0.358579
v -0.800000 -0.221472 0.500000
v -0.741421 -0.221472 0.641421
v -0.741421 -1.300000 0.358579
v -0.734500 -1.361803 0.365500
v -0.714412 -1.417557 0.385588
v -0.683125 -1.461803 0.416875
v -0.643702 -1.490211 0.456298
v -0.600000 -0.221472 0.700000
v -0.458579 -0.221472 0.641421
v -0.458579 -0.221472 0.358579
v -0.400000 -0.221472 0.500000
v -0.600000 -1.300000 0.300000
v -0.600000 -1.361803 0.309789
v -0.600000 -1.417557 0.338197
v -0.600000 -1.461803 0.382443
v -0.600000 -1.490211 0.438197
vn 0.7050 -0.0770 -0.7050
vn 0.6749 -0.2983 -0.6749
vn 0.5809 -0.5702 -0.5809
vn 0.4328 -0.7908 -0.4328
vn 0.2428 -0.9392 -0.2428
vn 0.9970 -0.0770 -0.0000
vn 0.9545 -0.2983 -0.0000
vn 0.8215 -0.5702 -0.0000
vn 0.6120 -0.7908 -0.0000
vn 0.3434 -0.9392 -0.0000
vn 0.7050 -0.0770 0.7050
vn 0.6749 -0.2983 0.6749
vn 0.5809 -0.5702 0.5809
vn 0.4328 -0.7908 0.4328
vn 0.2428 -0.9392 0.2428
vn -0.0000 -0.0770 0.9970
vn -0.0000 -0.2983 0.9545
vn -0.0000 -0.5702 0.8215
vn -0.0000 -0.7908 0.6120
vn -0.0000 -0.9392 0.3434
vn -0.7050 -0.0770 0.7050
vn -0.6749 -0.2983 0.6749
vn -0.5809 -0.5702 0.5809
vn -0.4328 -0.7908 0.4328
vn -0.2428 -0.9392 0.2428
vn -0.0000 -1.0000 -0.0000
vn -0.9970 -0.0770 -0.0000
vn -0.9545 -0.2983 -0.0000
vn -0.8215 -0.5702 -0.0000
vn -0.6120 -0.7908 -0.0000
vn -0.3434 -0.9392 -0.0000
vn -0.0000 0.6303 -0.7764
vn -0.5490 0.6303 -0.5490
vn -0.7764 0.6303 -0.0000
vn -0.5490 0.6303 0.5490
vn -0.7050 -0.0770 -0.7050
vn -0.6749 -0.2983 -0.6749
vn -0.5809 -0.5702 -0.5809
vn -0.4328 -0.7908 -0.4328
vn -0.2428 -0.9392 -0.2428
vn -0.0000 0.6303 0.7764
vn 0.5490 0.6303 0.5490
vn 0.5490 0.6303 -0.5490
vn 0.7764 0.6303 -0.0000
vn -0.0000 -0.0770 -0.9970
vn -0.0000 -0.2983 -0.9545
vn -0.0000 -0.5702 -0.8215
vn -0.0000 -0.7908 -0.6120
vn -0.0000 -0.9392 -0.3434
vt 0.687500 0.000000
vt 0.750000 0.100000
vt 0.625000 0.100000
vt 0.750000 0.300000
vt 0.750000 0.400000
vt 0.625000 0.400000
vt 0.625000 0.300000
vt 0.750000 0.200000
vt 0.625000 0.200000
vt 0.750000 0.500000
vt 0.625000 0.500000
vt 0.500000 0.400000
vt 0.500000 0.300000
vt 0.500000 0.200000
vt 0.500000 0.100000
vt 0.500000 0.500000
vt 0.562500 0.000000
vt 0.437500 0.000000
vt 0.375000 0.100000
vt 0.375000 0.400000
vt 0.375000 0.300000
vt 0.375000 0.200000
vt 0.375000 0.500000
vt 0.250000 0.200000
vt 0.250000 0.100000
vt 0.250000 0.500000
vt 0.250000 0.400000
vt 0.312500 0.000000
vt 0.250000 0.300000
vt 0.125000 0.200000
vt 0.125000 0.100000
vt 0.125000 0.500000
vt 0.125000 0.400000
vt 0.187500 0.000000
vt 0.125000 0.300000
vt 0.000000 0.300000
vt 0.000000 0.200000
vt 0.000000 0.100000
vt 0.000000 0.500000
vt 0.000000 0.400000
vt 0.062500 0.000000
vt 1.000000 0.200000
vt 1.000000 0.300000
vt 0.875000 0.300000
vt 0.875000 0.200000
vt 0.875000 0.500000
vt 1.000000 0.100000
vt 0.875000 0.100000
vt 1.000000 0.400000
vt 1.000000 0.500000
vt 0.875000 0.400000
vt 0.937500 0.000000
vt 0.812500 0.000000
s 1
f 3986/754/800 4009/755/823 3965/756/779
f 4007/757/821 4006/758/820 3962/759/776 3963/760/777
f 4008/761/822 4007/757/821 3963/760/777 3964/762/778
f 4009/755/823 4008/761/822 3964/762/778 3965/756/779
f 4006/758/820 4005/763/819 3961/764/775 3962/759/776
f 3963/760/777 3962/759/776 3967/765/781 3968/766/782
f 3964/762/778 3963/760/777 3968/766/782 3969/767/783
f 3965/756/779 3964/762/778 3969/767/783 3970/768/784
f 3962/759/776 3961/764/775 3966/769/780 3967/765/781
f 3986/770/800 3965/756/779 3970/768/784
f 3986/771/800 3970/768/784 3975/772/789
f 3968/766/782 3967/765/781 3972/773/786 3973/774/787
f 3969/767/783 3968/766/782 3973/774/787 3974/775/788
f 3970/768/784 3969/767/783 3974/775/788 3975/772/789
f 3967/765/781 3966/769/780 3971/776/785 3972/773/786
f 3975/772/789 3974/775/788 3979/777/793 3980/778/794
f 3972/773/786 3971/776/785 3976/779/790 3977/780/791
f 3986/781/800 3975/772/789 3980/778/794
f 3973/774/787 3972/773/786 3977/780/791 3978/782/792
f 3974/775/788 3973/774/787 3978/782/792 3979/777/793
f 3980/778/794 3979/777/793 3984/783/798 3985/784/799
f 3977/780/791 3976/779/790 3981/785/795 3982/786/796
f 3986/787/800 3980/778/794 3985/784/799
f 3978/782/792 3977/780/791 3982/786/796 3983/788/797
f 3979/777/793 3978/782/792 3983/788/797 3984/783/798
f 3984/783/798 3983/788/797 3989/789/803 3990/790/804
f 3985/784/799 3984/783/798 3990/790/804 3991/791/805
f 3982/786/796 3981/785/795 3987/792/801 3988/793/802
f 3986/794/800 3985/784/799 3991/791/805
f 3983/788/797 3982/786/796 3988/793/802 3989/789/803
f 3966/769/780 3961/764/775 4003/764/817 4004/769/818
f 3990/795/804 3989/796/803 3998/797/812 3999/798/813
f 3981/785/795 3976/779/790 4001/779/815 3995/785/809
f 4005/763/819 3996/799/810 3993/799/807 3992/763/806
f 3991/800/805 3990/795/804 3999/798/813 4000/801/814
f 3988/802/802 3987/803/801 3996/799/810 3997/804/811
f 3971/776/785 3966/769/780 4004/769/818 4002/776/816
f 3986/805/800 3991/800/805 4000/801/814
f 3989/796/803 3988/802/802 3997/804/811 3998/797/812
f 3986/806/800 4000/801/814 4009/755/823
f 3998/797/812 3997/804/811 4006/758/820 4007/757/821
f 3961/764/775 4005/763/819 3992/763/806 4003/764/817
f 3987/792/801 3981/785/795 3995/785/809 3994/792/808
f 3999/798/813 3998/797/812 4007/757/821 4008/761/822
f 3976/779/790 3971/776/785 4002/776/816 4001/779/815
f 4004/769/818 4003/764/817 3992/763/806 3993/799/807 3994/792/808 3995/785/809 4001/779/815 4002/776/816
f 4000/801/814 3999/798/813 4008/761/822 4009/755/823
f 3997/804/811 3996/799/810 4005/763/819 4006/758/820
f 3996/799/810 3987/803/801 3994/803/808 3993/799/807
o FL_Leg
v 0.741421 -1.300000 0.358579
v 0.734500 -1.361803 0.365500
v 0.714412 -1.417557 0.385588
v 0.683125 -1.461803 0.416875
v 0.643702 -1.490211 0.456298
v 0.800000 -1.300000 0.500000
v 0.790211 -1.361803 0.500000
v 0.761803 -1.417557 0.500000
v 0.717557 -1.461803 0.500000
v 0.661803 -1.490211 0.500000
v 0.741421 -1.300000 0.641421
v 0.734500 -1.361803 0.634500
v 0.714412 -1.417557 0.614412
v 0.683125 -1.461803 0.583125
v 0.643702 -1.490211 0.543702
v 0.600000 -1.300000 0.700000
v 0.600000 -1.361803 0.690211
v 0.600000 -1.417557 0.661803
v 0.600000 -1.461803 0.617557
v 0.600000 -1.490211 0.561803
v 0.458579 -1.300000 0.641421
v 0.465500 -1.361803 0.634500
v 0.485588 -1.417557 0.614412
v 0.516875 -1.461803 0.583125
v 0.556298 -1.490211 0.543702
v 0.600000 -1.500000 0.500000
v 0.400000 -1.300000 0.500000
v 0.409789 -1.361803 0.500000
v 0.438197 -1.417557 0.500000
v 0.482443 -1.461803 0.500000
v 0.538197 -1.490211 0.500000
v 0.600000 -0.221472 0.300000
v 0.458579 -0.221472 0.358579
v 0.400000 -0.221472 0.500000
v 0.458579 -0.221472 0.641421
v 0.458579 -1.300000 0.358579
v 0.465500 -1.361803 0.365500
v 0.485588 -1.417557 0.385588
v 0.516875 -1.461803 0.416875
v 0.556298 -1.490211 0.456298
v 0.600000 -0.221472 0.700000
v 0.741421 -0.221472 0.641421
v 0.741421 -0.221472 0.358579
v 0.800000 -0.221472 0.500000
v 0.600000 -1.300000 0.300000
v 0.600000 -1.361803 0.309789
v 0.600000 -1.417557 0.338197
v 0.600000 -1.461803 0.382443
v 0.600000 -1.490211 0.438197
vn 0.7050 -0.0770 -0.7050
vn 0.6749 -0.2983 -0.6749
vn 0.5809 -0.5702 -0.5809
vn 0.4328 -0.7908 -0.4328
vn 0.2428 -0.9392 -0.2428
vn 0.9970 -0.0770 -0.0000
vn 0.9545 -0.2983 -0.0000
vn 0.8215 -0.5702 -0.0000
vn 0.6120 -0.7908 -0.0000
vn 0.3434 -0.9392 -0.0000
vn 0.7050 -0.0770 0.7050
vn 0.6749 -0.2983 0.6749
vn 0.5809 -0.5702 0.5809
vn 0.4328 -0.7908 0.4328
vn 0.2428 -0.9392 0.2428
vn -0.0000 -0.0770 0.9970
vn -0.0000 -0.2983 0.9545
vn -0.0000 -0.5702 0.8215
vn -0.0000 -0.7908 0.6120
vn -0.0000 -0.9392 0.3434
vn -0.7050 -0.0770 0.7050
vn -0.6749 -0.2983 0.6749
vn -0.5809 -0.5702 0.5809
vn -0.4328 -0.7908 0.4328
vn -0.2428 -0.9392 0.2428
vn -0.0000 -1.0000 -0.0000
vn -0.9970 -0.0770 -0.0000
vn -0.9545 -0.2983 -0.0000
vn -0.8215 -0.5702 -0.0000
vn -0.6120 -0.7908 -0.0000
vn -0.3434 -0.9392 -0.0000
vn -0.0000 0.6303 -0.7764
vn -0.5490 0.6303 -0.5490
vn -0.7764 0.6303 -0.0000
vn -0.5490 0.6303 0.5490
vn -0.7050 -0.0770 -0.7050
vn -0.6749 -0.2983 -0.6749
vn -0.5809 -0.5702 -0.5809
vn -0.4328 -0.7908 -0.4328
vn -0.2428 -0.9392 -0.2428
vn -0.0000 0.6303 0.7764
vn 0.5490 0.6303 0.5490
vn 0.5490 0.6303 -0.5490
vn 0.7764 0.6303 -0.0000
vn -0.0000 -0.0770 -0.9970
vn -0.0000 -0.2983 -0.9545
vn -0.0000 -0.5702 -0.8215
vn -0.0000 -0.7908 -0.6120
vn -0.0000 -0.9392 -0.3434
vt 0.687500 0.000000
vt 0.750000 0.100000
vt 0.625000 0.100000
vt 0.750000 0.300000
vt 0.750000 0.400000
vt 0.625000 0.400000
vt 0.625000 0.300000
vt 0.750000 0.200000
vt 0.625000 0.200000
vt 0.750000 0.500000
vt 0.625000 0.500000
vt 0.500000 0.400000
vt 0.500000 0.300000
vt 0.500000 0.200000
vt 0.500000 0.100000
vt 0.500000 0.500000
vt 0.562500 0.000000
vt 0.437500 0.000000
vt 0.375000 0.100000
vt 0.375000 0.400000
vt 0.375000 0.300000
vt 0.375000 0.200000
vt 0.375000 0.500000
vt 0.250000 0.200000
vt 0.250000 0.100000
vt 0.250000 0.500000
vt 0.250000 0.400000
vt 0.312500 0.000000
vt 0.250000 0.300000
vt 0.125000 0.200000
vt 0.125000 0.100000
vt 0.125000 0.500000
vt 0.125000 0.400000
vt 0.187500 0.000000
vt 0.125000 0.300000
vt 0.000000 0.300000
vt 0.000000 0.200000
vt 0.000000 0.100000
vt 0.000000 0.500000
vt 0.000000 0.400000
vt 0.062500 0.000000
vt 1.000000 0.200000
vt 1.000000 0.300000
vt 0.875000 0.300000
vt 0.875000 0.200000
vt 0.875000 0.500000
vt 1.000000 0.100000
vt 0.875000 0.100000
vt 1.000000 0.400000
vt 1.000000 0.500000
vt 0.875000 0.400000
vt 0.937500 0.000000
vt 0.812500 0.000000
s 1
f 4035/807/849 4058/808/872 4014/809/828
f 4056/810/870 4055/811/869 4011/812/825 4012/813/826
f 4057/814/871 4056/810/870 4012/813/826 4013/815/827
f 4058/808/872 4057/814/871 4013/815/827 4014/809/828
f 4055/811/869 4054/816/868 4010/817/824 4011/812/825
f 4012/813/826 4011/812/825 4016/818/830 4017/819/831
f 4013/815/827 4012/813/826 4017/819/831 4018/820/832
f 4014/809/828 4013/815/827 4018/820/832 4019/821/833
f 4011/812/825 4010/817/824 4015/822/829 4016/818/830
f 4035/823/849 4014/809/828 4019/821/833
f 4035/824/849 4019/821/833 4024/825/838
f 4017/819/831 4016/818/830 4021/826/835 4022/827/836
f 4018/820/832 4017/819/831 4022/827/836 4023/828/837
f 4019/821/833 4018/820/832 4023/828/837 4024/825/838
f 4016/818/830 4015/822/829 4020/829/834 4021/826/835
f 4024/825/838 4023/828/837 4028/830/842 4029/831/843
f 4021/826/835 4020/829/834 4025/832/839 4026/833/840
f 4035/834/849 4024/825/838 4029/831/843
f 4022/827/836 4021/826/835 4026/833/840 4027/835/841
f 4023/828/837 4022/827/836 4027/835/841 4028/830/842
f 4029/831/843 4028/830/842 4033/836/847 4034/837/848
f 4026/833/840 4025/832/839 4030/838/844 4031/839/845
f 4035/840/849 4029/831/843 4034/837/848
f 4027/835/841 4026/833/840 4031/839/845 4032/841/846
f 4028/830/842 4027/835/841 4032/841/846 4033/836/847
f 4033/836/847 4032/841/846 4038/842/852 4039/843/853
f 4034/837/848 4033/836/847 4039/843/853 4040/844/854
f 4031/839/845 4030/838/844 4036/845/850 4037/846/851
f 4035/847/849 4034/837/848 4040/844/854
f 4032/841/846 4031/839/845 4037/846/851 4038/842/852
f 4015/822/829 4010/817/824 4052/817/866 4053/822/867
f 4039/848/853 4038/849/852 4047/850/861 4048/851/862
f 4030/838/844 4025/832/839 4050/832/864 4044/838/858
f 4054/816/868 4045/852/859 4042/852/856 4041/816/855
f 4040/853/854 4039/848/853 4048/851/862 4049/854/863
f 4037/855/851 4036/856/850 4045/852/859 4046/857/860
f 4020/829/834 4015/822/829 4053/822/867 4051/829/865
f 4035/858/849 4040/853/854 4049/854/863
f 4038/849/852 4037/855/851 4046/857/860 4047/850/861
f 4035/859/849 4049/854/863 4058/808/872
f 4047/850/861 4046/857/860 4055/811/869 4056/810/870
f 4010/817/824 4054/816/868 4041/816/855 4052/817/866
f 4036/845/850 4030/838/844 4044/838/858 4043/845/857
f 4048/851/862 4047/850/861 4056/810/870 4057/814/871
f 4025/832/839 4020/829/834 4051/829/865 4050/832/864
f 4053/822/867 4052/817/866 4041/816/855 4042/852/856 4043/845/857 4044/838/858 4050/832/864 4051/829/865
f 4049/854/863 4048/851/862 4057/814/871 4058/808/872
f 4046/857/860 4045/852/859 4054/816/868 4055/811/869
f 4045/852/859 4036/856/850 4043/856/857 4042/852/856
o BL_Leg
v 0.741421 -1.300000 -0.941421
v 0.734500 -1.361803 -0.934500
v 0.714412 -1.417557 -0.914412
v 0.683125 -1.461803 -0.883125
v 0.643702 -1.490211 -0.843702
v 0.800000 -1.300000 -0.800000
v 0.790211 -1.361803 -0.800000
v 0.761803 -1.417557 -0.800000
v 0.717557 -1.461803 -0.800000
v 0.661803 -1.490211 -0.800000
v 0.741421 -1.300000 -0.658579
v 0.734500 -1.361803 -0.665500
v 0.714412 -1.417557 -0.685588
v 0.683125 -1.461803 -0.716875
v 0.643702 -1.490211 -0.756298
v 0.600000 -1.300000 -0.600000
v 0.600000 -1.361803 -0.609789
v 0.600000 -1.417557 -0.638197
v 0.600000 -1.461803 -0.682443
v 0.600000 -1.490211 -0.738197
v 0.458579 -1.300000 -0.658579
v 0.465500 -1.361803 -0.665500
v 0.485588 -1.417557 -0.685588
v 0.516875 -1.461803 -0.716875
v 0.556298 -1.490211 -0.756298
v 0.600000 -1.500000 -0.800000
v 0.400000 -1.300000 -0.800000
v 0.409789 -1.361803 -0.800000
v 0.438197 -1.417557 -0.800000
v 0.482443 -1.461803 -0.800000
v 0.538197 -1.490211 -0.800000
v 0.600000 -0.221472 -1.000000
v 0.458579 -0.221472 -0.941421
v 0.400000 -0.221472 -0.800000
v 0.458579 -0.221472 -0.658579
v 0.458579 -1.300000 -0.941421
v 0.465500 -1.361803 -0.934500
v 0.485588 -1.417557 -0.914412
v 0.516875 -1.461803 -0.883125
v 0.556298 -1.490211 -0.843702
v 0.600000 -0.221472 -0.600000
v 0.741421 -0.221472 -0.658579
v 0.741421 -0.221472 -0.941421
v 0.800000 -0.221472 -0.800000
v 0.600000 -1.300000 -1.000000
v 0.600000 -1.361803 -0.990211
v 0.600000 -1.417557 -0.961803
v 0.600000 -1.461803 -0.917557
v 0.600000 -1.490211 -0.861803
vn 0.7050 -0.0770 -0.7050
vn 0.6749 -0.2983 -0.6749
vn 0.5809 -0.5702 -0.5809
vn 0.4328 -0.7908 -0.4328
vn 0.2428 -0.9392 -0.2428
vn 0.9970 -0.0770 -0.0000
vn 0.9545 -0.2983 -0.0000
vn 0.8215 -0.5702 -0.0000
vn 0.6120 -0.7908 -0.0000
vn 0.3434 -0.9392 -0.0000
vn 0.7050 -0.0770 0.7050
vn 0.6749 -0.2983 0.6749
vn 0.5809 -0.5702 0.5809
vn 0.4328 -0.7908 0.4328
vn 0.2428 -0.9392 0.2428
vn -0.0000 -0.0770 0.9970
vn -0.0000 -0.2983 0.9545
vn -0.0000 -0.5702 0.8215
vn -0.0000 -0.7908 0.6120
vn -0.0000 -0.9392 0.3434
vn -0.7050 -0.0770 0.7050
vn -0.6749 -0.2983 0.6749
vn -0.5809 -0.5702 0.5809
vn -0.4328 -0.7908 0.4328
vn -0.2428 -0.9392 0.2428
vn -0.0000 -1.0000 -0.0000
vn -0.9970 -0.0770 -0.0000
vn -0.9545 -0.2983 -0.0000
vn -0.8215 -0.5702 -0.0000
vn -0.6120 -0.7908 -0.0000
vn -0.3434 -0.9392 -0.0000
vn -0.0000 0.6303 -0.7764
vn -0.5490 0.6303 -0.5490
vn -0.7764 0.6303 -0.0000
vn -0.5490 0.6303 0.5490
vn -0.7050 -0.0770 -0.7050
vn -0.6749 -0.2983 -0.6749
vn -0.5809 -0.5702 -0.5809
vn -0.4328 -0.7908 -0.4328
vn -0.2428 -0.9392 -0.2428
vn -0.0000 0.6303 0.7764
vn 0.5490 0.6303 0.5490
vn 0.5490 0.6303 -0.5490
vn 0.7764 0.6303 -0.0000
vn -0.0000 -0.0770 -0.9970
vn -0.0000 -0.2983 -0.9545
vn -0.0000 -0.5702 -0.8215
vn -0.0000 -0.7908 -0.6120
vn -0.0000 -0.9392 -0.3434
vt 0.687500 0.000000
vt 0.750000 0.100000
vt 0.625000 0.100000
vt 0.750000 0.300000
vt 0.750000 0.400000
vt 0.625000 0.400000
vt 0.625000 0.300000
vt 0.750000 0.200000
vt 0.625000 0.200000
vt 0.750000 0.500000
vt 0.625000 0.500000
vt 0.500000 0.400000
vt 0.500000 0.300000
vt 0.500000 0.200000
vt 0.500000 0.100000
vt 0.500000 0.500000
vt 0.562500 0.000000
vt 0.437500 0.000000
vt 0.375000 0.100000
vt 0.375000 0.400000
vt 0.375000 0.300000
vt 0.375000 0.200000
vt 0.375000 0.500000
vt 0.250000 0.200000
vt 0.250000 0.100000
vt 0.250000 0.500000
vt 0.250000 0.400000
vt 0.312500 0.000000
vt 0.250000 0.300000
vt 0.125000 0.200000
vt 0.125000 0.100000
vt 0.125000 0.500000
vt 0.125000 0.400000
vt 0.187500 0.000000
vt 0.125000 0.300000
vt 0.000000 0.300000
vt 0.000000 0.200000
vt 0.000000 0.100000
vt 0.000000 0.500000
vt 0.000000 0.400000
vt 0.062500 0.000000
vt 1.000000 0.200000
vt 1.000000 0.300000
vt 0.875000 0.300000
vt 0.875000 0.200000
vt 0.875000 0.500000
vt 1.000000 0.100000
vt 0.875000 0.100000
vt 1.000000 0.400000
vt 1.000000 0.500000
vt 0.875000 0.400000
vt 0.937500 0.000000
vt 0.812500 0.000000
s 1
f 4084/860/898 4107/861/921 4063/862/877
f 4105/863/919 4104/864/918 4060/865/874 4061/866/875
f 4106/867/920 4105/863/919 4061/866/875 4062/868/876
f 4107/861/921 4106/867/920 4062/868/876 4063/862/877
f 4104/864/918 4103/869/917 4059/870/873 4060/865/874
f 4061/866/875 4060/865/874 4065/871/879 4066/872/880
f 4062/868/876 4061/866/875 4066/872/880 4067/873/881
f 4063/862/877 4062/868/876 4067/873/881 4068/874/882
f 4060/865/874 4059/870/873 4064/875/878 4065/871/879
f 4084/876/898 4063/862/877 4068/874/882
f 4084/877/898 4068/874/882 4073/878/887
f 4066/872/880 4065/871/879 4070/879/884 4071/880/885
f 4067/873/881 4066/872/880 4071/880/885 4072/881/886
f 4068/874/882 4067/873/881 4072/881/886 4073/878/887
f 4065/871/879 4064/875/878 4069/882/883 4070/879/884
f 4073/878/887 4072/881/886 4077/883/891 4078/884/892
f 4070/879/884 4069/882/883 4074/885/888 4075/886/889
f 4084/887/898 4073/878/887 4078/884/892
f 4071/880/885 4070/879/884 4075/886/889 4076/888/890
f 4072/881/886 4071/880/885 4076/888/890 4077/883/891
f 4078/884/892 4077/883/891 4082/889/896 4083/890/897
f 4075/886/889 4074/885/888 4079/891/893 4080/892/894
f 4084/893/898 4078/884/892 4083/890/897
f 4076/888/890 4075/886/889 4080/892/894 4081/894/895
f 4077/883/891 4076/888/890 4081/894/895 4082/889/896
f 4082/889/896 4081/894/895 4087/895/901 4088/896/902
f 4083/890/897 4082/889/896 4088/896/902 4089/897/903
f 4080/892/894 4079/891/893 4085/898/899 4086/899/900
f 4084/900/898 4083/890/897 4089/897/903
f 4081/894/895 4080/892/894 4086/899/900 4087/895/901
f 4064/875/878 4059/870/873 4101/870/915 4102/875/916
f 4088/901/902 4087/902/901 4096/903/910 4097/904/911
f 4079/891/893 4074/885/888 4099/885/913 4093/891/907
f 4103/869/917 4094/905/908 4091/905/905 4090/869/904
f 4089/906/903 4088/901/902 4097/904/911 4098/907/912
f 4086/908/900 4085/909/899 4094/905/908 4095/910/909
f 4069/882/883 4064/875/878 4102/875/916 4100/882/914
f 4084/911/898 4089/906/903 4098/907/912
f 4087/902/901 4086/908/900 4095/910/909 4096/903/910
f 4084/912/898 4098/907/912 4107/861/921
f 4096/903/910 4095/910/909 4104/864/918 4105/863/919
f 4059/870/873 4103/869/917 4090/869/904 4101/870/915
f 4085/898/899 4079/891/893 4093/891/907 4092/898/906
f 4097/904/911 4096/903/910 4105/863/919 4106/867/920
f 4074/885/888 4069/882/883 4100/882/914 4099/885/913
f 4102/875/916 4101/870/915 4090/869/904 4091/905/905 4092/898/906 4093/891/907 4099/885/913 4100/882/914
f 4098/907/912 4097/904/911 4106/867/920 4107/861/921
f 4095/910/909 4094/905/908 4103/869/917 4104/864/918
f 4094/905/908 4085/909/899 4092/909/906 4091/905/905
o BR_Leg
v -0.458579 -1.300000 -0.941421
v -0.465500 -1.361803 -0.934500
v -0.485588 -1.417557 -0.914412
v -0.516875 -1.461803 -0.883125
v -0.556298 -1.490211 -0.843702
v -0.400000 -1.300000 -0.800000
v -0.409789 -1.361803 -0.800000
v -0.438197 -1.417557 -0.800000
v -0.482443 -1.461803 -0.800000
v -0.538197 -1.490211 -0.800000
v -0.458579 -1.300000 -0.658579
v -0.465500 -1.361803 -0.665500
v -0.485588 -1.417557 -0.685588
v -0.516875 -1.461803 -0.716875
v -0.556298 -1.490211 -0.756298
v -0.600000 -1.300000 -0.600000
v -0.600000 -1.361803 -0.609789
v -0.600000 -1.417557 -0.638197
v -0.600000 -1.461803 -0.682443
v -0.600000 -1.490211 -0.738197
v -0.741421 -1.300000 -0.658579
v -0.734500 -1.361803 -0.665500
v -0.714412 -1.417557 -0.685588
v -0.683125 -1.461803 -0.716875
v -0.643702 -1.490211 -0.756298
v -0.600000 -1.500000 -0.800000
v -0.800000 -1.300000 -0.800000
v -0.790211 -1.361803 -0.800000
v -0.761803 -1.417557 -0.800000
v -0.717557 -1.461803 -0.800000
v -0.661803 -1.490211 -0.800000
v -0.600000 -0.221472 -1.000000
v -0.741421 -0.221472 -0.941421
v -0.800000 -0.221472 -0.800000
v -0.741421 -0.221472 -0.658579
v -0.741421 -1.300000 -0.941421
v -0.734500 -1.361803 -0.934500
v -0.714412 -1.417557 -0.914412
v -0.683125 -1.461803 -0.883125
v -0.643702 -1.490211 -0.843702
v -0.600000 -0.221472 -0.600000
v -0.458579 -0.221472 -0.658579
v -0.458579 -0.221472 -0.941421
v -0.400000 -0.221472 -0.800000
v -0.600000 -1.300000 -1.000000
v -0.600000 -1.361803 -0.990211
v -0.600000 -1.417557 -0.961803
v -0.600000 -1.461803 -0.917557
v -0.600000 -1.490211 -0.861803
vn 0.7050 -0.0770 -0.7050
vn 0.6749 -0.2983 -0.6749
vn 0.5809 -0.5702 -0.5809
vn 0.4328 -0.7908 -0.4328
vn 0.2428 -0.9392 -0.2428
vn 0.9970 -0.0770 -0.0000
vn 0.9545 -0.2983 -0.0000
vn 0.8215 -0.5702 -0.0000
vn 0.6120 -0.7908 -0.0000
vn 0.3434 -0.9392 -0.0000
vn 0.7050 -0.0770 0.7050
vn 0.6749 -0.2983 0.6749
vn 0.5809 -0.5702 0.5809
vn 0.4328 -0.7908 0.4328
vn 0.2428 -0.9392 0.2428
vn -0.0000 -0.0770 0.9970
vn -0.0000 -0.2983 0.9545
vn -0.0000 -0.5702 0.8215
vn -0.0000 -0.7908 0.6120
vn -0.0000 -0.9392 0.3434
vn -0.7050 -0.0770 0.7050
vn -0.6749 -0.2983 0.6749
vn -0.5809 -0.5702 0.5809
vn -0.4328 -0.7908 0.4328
vn -0.2428 -0.9392 0.2428
vn -0.0000 -1.0000 -0.0000
vn -0.9970 -0.0770 -0.0000
vn -0.9545 -0.2983 -0.0000
vn -0.8215 -0.5702 -0.0000
vn -0.6120 -0.7908 -0.0000
vn -0.3434 -0.9392 -0.0000
vn -0.0000 0.6303 -0.7764
vn -0.5490 0.6303 -0.5490
vn -0.7764 0.6303 -0.0000
vn -0.5490 0.6303 0.5490
vn -0.7050 -0.0770 -0.7050
vn -0.6749 -0.2983 -0.6749
vn -0.5809 -0.5702 -0.5809
vn -0.4328 -0.7908 -0.4328
vn -0.2428 -0.9392 -0.2428
vn -0.0000 0.6303 0.7764
vn 0.5490 0.6303 0.5490
vn 0.5490 0.6303 -0.5490
vn 0.7764 0.6303 -0.0000
vn -0.0000 -0.0770 -0.9970
vn -0.0000 -0.2983 -0.9545
vn -0.0000 -0.5702 -0.8215
vn -0.0000 -0.7908 -0.6120
vn -0.0000 -0.9392 -0.3434
vt 0.687500 0.000000
vt 0.750000 0.100000
vt 0.625000 0.100000
vt 0.750000 0.300000
vt 0.750000 0.400000
vt 0.625000 0.400000
vt 0.625000 0.300000
vt 0.750000 0.200000
vt 0.625000 0.200000
vt 0.750000 0.500000
vt 0.625000 0.500000
vt 0.500000 0.400000
vt 0.500000 0.300000
vt 0.500000 0.200000
vt 0.500000 0.100000
vt 0.500000 0.500000
vt 0.562500 0.000000
vt 0.437500 0.000000
vt 0.375000 0.100000
vt 0.375000 0.400000
vt 0.375000 0.300000
vt 0.375000 0.200000
vt 0.375000 0.500000
vt 0.250000 0.200000
vt 0.250000 0.100000
vt 0.250000 0.500000
vt 0.250000 0.400000
vt 0.312500 0.000000
vt 0.250000 0.300000
vt 0.125000 0.200000
vt 0.125000 0.100000
vt 0.125000 0.500000
vt 0.125000 0.400000
vt 0.187500 0.000000
vt 0.125000 0.300000
vt 0.000000 0.300000
vt 0.000000 0.200000
vt 0.000000 0.100000
vt 0.000000 0.500000
vt 0.000000 0.400000
vt 0.062500 0.000000
vt 1.000000 0.200000
vt 1.000000 0.300000
vt 0.875000 0.300000
vt 0.875000 0.200000
vt 0.875000 0.500000
vt 1.000000 0.100000
vt 0.875000 0.100000
vt 1.000000 0.400000
vt 1.000000 0.500000
vt 0.875000 0.400000
vt 0.937500 0.000000
vt 0.812500 0.000000
s 1
f 4133/913/947 4156/914/970 4112/915/926
f 4154/916/968 4153/917/967 4109/918/923 4110/919/924
f 4155/920/969 4154/916/968 4110/919/924 4111/921/925
f 4156/914/970 4155/920/969 4111/921/925 4112/915/926
f 4153/917/967 4152/922/966 4108/923/922 4109/918/923
f 4110/919/924 4109/918/923 4114/924/928 4115/925/929
f 4111/921/925 4110/919/924 4115/925/929 4116/926/930
f 4112/915/926 4111/921/925 4116/926/930 4117/927/931
f 4109/918/923 4108/923/922 4113/928/927 4114/924/928
f 4133/929/947 4112/915/926 4117/927/931
f 4133/930/947 4117/927/931 4122/931/936
f 4115/925/929 4114/924/928 4119/932/933 4120/933/934
f 4116/926/930 4115/925/929 4120/933/934 4121/934/935
f 4117/927/931 4116/926/930 4121/934/935 4122/931/936
f 4114/924/928 4113/928/927 4118/935/932 4119/932/933
f 4122/931/936 4121/934/935 4126/936/940 4127/937/941
f 4119/932/933 4118/935/932 4123/938/937 4124/939/938
f 4133/940/947 4122/931/936 4127/937/941
f 4120/933/934 4119/932/933 4124/939/938 4125/941/939
f 4121/934/935 4120/933/934 4125/941/939 4126/936/940
f 4127/937/941 4126/936/940 4131/942/945 4132/943/946
f 4124/939/938 4123/938/937 4128/944/942 4129/945/943
f 4133/946/947 4127/937/941 4132/943/946
f 4125/941/939 4124/939/938 4129/945/943 4130/947/944
f 4126/936/940 4125/941/939 4130/947/944 4131/942/945
f 4131/942/945 4130/947/944 4136/948/950 4137/949/951
f 4132/943/946 4131/942/945 4137/949/951 4138/950/952
f 4129/945/943 4128/944/942 4134/951/948 4135/952/949
f 4133/953/947 4132/943/946 4138/950/952
f 4130/947/944 4129/945/943 4135/952/949 4136/948/950
f 4113/928/927 4108/923/922 4150/923/964 4151/928/965
f 4137/954/951 4136/955/950 4145/956/959 4146/957/960
f 4128/944/942 4123/938/937 4148/938/962 4142/944/956
f 4152/922/966 4143/958/957 4140/958/954 4139/922/953
f 4138/959/952 4137/954/951 4146/957/960 4147/960/961
f 4135/961/949 4134/962/948 4143/958/957 4144/963/958
f 4118/935/932 4113/928/927 4151/928/965 4149/935/963
f 4133/964/947 4138/959/952 4147/960/961
f 4136/955/950 4135/961/949 4144/963/958 4145/956/959
f 4133/965/947 4147/960/961 4156/914/970
f 4145/956/959 4144/963/958 4153/917/967 4154/916/968
f 4108/923/922 4152/922/966 4139/922/953 4150/923/964
f 4134/951/948 4128/944/942 4142/944/956 4141/951/955
f 4146/957/960 4145/956/959 4154/916/968 4155/920/969
f 4123/938/937 4118/935/932 4149/935/963 4148/938/962
f 4151/928/965 4150/923/964 4139/922/953 4140/958/954 4141/951/955 4142/944/956 4148/938/962 4149/935/963
f 4147/960/961 4146/957/960 4155/920/969 4156/914/970
f 4144/963/958 4143/958/957 4152/922/966 4153/917/967
f 4143/958/957 4134/962/948 4141/962/955 4140/958/954
o LeftEye
v 0.387768 0.287093 1.306055
v 0.431285 0.263038 1.246158
v 0.458181 0.200059 1.209140
v 0.458181 -0.111417 1.209140
v 0.431285 -0.174396 1.246158
v 0.458181 0.263038 1.283176
v 0.501698 0.200059 1.269036
v 0.501698 -0.111417 1.269036
v 0.458181 -0.174396 1.283176
v 0.458181 0.263038 1.328933
v 0.501698 0.200059 1.343073
v 0.501698 -0.111417 1.343073
v 0.458181 -0.174396 1.328933
v 0.431285 0.263038 1.365951
v 0.458181 0.200059 1.402969
v 0.458181 -0.111417 1.402969
v 0.431285 -0.174396 1.365951
v 0.387768 0.263038 1.380091
v 0.387768 0.200059 1.425848
v 0.387768 -0.111417 1.425848
v 0.387768 -0.174396 1.380091
v 0.344251 0.263038 1.365951
v 0.317355 0.200059 1.402969
v 0.317355 -0.111417 1.402969
v 0.344251 -0.174396 1.365951
v 0.317355 0.263038 1.328933
v 0.273838 0.200059 1.343073
v 0.273838 -0.111417 1.343073
v 0.317355 -0.174396 1.328933
v 0.387768 -0.198452 1.306055
v 0.317355 0.263038 1.283176
v 0.273838 0.200059 1.269037
v 0.273838 -0.111417 1.269037
v 0.317355 -0.174396 1.283176
v 0.344251 0.263038 1.246158
v 0.317355 0.200059 1.209140
v 0.317355 -0.111417 1.209140
v 0.344251 -0.174396 1.246158
v 0.387768 0.263038 1.232018
v 0.387768 0.200059 1.186261
v 0.387768 -0.111417 1.186261
v 0.387768 -0.174396 1.232018
vn -0.0000 1.0000 -0.0000
vn 0.3675 0.7804 -0.5058
vn 0.5621 0.2925 -0.7736
vn 0.5621 -0.2925 -0.7736
vn 0.3675 -0.7804 -0.5058
vn 0.5946 0.7804 -0.1932
vn 0.9095 0.2925 -0.2955
vn 0.9095 -0.2925 -0.2955
vn 0.5946 -0.7804 -0.1932
vn 0.5946 0.7804 0.1932
vn 0.9095 0.2925 0.2955
vn 0.9095 -0.2925 0.2955
vn 0.5946 -0.7804 0.1932
vn 0.3675 0.7804 0.5058
vn 0.5621 0.2925 0.7736
vn 0.5621 -0.2925 0.7736
vn 0.3675 -0.7804 0.5058
vn -0.0000 0.7804 0.6252
vn -0.0000 0.2925 0.9563
vn -0.0000 -0.2925 0.9563
vn -0.0000 -0.7804 0.6252
vn -0.3675 0.7804 0.5058
vn -0.5621 0.2925 0.7736
vn -0.5621 -0.2925 0.7736
vn -0.3675 -0.7804 0.5058
vn -0.5946 0.7804 0.1932
vn -0.9095 0.2925 0.2955
vn -0.9095 -0.2925 0.2955
vn -0.5946 -0.7804 0.1932
vn -0.0000 -1.0000 -0.0000
vn -0.5946 0.7804 -0.1932
vn -0.9095 0.2925 -0.2955
vn -0.9095 -0.2925 -0.2955
vn -0.5946 -0.7804 -0.1932
vn -0.3675 0.7804 -0.5058
vn -0.5621 0.2925 -0.7736
vn -0.5621 -0.2925 -0.7736
vn -0.3675 -0.7804 -0.5058
vn -0.0000 0.7804 -0.6252
vn -0.0000 0.2925 -0.9563
vn -0.0000 -0.2925 -0.9563
vn -0.0000 -0.7804 -0.6252
vt 0.700000 0.200000
vt 0.700000 0.400000
vt 0.600000 0.400000
vt 0.600000 0.200000
vt 0.700000 0.600000
vt 0.700000 0.800000
vt 0.600000 0.800000
vt 0.600000 0.600000
vt 0.650000 0.000000
vt 0.650000 1.000000
vt 0.500000 0.600000
vt 0.500000 0.400000
vt 0.550000 1.000000
vt 0.500000 0.800000
vt 0.500000 0.200000
vt 0.550000 0.000000
vt 0.400000 0.600000
vt 0.400000 0.400000
vt 0.450000 1.000000
vt 0.400000 0.800000
vt 0.400000 0.200000
vt 0.450000 0.000000
vt 0.300000 0.600000
vt 0.300000 0.400000
vt 0.350000 1.000000
vt 0.300000 0.800000
vt 0.300000 0.200000
vt 0.350000 0.000000
vt 0.200000 0.600000
vt 0.200000 0.400000
vt 0.250000 1.000000
vt 0.200000 0.800000
vt 0.200000 0.200000
vt 0.250000 0.000000
vt 0.100000 0.600000
vt 0.100000 0.400000
vt 0.150000 1.000000
vt 0.100000 0.800000
vt 0.100000 0.200000
vt 0.150000 0.000000
vt 0.000000 0.600000
vt 0.000000 0.400000
vt 0.050000 1.000000
vt 0.000000 0.800000
vt 0.000000 0.200000
vt 0.050000 0.000000
vt 1.000000 0.400000
vt 1.000000 0.600000
vt 0.900000 0.600000
vt 0.900000 0.400000
vt 1.000000 0.800000
vt 0.950000 1.000000
vt 0.900000 0.800000
vt 1.000000 0.200000
vt 0.900000 0.200000
vt 0.950000 0.000000
vt 0.800000 0.600000
vt 0.800000 0.400000
vt 0.850000 1.000000
vt 0.800000 0.800000
vt 0.800000 0.200000
vt 0.850000 0.000000
vt 0.750000 1.000000
vt 0.750000 0.000000
s 1
f 4198/966/1012 4197/967/1011 4160/968/974 4161/969/975
f 4196/970/1010 4195/971/1009 4158/972/972 4159/973/973
f 4186/974/1000 4198/966/1012 4161/969/975
f 4197/967/1011 4196/970/1010 4159/973/973 4160/968/974
f 4195/971/1009 4157/975/971 4158/972/972
f 4160/968/974 4159/973/973 4163/976/977 4164/977/978
f 4158/972/972 4157/978/971 4162/979/976
f 4161/969/975 4160/968/974 4164/977/978 4165/980/979
f 4159/973/973 4158/972/972 4162/979/976 4163/976/977
f 4186/981/1000 4161/969/975 4165/980/979
f 4164/977/978 4163/976/977 4167/982/981 4168/983/982
f 4162/979/976 4157/984/971 4166/985/980
f 4165/980/979 4164/977/978 4168/983/982 4169/986/983
f 4163/976/977 4162/979/976 4166/985/980 4167/982/981
f 4186/987/1000 4165/980/979 4169/986/983
f 4168/983/982 4167/982/981 4171/988/985 4172/989/986
f 4166/985/980 4157/990/971 4170/991/984
f 4169/986/983 4168/983/982 4172/989/986 4173/992/987
f 4167/982/981 4166/985/980 4170/991/984 4171/988/985
f 4186/993/1000 4169/986/983 4173/992/987
f 4172/989/986 4171/988/985 4175/994/989 4176/995/990
f 4170/991/984 4157/996/971 4174/997/988
f 4173/992/987 4172/989/986 4176/995/990 4177/998/991
f 4171/988/985 4170/991/984 4174/997/988 4175/994/989
f 4186/999/1000 4173/992/987 4177/998/991
f 4176/995/990 4175/994/989 4179/1000/993 4180/1001/994
f 4174/997/988 4157/1002/971 4178/1003/992
f 4177/998/991 4176/995/990 4180/1001/994 4181/1004/995
f 4175/994/989 4174/997/988 4178/1003/992 4179/1000/993
f 4186/1005/1000 4177/998/991 4181/1004/995
f 4180/1001/994 4179/1000/993 4183/1006/997 4184/1007/998
f 4178/1003/992 4157/1008/971 4182/1009/996
f 4181/1004/995 4180/1001/994 4184/1007/998 4185/1010/999
f 4179/1000/993 4178/1003/992 4182/1009/996 4183/1006/997
f 4186/1011/1000 4181/1004/995 4185/1010/999
f 4184/1012/998 4183/1013/997 4188/1014/1002 4189/1015/1003
f 4182/1016/996 4157/1017/971 4187/1018/1001
f 4185/1019/999 4184/1012/998 4189/1015/1003 4190/1020/1004
f 4183/1013/997 4182/1016/996 4187/1018/1001 4188/1014/1002
f 4186/1021/1000 4185/1019/999 4190/1020/1004
f 4189/1015/1003 4188/1014/1002 4192/1022/1006 4193/1023/1007
f 4187/1018/1001 4157/1024/971 4191/1025/1005
f 4190/1020/1004 4189/1015/1003 4193/1023/1007 4194/1026/1008
f 4188/1014/1002 4187/1018/1001 4191/1025/1005 4192/1022/1006
f 4186/1027/1000 4190/1020/1004 4194/1026/1008
f 4193/1023/1007 4192/1022/1006 4196/970/1010 4197/967/1011
f 4191/1025/1005 4157/1028/971 4195/971/1009
f 4194/1026/1008 4193/1023/1007 4197/967/1011 4198/966/1012
f 4192/1022/1006 4191/1025/1005 4195/971/1009 4196/970/1010
f 4186/1029/1000 4194/1026/1008 4198/966/1012
o RightEye
v -0.387768 0.287093 1.306055
v -0.344250 0.263038 1.246158
v -0.317355 0.200059 1.209140
v -0.317355 -0.111417 1.209140
v -0.344250 -0.174396 1.246158
v -0.317355 0.263038 1.283176
v -0.273837 0.200059 1.269036
v -0.273837 -0.111417 1.269036
v -0.317355 -0.174396 1.283176
v -0.317355 0.263038 1.328933
v -0.273837 0.200059 1.343073
v -0.273837 -0.111417 1.343073
v -0.317355 -0.174396 1.328933
v -0.344250 0.263038 1.365951
v -0.317355 0.200059 1.402969
v -0.317355 -0.111417 1.402969
v -0.344250 -0.174396 1.365951
v -0.387768 0.263038 1.380091
v -0.387768 0.200059 1.425848
v -0.387768 -0.111417 1.425848
v -0.387768 -0.174396 1.380091
v -0.431285 0.263038 1.365951
v -0.458180 0.200059 1.402969
v -0.458180 -0.111417 1.402969
v -0.431285 -0.174396 1.365951
v -0.458180 0.263038 1.328933
v -0.501698 0.200059 1.343073
v -0.501698 -0.111417 1.343073
v -0.458180 -0.174396 1.328933
v -0.387768 -0.198452 1.306055
v -0.458180 0.263038 1.283176
v -0.501698 0.200059 1.269037
v -0.501698 -0.111417 1.269037
v -0.458180 -0.174396 1.283176
v -0.431285 0.263038 1.246158
v -0.458180 0.200059 1.209140
v -0.458180 -0.111417 1.209140
v -0.431285 -0.174396 1.246158
v -0.387768 0.263038 1.232018
v -0.387768 0.200059 1.186261
v -0.387768 -0.111417 1.186261
v -0.387768 -0.174396 1.232018
vn -0.0000 1.0000 -0.0000
vn 0.3675 0.7804 -0.5058
vn 0.5621 0.2925 -0.7736
vn 0.5621 -0.2925 -0.7736
vn 0.3675 -0.7804 -0.5058
vn 0.5946 0.7804 -0.1932
vn 0.9095 0.2925 -0.2955
vn 0.9095 -0.2925 -0.2955
vn 0.5946 -0.7804 -0.1932
vn 0.5946 0.7804 0.1932
vn 0.9095 0.2925 0.2955
vn 0.9095 -0.2925 0.2955
vn 0.5946 -0.7804 0.1932
vn 0.3675 0.7804 0.5058
vn 0.5621 0.2925 0.7736
vn 0.5621 -0.2925 0.7736
vn 0.3675 -0.7804 0.5058
vn -0.0000 0.7804 0.6252
vn -0.0000 0.2925 0.9563
vn -0.0000 -0.2925 0.9563
vn -0.0000 -0.7804 0.6252
vn -0.3675 0.7804 0.5058
vn -0.5621 0.2925 0.7736
vn -0.5621 -0.2925 0.7736
vn -0.3675 -0.7804 0.5058
vn -0.5946 0.7804 0.1932
vn -0.9095 0.2925 0.2955
vn -0.9095 -0.2925 0.2955
vn -0.5946 -0.7804 0.1932
vn -0.0000 -1.0000 -0.0000
vn -0.5946 0.7804 -0.1932
vn -0.9095 0.2925 -0.2955
vn -0.9095 -0.2925 -0.2955
vn -0.5946 -0.7804 -0.1932
vn -0.3675 0.7804 -0.5058
vn -0.5621 0.2925 -0.7736
vn -0.5621 -0.2925 -0.7736
vn -0.3675 -0.7804 -0.5058
vn -0.0000 0.7804 -0.6252
vn -0.0000 0.2925 -0.9563
vn -0.0000 -0.2925 -0.9563
vn -0.0000 -0.7804 -0.6252
vt 0.700000 0.200000
vt 0.700000 0.400000
vt 0.600000 0.400000
vt 0.600000 0.200000
vt 0.700000 0.600000
vt 0.700000 0.800000
vt 0.600000 0.800000
vt 0.600000 0.600000
vt 0.650000 0.000000
vt 0.650000 1.000000
vt 0.500000 0.600000
vt 0.500000 0.400000
vt 0.550000 1.000000
vt 0.500000 0.800000
vt 0.500000 0.200000
vt 0.550000 0.000000
vt 0.400000 0.600000
vt 0.400000 0.400000
vt 0.450000 1.000000
vt 0.400000 0.800000
vt 0.400000 0.200000
vt 0.450000 0.000000
vt 0.300000 0.600000
vt 0.300000 0.400000
vt 0.350000 1.000000
vt 0.300000 0.800000
vt 0.300000 0.200000
vt 0.350000 0.000000
vt 0.200000 0.600000
vt 0.200000 0.400000
vt 0.250000 1.000000
vt 0.200000 0.800000
vt 0.200000 0.200000
vt 0.250000 0.000000
vt 0.100000 0.600000
vt 0.100000 0.400000
vt 0.150000 1.000000
vt 0.100000 0.800000
vt 0.100000 0.200000
vt 0.150000 0.000000
vt 0.000000 0.600000
vt 0.000000 0.400000
vt 0.050000 1.000000
vt 0.000000 0.800000
vt 0.000000 0.200000
vt 0.050000 0.000000
vt 1.000000 0.400000
vt 1.000000 0.600000
vt 0.900000 0.600000
vt 0.900000 0.400000
vt 1.000000 0.800000
vt 0.950000 1.000000
vt 0.900000 0.800000
vt 1.000000 0.200000
vt 0.900000 0.200000
vt 0.950000 0.000000
vt 0.800000 0.600000
vt 0.800000 0.400000
vt 0.850000 1.000000
vt 0.800000 0.800000
vt 0.800000 0.200000
vt 0.850000 0.000000
vt 0.750000 1.000000
vt 0.750000 0.000000
s 1
f 4240/1030/1054 4239/1031/1053 4202/1032/1016 4203/1033/1017
f 4238/1034/1052 4237/1035/1051 4200/1036/1014 4201/1037/1015
f 4228/1038/1042 4240/1030/1054 4203/1033/1017
f 4239/1031/1053 4238/1034/1052 4201/1037/1015 4202/1032/1016
f 4237/1035/1051 4199/1039/1013 4200/1036/1014
f 4202/1032/1016 4201/1037/1015 4205/1040/1019 4206/1041/1020
f 4200/1036/1014 4199/1042/1013 4204/1043/1018
f 4203/1033/1017 4202/1032/1016 4206/1041/1020 4207/1044/1021
f 4201/1037/1015 4200/1036/1014 4204/1043/1018 4205/1040/1019
f 4228/1045/1042 4203/1033/1017 4207/1044/1021
f 4206/1041/1020 4205/1040/1019 4209/1046/1023 4210/1047/1024
f 4204/1043/1018 4199/1048/1013 4208/1049/1022
f 4207/1044/1021 4206/1041/1020 4210/1047/1024 4211/1050/1025
f 4205/1040/1019 4204/1043/1018 4208/1049/1022 4209/1046/1023
f 4228/1051/1042 4207/1044/1021 4211/1050/1025
f 4210/1047/1024 4209/1046/1023 4213/1052/1027 4214/1053/1028
f 4208/1049/1022 4199/1054/1013 4212/1055/1026
f 4211/1050/1025 4210/1047/1024 4214/1053/1028 4215/1056/1029
f 4209/1046/1023 4208/1049/1022 4212/1055/1026 4213/1052/1027
f 4228/1057/1042 4211/1050/1025 4215/1056/1029
f 4214/1053/1028 4213/1052/1027 4217/1058/1031 4218/1059/1032
f 4212/1055/1026 4199/1060/1013 4216/1061/1030
f 4215/1056/1029 4214/1053/1028 4218/1059/1032 4219/1062/1033
f 4213/1052/1027 4212/1055/1026 4216/1061/1030 4217/1058/1031
f 4228/1063/1042 4215/1056/1029 4219/1062/1033
f 4218/1059/1032 4217/1058/1031 4221/1064/1035 4222/1065/1036
f 4216/1061/1030 4199/1066/1013 4220/1067/1034
f 4219/1062/1033 4218/1059/1032 4222/1065/1036 4223/1068/1037
f 4217/1058/1031 4216/1061/1030 4220/1067/1034 4221/1064/1035
f 4228/1069/1042 4219/1062/1033 4223/1068/1037
f 4222/1065/1036 4221/1064/1035 4225/1070/1039 4226/1071/1040
f 4220/1067/1034 4199/1072/1013 4224/1073/1038
f 4223/1068/1037 4222/1065/1036 4226/1071/1040 4227/1074/1041
f 4221/1064/1035 4220/1067/1034 4224/1073/1038 4225/1070/1039
f 4228/1075/1042 4223/1068/1037 4227/1074/1041
f 4226/1076/1040 4225/1077/1039 4230/1078/1044 4231/1079/1045
f 4224/1080/1038 4199/1081/1013 4229/1082/1043
f 4227/1083/1041 4226/1076/1040 4231/1079/1045 4232/1084/1046
f 4225/1077/1039 4224/1080/1038 4229/1082/1043 4230/1078/1044
f 4228/1085/1042 4227/1083/1041 4232/1084/1046
f 4231/1079/1045 4230/1078/1044 4234/1086/1048 4235/1087/1049
f 4229/1082/1043 4199/1088/1013 4233/1089/1047
f 4232/1084/1046 4231/1079/1045 4235/1087/1049 4236/1090/1050
f 4230/1078/1044 4229/1082/1043 4233/1089/1047 4234/1086/1048
f 4228/1091/1042 4232/1084/1046 4236/1090/1050
f 4235/1087/1049 4234/1086/1048 4238/1034/1052 4239/1031/1053
f 4233/1089/1047 4199/1092/1013 4237/1035/1051
f 4236/1090/1050 4235/1087/1049 4239/1031/1053 4240/1030/1054
f 4234/1086/1048 4233/1089/1047 4237/1035/1051 4238/1034/1052
f 4228/1093/1042 4236/1090/1050 4240/1030/1054
o LeftEar
v 0.464788 0.695599 1.272969
v 0.504309 0.673820 1.206949
v 0.505465 0.591247 1.114676
v 0.467813 0.479422 1.031395
v 0.536045 0.652301 1.221496
v 0.556814 0.556429 1.138213
v 0.519162 0.444604 1.054932
v 0.536119 0.634121 1.245873
v 0.556933 0.527014 1.177656
v 0.519281 0.415188 1.094375
v 0.504502 0.626225 1.270770
v 0.505777 0.514237 1.217941
v 0.468125 0.402411 1.134659
v 0.453272 0.631627 1.286677
v 0.422885 0.522979 1.243678
v 0.385233 0.411153 1.160397
v 0.401996 0.648266 1.287517
v 0.339919 0.549901 1.245038
v 0.302267 0.438075 1.161757
v 0.370261 0.669785 1.272971
v 0.288570 0.584719 1.221501
v 0.250918 0.472893 1.138220
v 0.370187 0.687964 1.248593
v 0.288450 0.614134 1.182058
v 0.250799 0.502309 1.098777
v 0.401804 0.695861 1.223696
v 0.339607 0.626911 1.141774
v 0.301955 0.515085 1.058492
v 0.453034 0.690458 1.207790
v 0.422499 0.618169 1.116036
v 0.384847 0.506343 1.032755
vn 0.2254 0.7274 -0.6481
vn 0.1659 0.5525 -0.8168
vn 0.3041 0.9438 -0.1293
vn 0.6302 0.5825 -0.5133
vn 0.5772 0.3538 -0.7360
vn 0.5447 0.8371 0.0499
vn 0.9868 0.1313 0.0949
vn 0.9654 -0.2076 -0.1577
vn 0.6764 0.5914 0.4390
vn 0.6339 -0.3241 0.7022
vn 0.5811 -0.6028 0.5467
vn 0.5470 0.2882 0.7860
vn 0.2300 -0.4131 0.8812
vn 0.1707 -0.6249 0.7619
vn 0.3074 0.1462 0.9403
vn -0.0960 -0.3430 0.9344
vn -0.1659 -0.5525 0.8168
vn 0.0794 0.1952 0.9775
vn -0.4638 -0.0880 0.8816
vn -0.5772 -0.3538 0.7360
vn -0.1177 0.4311 0.8946
vn -0.7711 0.5093 0.3821
vn -0.9654 0.2076 0.1577
vn -0.2138 0.7828 0.5844
vn -0.4674 0.8185 -0.3340
vn -0.5811 0.6028 -0.5467
vn -0.1199 0.9800 0.1585
vn -0.1006 0.7975 -0.5949
vn -0.1707 0.6249 -0.7619
vn 0.0761 0.9928 -0.0920
vn -0.2607 -0.7743 -0.5766
vt 0.700000 0.600000
vt 0.700000 0.800000
vt 0.600000 0.800000
vt 0.600000 0.600000
vt 0.700000 0.400000
vt 0.600000 0.400000
vt 0.650000 1.000000
vt 0.500000 0.800000
vt 0.500000 0.600000
vt 0.500000 0.400000
vt 0.550000 1.000000
vt 0.400000 0.800000
vt 0.400000 0.600000
vt 0.400000 0.400000
vt 0.450000 1.000000
vt 0.300000 0.800000
vt 0.300000 0.600000
vt 0.300000 0.400000
vt 0.350000 1.000000
vt 0.200000 0.800000
vt 0.200000 0.600000
vt 0.200000 0.400000
vt 0.250000 1.000000
vt 0.100000 0.800000
vt 0.100000 0.600000
vt 0.100000 0.400000
vt 0.150000 1.000000
vt 0.000000 0.800000
vt 0.000000 0.600000
vt 0.000000 0.400000
vt 0.050000 1.000000
vt 1.000000 0.600000
vt 1.000000 0.800000
vt 0.900000 0.800000
vt 0.900000 0.600000
vt 1.000000 0.400000
vt 0.900000 0.400000
vt 0.950000 1.000000
vt 0.800000 0.800000
vt 0.800000 0.600000
vt 0.800000 0.400000
vt 0.850000 1.000000
vt 0.750000 1.000000
s 0
f 4270/1094/1055 4269/1095/1055 4242/1096/1055 4243/1097/1055
f 4271/1098/1056 4270/1094/1056 4243/1097/1056 4244/1099/1056
f 4269/1095/1057 4241/1100/1057 4242/1096/1057
f 4243/1097/1058 4242/1096/1058 4245/1101/1058 4246/1102/1058
f 4244/1099/1059 4243/1097/1059 4246/1102/1059 4247/1103/1059
f 4242/1096/1060 4241/1104/1060 4245/1101/1060
f 4246/1102/1061 4245/1101/1061 4248/1105/1061 4249/1106/1061
f 4247/1103/1062 4246/1102/1062 4249/1106/1062 4250/1107/1062
f 4245/1101/1063 4241/1108/1063 4248/1105/1063
f 4249/1106/1064 4248/1105/1064 4251/1109/1064 4252/1110/1064
f 4250/1107/1065 4249/1106/1065 4252/1110/1065 4253/1111/1065
f 4248/1105/1066 4241/1112/1066 4251/1109/1066
f 4252/1110/1067 4251/1109/1067 4254/1113/1067 4255/1114/1067
f 4253/1111/1068 4252/1110/1068 4255/1114/1068 4256/1115/1068
f 4251/1109/1069 4241/1116/1069 4254/1113/1069
f 4255/1114/1070 4254/1113/1070 4257/1117/1070 4258/1118/1070
f 4256/1115/1071 4255/1114/1071 4258/1118/1071 4259/1119/1071
f 4254/1113/1072 4241/1120/1072 4257/1117/1072
f 4258/1118/1073 4257/1117/1073 4260/1121/1073 4261/1122/1073
f 4259/1119/1074 4258/1118/1074 4261/1122/1074 4262/1123/1074
f 4257/1117/1075 4241/1124/1075 4260/1121/1075
f 4261/1125/1076 4260/1126/1076 4263/1127/1076 4264/1128/1076
f 4262/1129/1077 4261/1125/1077 4264/1128/1077 4265/1130/1077
f 4260/1126/1078 4241/1131/1078 4263/1127/1078
f 4264/1128/1079 4263/1127/1079 4266/1132/1079 4267/1133/1079
f 4265/1130/1080 4264/1128/1080 4267/1133/1080 4268/1134/1080
f 4263/1127/1081 4241/1135/1081 4266/1132/1081
f 4267/1133/1082 4266/1132/1082 4269/1095/1082 4270/1094/1082
f 4268/1134/1083 4267/1133/1083 4270/1094/1083 4271/1098/1083
f 4266/1132/1084 4241/1136/1084 4269/1095/1084
f 4244/1099/1085 4247/1103/1085 4250/1107/1085 4253/1111/1085 4256/1115/1085 4259/1119/1085 4262/1129/1085 4265/1130/1085 4268/1134/1085 4271/1098/1085
o RightEar
v -0.396130 0.715354 1.257676
v -0.350198 0.699408 1.194187
v -0.324766 0.612896 1.109319
v -0.329547 0.488861 1.035489
v -0.314475 0.688107 1.210859
v -0.266964 0.594611 1.136294
v -0.271746 0.470576 1.062464
v -0.310505 0.672574 1.236699
v -0.260541 0.569476 1.178105
v -0.265323 0.445441 1.104274
v -0.339806 0.658740 1.261837
v -0.307951 0.547093 1.218779
v -0.312732 0.423058 1.144949
v -0.391184 0.651890 1.276671
v -0.391083 0.536010 1.242782
v -0.395865 0.411975 1.168951
v -0.445016 0.654642 1.275536
v -0.478185 0.540462 1.240944
v -0.482967 0.416427 1.167114
v -0.480740 0.665942 1.258864
v -0.535987 0.558747 1.213969
v -0.540768 0.434712 1.140139
v -0.484709 0.681476 1.233024
v -0.542410 0.583881 1.172159
v -0.547191 0.459846 1.098328
v -0.455409 0.695310 1.207886
v -0.495000 0.606264 1.131484
v -0.499782 0.482230 1.057654
v -0.404030 0.702159 1.193051
v -0.411868 0.617347 1.107482
v -0.416650 0.493312 1.033651
vn 0.0510 0.7070 -0.7054
vn 0.0442 0.5097 -0.8592
vn 0.0543 0.9770 -0.2061
vn 0.4749 0.6835 -0.5544
vn 0.4900 0.4318 -0.7572
vn 0.3083 0.9512 -0.0159
vn 0.9158 0.3904 0.0940
vn 0.9909 0.0386 -0.1290
vn 0.4862 0.7799 0.3941
vn 0.6729 -0.0911 0.7341
vn 0.6989 -0.3855 0.6024
vn 0.4281 0.4821 0.7644
vn 0.3000 -0.2675 0.9156
vn 0.3012 -0.4963 0.8142
vn 0.2284 0.2955 0.9276
vn -0.0346 -0.2806 0.9592
vn -0.0442 -0.5097 0.8592
vn -0.0056 0.2863 0.9581
vn -0.4538 -0.1350 0.8808
vn -0.4900 -0.4318 0.7572
vn -0.2541 0.4556 0.8532
vn -0.8884 0.3201 0.3289
vn -0.9909 -0.0386 0.1290
vn -0.4275 0.7443 0.5131
vn -0.6517 0.6396 -0.4077
vn -0.6989 0.3855 -0.6024
vn -0.3739 0.9246 0.0730
vn -0.2836 0.6939 -0.6618
vn -0.3012 0.4963 -0.8142
vn -0.1797 0.9679 -0.1756
vn -0.0331 -0.8588 -0.5112
vt 0.700000 0.600000
vt 0.700000 0.800000
vt 0.600000 0.800000
vt 0.600000 0.600000
vt 0.700000 0.400000
vt 0.600000 0.400000
vt 0.650000 1.000000
vt 0.500000 0.800000
vt 0.500000 0.600000
vt 0.500000 0.400000
vt 0.550000 1.000000
vt 0.400000 0.800000
vt 0.400000 0.600000
vt 0.400000 0.400000
vt 0.450000 1.000000
vt 0.300000 0.800000
vt 0.300000 0.600000
vt 0.300000 0.400000
vt 0.350000 1.000000
vt 0.200000 0.800000
vt 0.200000 0.600000
vt 0.200000 0.400000
vt 0.250000 1.000000
vt 0.100000 0.800000
vt 0.100000 0.600000
vt 0.100000 0.400000
vt 0.150000 1.000000
vt 0.000000 0.800000
vt 0.000000 0.600000
vt 0.000000 0.400000
vt 0.050000 1.000000
vt 1.000000 0.600000
vt 1.000000 0.800000
vt 0.900000 0.800000
vt 0.900000 0.600000
vt 1.000000 0.400000
vt 0.900000 0.400000
vt 0.950000 1.000000
vt 0.800000 0.800000
vt 0.800000 0.600000
vt 0.800000 0.400000
vt 0.850000 1.000000
vt 0.750000 1.000000
s 0
f 4301/1137/1086 4300/1138/1086 4273/1139/1086 4274/1140/1086
f 4302/1141/1087 4301/1137/1087 4274/1140/1087 4275/1142/1087
f 4300/1138/1088 4272/1143/1088 4273/1139/1088
f 4274/1140/1089 4273/1139/1089 4276/1144/1089 4277/1145/1089
f 4275/1142/1090 4274/1140/1090 4277/1145/1090 4278/1146/1090
f 4273/1139/1091 4272/1147/1091 4276/1144/1091
f 4277/1145/1092 4276/1144/1092 4279/1148/1092 4280/1149/1092
f 4278/1146/1093 4277/1145/1093 4280/1149/1093 4281/1150/1093
f 4276/1144/1094 4272/1151/1094 4279/1148/1094
f 4280/1149/1095 4279/1148/1095 4282/1152/1095 4283/1153/1095
f 4281/1150/1096 4280/1149/1096 4283/1153/1096 4284/1154/1096
f 4279/1148/1097 4272/1155/1097 4282/1152/1097
f 4283/1153/1098 4282/1152/1098 4285/1156/1098 4286/1157/1098
f 4284/1154/1099 4283/1153/1099 4286/1157/1099 4287/1158/1099
f 4282/1152/1100 4272/1159/1100 4285/1156/1100
f 4286/1157/1101 4285/1156/1101 4288/1160/1101 4289/1161/1101
f 4287/1158/1102 4286/1157/1102 4289/1161/1102 4290/1162/1102
f 4285/1156/1103 4272/1163/1103 4288/1160/1103
f 4289/1161/1104 4288/1160/1104 4291/1164/1104 4292/1165/1104
f 4290/1162/1105 4289/1161/1105 4292/1165/1105 4293/1166/1105
f 4288/1160/1106 4272/1167/1106 4291/1164/1106
f 4292/1168/1107 4291/1169/1107 4294/1170/1107 4295/1171/1107
f 4293/1172/1108 4292/1168/1108 4295/1171/1108 4296/1173/1108
f 4291/1169/1109 4272/1174/1109 4294/1170/1109
f 4295/1171/1110 4294/1170/1110 4297/1175/1110 4298/1176/1110
f 4296/1173/1111 4295/1171/1111 4298/1176/1111 4299/1177/1111
f 4294/1170/1112 4272/1178/1112 4297/1175/1112
f 4298/1176/1113 4297/1175/1113 4300/1138/1113 4301/1137/1113
f 4299/1177/1114 4298/1176/1114 4301/1137/1114 4302/1141/1114
f 4297/1175/1115 4272/1179/1115 4300/1138/1115
f 4275/1142/1116 4278/1146/1116 4281/1150/1116 4284/1154/1116 4287/1158/1116 4290/1162/1116 4293/1172/1116 4296/1173/1116 4299/1177/1116 4302/1141/1116
